{"items":[{"id":"000|e2a48dd5-a4cf-47c2-815b-882882da6736","title":{"fr":"Le plus choisi"},"configuration":{"printingmethod":"raw_material","copies":1,"printtype":"00","size":"accessories","material":"accessories","urgency":"standard","adhesive_magnet":"adhesive_magnet","summary_image":"adhesive_magnet"},"printManaged":true,"customerName":"Marco Westerhof","createdAt":1672151919566,"isVisibleInApp":true,"sku":"adhesive-magnet"},{"id":"91569f4d-1da9-4c75-a52b-3af8e039af06","title":{"fr":"Le plus choisi"},"configuration":{"printingmethod":"raw_material","copies":1,"material":"accessories","printtype":"00","size":"accessories","urgency":"standard","adhesive_magnet":"adhesive_magnet","summary_image":null},"printManaged":true,"customerName":"Marco Westerhof","createdAt":1696427105297,"isVisibleInApp":false,"accessoryName":"Adhesive magnet","sku":"adhesive-magnet"}]}