{"items":[{"id":"000|b8ddfe65-654f-4bab-a25b-6b8927ebd443","title":{"fr":"Le plus choisi"},"configuration":{"finish_left":"hem_eyelets_30","finish_right":"hem_eyelets_30","all_sides_equal_finish":"yes","summary_image":"banners","finish_top":"hem_eyelets_30","finish_banner_each_side_different":null,"specific_customer_options":null,"printingmethod":"lfp_latex_320","copies":1,"size":"100_x100_cm","packaging_extras":"packaging_banner","material":"510gr_pvc","printtype":"40","urgency":"standard","designs":null,"finish_bottom":"hem_eyelets_30"},"printManaged":true,"customerName":"Jordy Meulman","isVisibleInApp":true,"sku":"banners"},{"id":"0ddbac42-6373-4d37-a36b-c758571c77dc","title":{"fr":"Le plus choisi"},"configuration":{"finish_left":"hem_eyelets_30","finish_right":"hem_eyelets_30","all_sides_equal_finish":"yes","summary_image":"banners","finish_top":"hem_eyelets_30","finish_banner_each_side_different":null,"printingmethod":"lfp_latex_320","specific_customer_options":null,"copies":1,"printtype":"40","material":"280gr_mesh_b1","packaging_extras":"packaging_banner","size":"100_x100_cm","urgency":"standard","finish_bottom":"hem_eyelets_30"},"printManaged":true,"customerName":"Jordy Meulman","isVisibleInApp":true,"sku":"banners"},{"id":"134bd028-c716-4f4b-afd4-6c4ecee62d40","title":{"fr":"Le plus choisi"},"configuration":{"finish_left":"cutting","finish_right":"cutting","all_sides_equal_finish":"yes","summary_image":null,"finish_top":"cutting","printingmethod":"lfp_latex_320","copies":1,"printtype":"40","packaging_extras":"packaging_banner","size":"custom","material":"510gr_pvc","urgency":"standard","designs":null,"finish_bottom":"cutting"},"printManaged":true,"customerName":"Jordy Meulman","createdAt":1709809350642,"isVisibleInApp":false,"accessoryName":"Explanation preset size","sku":"banners"},{"id":"42436945-0631-457a-833a-8aad8cb778fd","title":{"fr":"Le plus choisi"},"configuration":{"finish_left":"hem_eyelets_30","finish_right":"hem_eyelets_30","all_sides_equal_finish":"yes","summary_image":"banners","finish_top":"hem_eyelets_30","finish_banner_each_side_different":null,"specific_customer_options":null,"printingmethod":"lfp_dye_sublimation","copies":1,"material":"280gr_pes_outdoor","size":"100_x100_cm","printtype":"40","packaging_extras":"packaging_textile","urgency":"standard","finish_bottom":"hem_eyelets_30"},"printManaged":true,"customerName":"Jordy Meulman","isVisibleInApp":true,"sku":"banners"},{"id":"857d41c6-67e7-451c-b6e4-9ce050b9d1fb","title":{"fr":"Le plus choisi"},"configuration":{"finish_left":"eyelets_30","finish_right":"eyelets_30","all_sides_equal_finish":"yes","summary_image":"banners","finish_top":"eyelets_30","finish_banner_each_side_different":null,"printingmethod":"lfp_latex_320","specific_customer_options":null,"copies":1,"material":"610gr_blockout","printtype":"44","packaging_extras":"packaging_banner","size":"100_x100_cm","urgency":"standard","finish_bottom":"eyelets_30"},"printManaged":true,"customerName":"Jordy Meulman","isVisibleInApp":true,"sku":"banners"}]}