{"items":[{"id":"49b36fdc-5bdd-4aaf-906e-a9cfaa404d51","title":{"fr":"Le plus choisi"},"configuration":{"accessories_flags":"rotator_for_baseplate","printingmethod":"raw_material","copies":1,"printtype":"00","material":"accessories","size":"accessories","urgency":"standard","summary_image":null},"printManaged":true,"customerName":"Jordy Meulman","createdAt":1680870107142,"isVisibleInApp":true,"accessoryName":"Loose rotator for base plates","sku":"beachflag-rotators"},{"id":"54526587-16b7-42ae-8959-ad11cda1b7bf","title":{"fr":"Le plus choisi"},"configuration":{"accessories_flags":"rotator_for_watertank","printingmethod":"raw_material","copies":1,"printtype":"00","material":"accessories","size":"accessories","urgency":"standard","summary_image":null},"printManaged":true,"customerName":"Jordy Meulman","createdAt":1696604518591,"isVisibleInApp":false,"accessoryName":"Loose rotator for umbrella bases","sku":"beachflag-rotators"}]}