{"items":[{"id":"000|3a60118a-a240-4f59-bb27-b246fd067c0e","title":{"fr":"Le plus choisi"},"configuration":{"color":"white","flag_types":"beach_flag_straight","flag_systems":"beachpole_medium","printingmethod":"lfp_dye_sublimation","copies":1,"printtype":"40","packaging_extras":"packaging_banner","material":"110gr_flag","size":"beach_flag_medium","finish_side":"left","urgency":"standard","custom_shape":"clean_cut_flags","designs":null,"flag_finish":"beachflag","beachflag_configuration":"beachflag_pole"},"printManaged":true,"customerName":"Jordy Meulman","createdAt":1668450739942,"isVisibleInApp":true,"sku":"beachflags"}]}