{"items":[{"id":"000|5c79fa6e-6ef4-4da2-89e2-7a6e42ab9108","title":{"fr":"Le plus choisi"},"configuration":{"clean_cut":"yes","businesscard_creasing":null,"delivery":"default_businesscard","drillholes":null,"perforation":null,"personalize":null,"fold":"no_fold","printingmethod":"digital","rounded_corners":null,"copies":100,"material":"350gr_silk_mc","size":"bc","printtype":"44","die_cut":null,"urgency":"standard","plano_delivery":null,"sheet_size":"not_defined","variable_creasing_line":null,"finish":"geen","spot_finish":"none","spot_foil":null,"folded":null,"bundle":null,"spot_finish_back":"none"},"printManaged":true,"customerName":"Robbert Visser","isVisibleInApp":true,"sku":"businesscards"}]}