{"items":[{"id":"000|40d3d704-e73c-4bef-9a54-5524aa4581f9","title":{"fr":"Le plus choisi"},"configuration":{"delivery":"none","color":"red_white_hat","summary_image":"christmas-hats","personalize":"none","textile_sizes":"one_size","brezo_article":"ara.4001.g009","printingmethod":"heat_transfer","copies":5,"packaging_extras":"none","size":"200_x_29_mm_hat","printtype":"40","material":"polyester","urgency":"standard","type_of_hat":"christmas_hat"},"printManaged":true,"customerName":"Nadine Emaus","createdAt":1692100993032,"isVisibleInApp":true,"sku":"christmas-hats"},{"id":"81b031ab-5fb7-43d8-ad1d-e2d3cd4fbcd8","title":{"fr":"Énchantillon"},"configuration":{"delivery":"shipping_brz","color":"red_white_hat","summary_image":"christmas-hats","personalize":"none","handling_costs":null,"brezo_article":"ara.4001.g009","printingmethod":"sample","copies":1,"size":"200_x_29_mm_hat","printtype":"00","material":"polyester","packaging_extras":null,"urgency":"standard","type_of_hat":"christmas_hat"},"printManaged":true,"customerName":"Merel Vullings","createdAt":1692103612659,"isVisibleInApp":true,"sku":"christmas-hats"}]}