{"items":[{"id":"000|57fec8d4-8036-42f7-bc04-0ad706acf4b5","title":{"fr":"Le plus choisi"},"configuration":{"white_print":"none","accessories":null,"drillholes":"none","summary_image":"dibond","printingmethod":"lfp_uv","copies":1,"packaging_extras":"packaging_plate","size":"100_x_100_cm","printtype":"40","material":"3mm_dibond_budget","urgency":"standard","custom_shape":"clean_cut","finish":"none","vcut":null},"printManaged":true,"customerName":"Jordy Meulman","isVisibleInApp":true,"sku":"dibond"}]}