{"items":[{"id":"20775059-303c-4f08-bd72-3894640eb0f3","title":{"fr":"Le plus choisi"},"configuration":{"article_number":"10042907","printingmethod":"digital","printing_size":"rainponcho","copies":250,"size":"120_x_90_cm","material":"33gr_pe_plastic","printtype":"00","color":"black_rain_poncho","urgency":"standard","brand_name":null,"summary_image":"disposable-rain-poncho","display_extra":"paper_sticker"},"printManaged":true,"isVisibleInApp":true,"sku":"disposable-rain-poncho"},{"id":"d30c00a7-c873-4daa-ac80-12ff069bef6d","title":{"fr":"Échantillon"},"configuration":{"article_number":"10042907","delivery":"sample_shipping_pf","printing_size":"rainponcho","printingmethod":"sample","copies":1,"size":"120_x_90_cm","material":"33gr_pe_plastic","printtype":"00","color":"pink_rain_poncho","urgency":"standard","summary_image":"disposable-rain-poncho","display_extra":null},"printManaged":true,"customerName":"Merel Vullings","createdAt":1681199349016,"isVisibleInApp":true,"sku":"disposable-rain-poncho"}]}