{"items":[{"id":"000|6a510799-fc16-43dc-b0f0-b7356402aed3","title":{"fr":"Le plus choisi"},"configuration":{"printingmethod":"lfp_uv","copies":20,"size":"kubus_20_x_20_x_20_cm","printtype":"40","material":"1.5mm_corrugated_cardboard","urgency":"standard","custom_shape":"custom_shape_complex","product_size":"kubus_20x20x20_cm","designs":null,"summary_image":"display-cube"},"printManaged":true,"customerName":"Anne Bulten","createdAt":1680185126381,"isVisibleInApp":true,"sku":"display-cube"},{"id":"326f9ee3-08ef-4a02-8f5d-93cb26ea516b","title":{"fr":"Carton ondulé"},"configuration":{"printingmethod":"lfp_uv","copies":50,"printtype":"40","material":"1.5mm_corrugated_cardboard","size":"kubus_20_x_20_x_20_cm","urgency":"standard","custom_shape":"custom_shape_complex","width":631,"product_size":"kubus_20x20x20_cm","designs":null,"summary_image":"display-cube","height":479.5},"printManaged":true,"customerName":"Anne Bulten","createdAt":1683208233653,"isVisibleInApp":true,"sku":"display-cube"},{"id":"4def3ae0-97a9-4d8a-acce-856a2437ab98","title":{"fr":"MultiCard®"},"configuration":{"printingmethod":"digital_die_cut","copies":50,"size":"kubus_20_x_20_x_20_cm_sulfaat","printtype":"40","material":"300gr_sbs","urgency":"standard","product_size":"kubus_20x20x20_cm","designs":null,"summary_image":"display-cube"},"printManaged":true,"customerName":"Anne Bulten","createdAt":1683208159492,"isVisibleInApp":false,"sku":"display-cube"},{"id":"8b9db77b-603d-42b2-a1ff-290abdb98d22","title":{"fr":"Re-board®"},"configuration":{"printingmethod":"lfp_uv","copies":50,"material":"10mm_reboard","printtype":"40","size":"kubus_20_x_20_x20_cm_reboard","urgency":"standard","custom_shape":"custom_shape_complex","width":"430.4","product_size":"kubus_20x20x20_cm","designs":null,"summary_image":"display-cube","height":"620.4"},"printManaged":true,"customerName":"Anne Bulten","createdAt":1683208297700,"isVisibleInApp":true,"sku":"display-cube"}]}