{"items":[{"id":"21f6b813-c338-4b9b-9524-9ea2bb7f2fa7","title":{"fr":"Le plus choisi"},"configuration":{"article_number":"60105","printing_size":"50_x_7_mm","color":"blue-02","weight":"11_gram","summary_image":"eve-pen","packaging_quantity":"packed_per_1000","printingmethod":"digital_uv","brezo_article":"vvp.eve.j296","copies":50,"printtype":"40","size":"142x12mm_pen","material":"11gr_plastic","urgency":"standard","display_extra":"blue_inkvilling"},"printManaged":true,"customerName":"Nadine Emaus","isVisibleInApp":true,"sku":"eve-pen"},{"id":"5f962e60-d816-44ab-b20a-a445c3da4252","title":{"fr":"Sample"},"configuration":{"article_number":"60105","printing_size":"50_x_7_mm","color":"red-03","weight":"11_gram","packaging_quantity":"packed_per_1000","summary_image":"eve-pen","brezo_article":"vvp.eve.g098","printingmethod":"sample","copies":1,"material":"11gr_plastic","printtype":"00","size":"142x12mm_pen","urgency":"standard","display_extra":"blue_inkvilling"},"printManaged":true,"customerName":"Nadine Emaus","isVisibleInApp":true,"sku":"eve-pen"}]}