{"items":[{"id":"000|7a06c204-8543-4115-ba50-eba8ff856898","title":{"fr":"Le plus choisi"},"configuration":{"facade_pole_holder":"aluminum_facade_pole_holder","printingmethod":"raw_material","copies":1,"material":"accessories","printtype":"00","size":"accessories","packaging_extras":"packaging_handling","urgency":"standard","summary_image":"facade-pole-holder"},"printManaged":true,"customerName":"Marco Westerhof","createdAt":1701333919530,"isVisibleInApp":true,"accessoryName":"","sku":"facade-pole-holder"},{"id":"114737ed-4bcc-42f0-8668-455b4dd2e175","title":{"fr":"Support en aluminium"},"configuration":{"facade_pole_holder":"aluminum_facade_pole_holder","printingmethod":"raw_material","copies":1,"material":"accessories","size":"accessories","printtype":"00","packaging_extras":"packaging_handling","urgency":"standard","summary_image":null,"supplier_shipment":null},"printManaged":true,"customerName":"Marco Westerhof","createdAt":1696413989748,"isVisibleInApp":false,"accessoryName":"Aluminium facade pole holder","sku":"facade-pole-holder"},{"id":"f0d152e6-2d2e-4524-a31a-4edb4a1eddde","title":{"fr":"Support noir en aluminium"},"configuration":{"printingmethod":"raw_material","facade_pole_holder":"black_aluminum_facade_pole_holder","copies":1,"material":"accessories","printtype":"00","size":"accessories","packaging_extras":"packaging_handling","urgency":"standard","summary_image":null,"supplier_shipment":null},"printManaged":true,"customerName":"Marco Westerhof","createdAt":1696414039734,"isVisibleInApp":false,"accessoryName":"Black facade pole holder","sku":"facade-pole-holder"}]}