{"items":[{"id":"000|66f039f7-6cb7-4d98-868b-6e504b45d35a","title":{"fr":"Le plus choisi"},"configuration":{"printingmethod":"lfp_latex_160","copies":1,"size":"100_x_100_cm","material":"monomeric_white_matt_ijm715","printtype":"40","packaging_extras":"packaging_vinyl","urgency":"standard","custom_shape":"clean_cut_stickers","finish":"geen","designs":null,"summary_image":null},"printManaged":true,"customerName":"Marco Westerhof","createdAt":1686043153692,"isVisibleInApp":true,"sku":"floor-decal"}]}