{"items":[{"id":"32137c73-627a-4f58-b12a-97d92e1780e4","title":{},"configuration":{"clean_cut":"yes","perforation":null,"variants":[],"pallet_delivery":null,"copies":500,"die_cut":null,"printtype":"44","urgency":"standard","finish":"geen","bundle":null,"spot_finish_back":"none","delivery":"box_max_weight_15_kg","sealed":null,"drillholes":null,"deliveryPromise":0,"personalize":null,"rounded_corners":null,"specific_customer_options":null,"printingmethod":"offset","size":"a5","material":"135gr_gesatineerd_mc","_accessories":{},"standard_bundle":"yes","cross_bundle":"no","sheet_size":"not_defined","variable_creasing_line":null,"box_delivery":15,"spot_finish":"none"},"printManaged":false,"customerName":"Pascal Abeillon","createdAt":1700897856450,"isVisibleInApp":true,"sku":"flyers"},{"id":"000|338227d5-ce6c-4d81-a9a3-3eeaf5513c7b","title":{"fr":"Le plus choisi"},"configuration":{"clean_cut":"yes","delivery":"box_max_weight_25_kg","sealed":null,"drillholes":null,"perforation":null,"personalize":null,"pallet_delivery":null,"rounded_corners":null,"specific_customer_options":null,"printingmethod":"offset","copies":500,"printtype":"44","die_cut":null,"size":"a5","material":"135gr_gesatineerd_mc","urgency":"standard","standard_bundle":null,"cross_bundle":null,"sheet_size":null,"variable_creasing_line":null,"finish":"geen","spot_finish":"none","bundle":null,"spot_finish_back":"none"},"printManaged":true,"isVisibleInApp":true,"sku":"flyers"}]}