{"items":[{"id":"000|cf0f5a13-8cd0-4091-87f0-3686aee7cc06","title":{},"configuration":{"product_size":"a5_folder_holder","summary_image":"folder_display","printingmethod":"lfp_uv","copies":1,"size":"a5_folder_holder_reboard","material":"10mm_reboard","printtype":"40","urgency":"standard","custom_shape":"custom_shape_multiple","width":400,"finish":"none","designs":null,"height":589},"printManaged":true,"customerName":"roy.vankooten@print.com","createdAt":1724743771802,"isVisibleInApp":true,"accessoryName":"","sku":"folder-display"},{"id":"a74f67db-7f3a-4ea2-ac77-bfa49cfaad5c","title":{"fr":"Re-board®"},"configuration":{"product_size":"a5_folder_holder","summary_image":"folder_display","printingmethod":"lfp_uv","copies":10,"size":"a5_folder_holder_reboard","printtype":"40","material":"10mm_reboard","urgency":"standard","custom_shape":"custom_shape_multiple","width":400,"finish":"none","designs":null,"height":589},"printManaged":true,"customerName":"Anne Bulten","createdAt":1680177761108,"isVisibleInApp":true,"sku":"folder-display"}]}