{"items":[{"id":"000|2e32dd56-82bc-410c-98c6-0205a95a6da2","title":{"fr":"Le plus choisi"},"configuration":{"clean_cut":"yes","perforation":null,"pallet_delivery":null,"copies":1000,"die_cut":null,"printtype":"44","urgency":"standard","plano_delivery":null,"creasing":"no","finish":"geen","bundle":null,"spot_finish_back":"none","delivery":"box_max_weight_25_kg","sealed":null,"personalize":null,"loop_stitches":null,"fold":"single_4","printingmethod":"offset","material":"135gr_gesatineerd_mc","size":"a5","standard_bundle":null,"cross_bundle":null,"sheet_size":null,"box_delivery":null,"spot_finish":null,"folded":"yes"},"printManaged":true,"customerName":"Jelmer Plaggenborg","createdAt":1678795951638,"isVisibleInApp":true,"sku":"folders"},{"id":"7dc95134-7809-47f9-9f30-381c4ae5fff1","title":{"fr":"Dorure à chaud"},"configuration":{"clean_cut":null,"perforation":null,"pallet_delivery":null,"copies":100,"printtype":"44","die_cut":null,"urgency":"standard","plano_delivery":null,"creasing":null,"finish":"double_sided_matt_lamination","bundle":null,"spot_finish_back":"foil_gold","delivery":"box_max_weight_25_kg","sealed":null,"personalize":null,"loop_stitches":null,"fold":"single_4","printingmethod":"digital","size":"a5","material":"350gr_silk_mc","standard_bundle":null,"cross_bundle":null,"sheet_size":null,"spot_finish":"foil_gold","folded":null},"printManaged":true,"customerName":"Roy van Kooten","isVisibleInApp":true,"sku":"folders"},{"id":"8c07d4bf-6db0-407c-80f1-d5224add688c","title":{"fr":"Vernis UV repéré"},"configuration":{"clean_cut":null,"perforation":null,"pallet_delivery":null,"copies":500,"die_cut":null,"printtype":"44","urgency":"standard","plano_delivery":null,"creasing":null,"finish":"double_sided_matt_lamination","bundle":null,"spot_finish_back":"embossed_partial_gloss_40","delivery":"box_max_weight_25_kg","sealed":null,"personalize":null,"loop_stitches":null,"fold":"single_4","printingmethod":"digital","size":"a5","material":"350gr_silk_mc","standard_bundle":null,"cross_bundle":null,"sheet_size":null,"spot_finish":"embossed_partial_gloss_40","folded":null},"printManaged":true,"customerName":"Roy van Kooten","isVisibleInApp":true,"sku":"folders"},{"id":"b302fcb9-dff8-4797-8c49-bfcd23d721f2","title":{"fr":"Le plus choisi"},"configuration":{"clean_cut":null,"perforation":null,"pallet_delivery":null,"copies":1000,"printtype":"44","die_cut":null,"urgency":"standard","plano_delivery":null,"finish":"geen","creasing":"no","bundle":null,"spot_finish_back":"none","delivery":"box_max_weight_25_kg","sealed":null,"personalize":null,"loop_stitches":null,"fold":"single_4","printingmethod":"offset","material":"135gr_gesatineerd_mc","size":"a5","standard_bundle":null,"cross_bundle":null,"sheet_size":null,"spot_finish":"none","folded":"yes"},"printManaged":true,"customerName":"Roy van Kooten","createdAt":1679403709816,"isVisibleInApp":true,"sku":"folders"}]}