{"items":[{"id":"000|46bedeea-2db3-4e26-aa2d-006c9db46954","title":{"fr":"Le plus choisi"},"configuration":{"printingmethod":"raw_material","copies":1,"color":"aluminium_foot_plates","material":"accessories","printtype":"00","size":"accessories","urgency":"standard","accessories":"foot_plate_8cm_dual"},"printManaged":true,"customerName":"Jordy Meulman","isVisibleInApp":true,"sku":"foot-plates"},{"id":"947cb3a8-df19-48b9-a281-16178599bd77","title":{"fr":"Le plus choisi"},"configuration":{"printingmethod":"raw_material","copies":1,"size":"accessories","color":"aluminium_foot_plates","material":"accessories","printtype":"00","urgency":"standard","accessories":"foot_plate_40cm"},"printManaged":true,"customerName":"Jordy Meulman","createdAt":1696248862507,"isVisibleInApp":false,"accessoryName":"Panel base 40 cm","sku":"foot-plates"},{"id":"cb78ed89-3afd-4c88-a335-0bf5ca44de8c","title":{"fr":"Le plus choisi"},"configuration":{"printingmethod":"raw_material","copies":1,"printtype":"00","size":"accessories","color":"aluminium_foot_plates","material":"accessories","urgency":"standard","accessories":"foot_plate_8cm_dual"},"printManaged":true,"customerName":"Jordy Meulman","createdAt":1696248910934,"isVisibleInApp":false,"accessoryName":"Panel base 8 cm (set of 2)","sku":"foot-plates"}]}