{"items":[{"id":"1b0c28fe-66c5-4cf0-adb6-88dcdcbdfdef","title":{"fr":"Le plus choisi"},"configuration":{"drillholes":"none","summary_image":"forex","printingmethod":"lfp_uv","copies":1,"printtype":"40","packaging_extras":"packaging_plate","material":"3mm_forex","size":"100_x100_cm","urgency":"standard","custom_shape":"clean_cut","width":1000,"finish":"none","height":1000},"printManaged":true,"customerName":"Jordy Meulman","createdAt":1711354164751,"isVisibleInApp":true,"accessoryName":"","sku":"forex"}]}