{"items":[{"id":"000|bb6e6716-e882-4bec-aa49-dfc2e8fd600e","title":{"fr":"Le plus choisi"},"configuration":{"frame_support":null,"frame_finish":"4_sawing_cuts_frame","color":"aluminum","distance_to_frame":null,"mount_frames":"foot_pile_banner_frame_150","summary_image":"free-standing-banner-frame","stabilizers":null,"accessories_frames":"corner_link_42.4_mm_pile_foot_3_mm","stormfix":"0","printingmethod":"raw_material","copies":1,"material":"42mm_aluminum_frame_3mm","size":"100_x_100_cm","printtype":"00","urgency":"standard","frame_connectors":"none","bungee_cord_with_spin_hook":"0","frame":"free_standing_banner_frame"},"printManaged":true,"customerName":"Dennis Fluonia","isVisibleInApp":true,"sku":"free-standing-banner-frame"}]}