{"items":[{"id":"06704654-82ea-4188-a9a6-80780557496d","title":{"fr":"Le plus choisi"},"configuration":{"article_number":"mo9748-05","delivery":"shipping_midocean","color":"red_key_ring","brand_name":"tokenring","summary_image":"key_ring_trolley_euro_token","packaging_quantity":"packed_per_500","printingmethod":"engraving","handling_costs":"handlings_cost_b","copies":100,"size":"2.3_diameter_x_8_cm","material":"12gr_metal","printtype":"10_engraving","urgency":"standard","print_position":"back"},"printManaged":true,"customerName":"Ties Keppels","isVisibleInApp":true,"sku":"key-ring-trolley-euro-token"},{"id":"44af9419-c7f7-4cb1-a51d-70b7cdd3a2ba","title":{"fr":"Sample"},"configuration":{"delivery":"none","article_number":"mo9748-05","color":"red_key_ring","brand_name":"tokenring","packaging_quantity":"packed_per_500","summary_image":"key_ring_trolley_euro_token","handling_costs":"handlings_cost_b","printingmethod":"sample","copies":1,"size":"2.3_diameter_x_8_cm","printtype":"00","material":"12gr_metal","urgency":"standard","print_position":"none"},"printManaged":true,"customerName":"Ties Keppels","createdAt":1681396561242,"isVisibleInApp":true,"sku":"key-ring-trolley-euro-token"}]}