{"items":[{"id":"000|74a2220b-02aa-46fc-ab94-4d365955c1cc","title":{"fr":"Le plus choisi"},"configuration":{"roll_length":null,"shape":"rectangle_sticker__2mm_rounded_corners","copies_per_roll":null,"output_direction":"outer_0","label_dispenser":null,"printingmethod":"digital","handling_costs":null,"copies":100,"size":"50_x_30_mm_label","printtype":"40","material":"80gr_paper_gloss","urgency":"standard","type_glue":"permanent","width":50,"roll_diameter":"40_mm","finish":"single_sided_vernis_gloss","spot_finish":"none","total_length":null,"number_of_rolls":"divide_equally","height":30},"printManaged":true,"customerName":"Roy van Kooten","createdAt":1711032065397,"isVisibleInApp":true,"accessoryName":"","sku":"labels-on-roll"},{"id":"2712e9d0-d62d-4018-b814-bbaaa8e996f4","title":{"fr":"Le plus choisi"},"configuration":{"roll_length":null,"shape":"rectangle_sticker__2mm_rounded_corners","copies_per_roll":null,"output_direction":"outer_0","sample":"none","label_dispenser":null,"printingmethod":"digital","handling_costs":null,"copies":100,"size":"50_x_30_mm_label","printtype":"40","material":"80gr_paper_gloss","type_glue":"permanent","urgency":"standard","roll_diameter":"40_mm","finish":"single_sided_vernis_gloss","spot_finish":"none","total_length":null,"number_of_rolls":"divide_equally"},"printManaged":true,"customerName":"Roy van Kooten","createdAt":1681852667032,"isVisibleInApp":true,"sku":"labels-on-roll"}]}