{"items":[{"id":"000|4fd4c874-453d-4e8c-b873-603662f5d0f4","title":{"fr":"Le plus choisi"},"configuration":{"article_number":"ar1433","summary_image":"letterbox-toner","personalize":"none","printingmethod":"toner","copies":50,"material":"350gr_incada_silk_coated_folding_cardboard","printtype":"40","size":"165_x_265_x_29_mm","urgency":"standard","width":"289.5","sheet_size":"a3+","finish":"none","designs":null,"height":"629.5"},"printManaged":true,"customerName":"Anne Bulten","createdAt":1695652462565,"isVisibleInApp":true,"accessoryName":"","sku":"letterbox-toner"},{"id":"07235f6b-8fa1-4ee3-8fb5-5bf2b9170e7b","title":{"fr":"Sample"},"configuration":{"article_number":"ar1433","printingmethod":"sample","copies":1,"size":"90_x_140_x_30_mm","printtype":"00","material":"350gr_incada_silk_coated_folding_cardboard","urgency":"standard","sheet_size":"a3+","finish":"none","summary_image":"letterbox-toner","personalize":"none"},"printManaged":true,"customerName":"Anne Bulten","createdAt":1695801192086,"isVisibleInApp":true,"accessoryName":"","sku":"letterbox-toner"}]}