{"items":[{"id":"000|d7e46037-8ec9-4f22-a336-b9939399bb63","title":{"fr":"Le plus choisi"},"configuration":{"article_number":"luxury-paper-bag-offset","promotional_bags":null,"color":"cord_white","bag_extras":"none","length_material":"35_cm_cord","summary_image":"luxury-paper-bag-offset","packaging_quantity":"packed_per_120","printingmethod":"offset","copies":500,"size":"paper_bag_cat2_20x8x26cm","printtype":"40","material":"170gr_kraft_white_paper_bag","urgency":"standard","bag_type":"premium_paper_bag","carrying_capacity":"max_6_kg","width":"580","finish":"geen","spot_finish":"none","color_material":null,"height":"365"},"printManaged":true,"customerName":"Anne Bulten","createdAt":1662987972104,"isVisibleInApp":true,"sku":"luxury-paper-bag"},{"id":"3b943d0b-1a92-4756-8c2b-0a631b1c77d4","title":{"fr":"Sample"},"configuration":{"article_number":"sp-offset","color":"cord_white","bag_extras":"none","length_material":"35_cm_cord","packaging_quantity":"packed_per_120","summary_image":"luxury-paper-bag-offset","printingmethod":"sample","copies":1,"material":"170gr_kraft_white_paper_bag","size":"paper_bag_cat3_24x10x30cm","printtype":"00","urgency":"standard","bag_type":"premium_paper_bag","carrying_capacity":"max_6_kg","width":"700","finish":"geen","spot_finish":"none","color_material":"cord_black","height":"415"},"printManaged":true,"customerName":"Anne Bulten","createdAt":1703779291419,"isVisibleInApp":true,"accessoryName":"","sku":"luxury-paper-bag"}]}