{"items":[{"id":"000|b310a9e7-fc98-4348-9927-aedbb0f23dbb","title":{"fr":"Le plus choisi"},"configuration":{"article_number":"06-0600-1292","weight":"15000_grams","summary_image":"ground_plate_heavy","accessories_flags":"ground_plate_heavy","printingmethod":"raw_material","copies":1,"printtype":"00","size":"baseplate_40_40_cm","material":"500gr_powder_coated_steel","urgency":"standard","article_number_2":"06-0600-0287","width":400,"height":400},"printManaged":true,"customerName":"Marco Westerhof","createdAt":1707914648482,"isVisibleInApp":true,"accessoryName":"","sku":"metal-baseplate-heavy-fiberglass-poles"}]}