{"items":[{"id":"000|0175314f-d6e7-41fc-bee0-0b32f0f891d8","title":{"fr":"Le plus choisi"},"configuration":{"accessories_flags":"ground_plate_light","printingmethod":"raw_material","copies":1,"size":"baseplate_40_40_cm","material":"500gr_powder_coated_steel","printtype":"00","urgency":"standard","weight":"6000_grams","summary_image":null},"printManaged":true,"customerName":"Jordy Meulman","isVisibleInApp":true,"accessoryName":"Base plate 6 kg with rotator","sku":"metal-baseplate-fiberglass-poles"}]}