{"items":[{"id":"000|51ed695e-a180-48af-9870-467f700caec7","title":{},"configuration":{"article_number":"121264","printingmethod":"raw_material","copies":24,"printtype":"00","size":"90_x_60_mm_name_badge","material":"transparant_pvc","urgency":"standard","width":60,"lock":"pin","summary_image":"namebagdes","height":90},"printManaged":true,"customerName":"roy.vankooten@print.com","createdAt":1736775741035,"isVisibleInApp":true,"accessoryName":"Name badges 90 x 60 mm pin closure","sku":"namebadges"},{"id":"02a8dc90-232c-49f9-b984-1e1a3bb42716","title":{"fr":"Name badges 60 x 40 mm pin closure"},"configuration":{"article_number":"121262","printingmethod":"raw_material","copies":24,"printtype":"00","size":"60_x_40_mm_name_badge","material":"transparant_pvc","urgency":"standard","width":40,"lock":"pin","summary_image":"namebagdes","height":60},"printManaged":true,"customerName":"roy.vankooten@print.com","createdAt":1737379006852,"isVisibleInApp":false,"accessoryName":"Name badges 60 x 40 mm pin closure","sku":"namebadges"},{"id":"11d29585-25c0-42ac-95b8-e12548dba1e2","title":{"fr":"Name badges 75 x 40 mm pin closure"},"configuration":{"article_number":"121263","printingmethod":"raw_material","copies":24,"printtype":"00","size":"75_x_40_mm_name_badge","material":"transparant_pvc","urgency":"standard","width":40,"lock":"pin","summary_image":"namebagdes","height":75},"printManaged":true,"customerName":"roy.vankooten@print.com","createdAt":1737378955725,"isVisibleInApp":false,"accessoryName":"Name badges 75 x 40 mm pin closure","sku":"namebadges"},{"id":"1df91309-f23e-4c29-80b2-0142d4898f26","title":{"fr":"Name badges 75 x 40 mm magnet closure"},"configuration":{"article_number":"121267","printingmethod":"raw_material","copies":24,"printtype":"00","size":"75_x_40_mm_name_badge","material":"transparant_pvc","urgency":"standard","width":40,"lock":"magnet","summary_image":"namebagdes","height":75},"printManaged":true,"customerName":"roy.vankooten@print.com","createdAt":1737379059641,"isVisibleInApp":false,"accessoryName":"Name badges 75 x 40 mm magnet closure","sku":"namebadges"},{"id":"55e59adb-3c23-4979-afae-a0b8d71cf52d","title":{"fr":"Name badges 90 x 55 mm magnet closure"},"configuration":{"article_number":"121268","printingmethod":"raw_material","copies":24,"printtype":"00","size":"90_x_55_mm_name_badge","material":"transparant_pvc","urgency":"standard","width":55,"lock":"magnet","summary_image":"namebagdes","height":90},"printManaged":true,"customerName":"roy.vankooten@print.com","createdAt":1736851751290,"isVisibleInApp":false,"accessoryName":"Name badges 90 x 55 mm magnet closure","sku":"namebadges"},{"id":"a8146a77-cb2a-4435-bff6-6f2222e173a5","title":{"fr":"Name badges 90 x 60 mm pin closure"},"configuration":{"article_number":"121264","printingmethod":"raw_material","copies":24,"printtype":"00","size":"90_x_60_mm_name_badge","material":"transparant_pvc","urgency":"standard","width":60,"lock":"pin","summary_image":"namebagdes","height":90},"printManaged":true,"customerName":"roy.vankooten@print.com","createdAt":1736852216272,"isVisibleInApp":false,"accessoryName":"Name badges 90 x 60 mm pin closure","sku":"namebadges"}]}