{"items":[{"id":"000|c2a8b64a-6a5d-4e4f-b707-c3051f77b361","title":{},"configuration":{"article_number":"sc080alh","length_material":"80_mm","signclamp":"classic_aluminium","summary_image":null,"display_type":"vertically_on_the_wall","printingmethod":"raw_material","copies":1,"material":"accessories","printtype":"00","size":"accessories","urgency":"standard","width":1,"height":1},"printManaged":true,"customerName":"marco.westerhof@print.com","createdAt":1726142548784,"isVisibleInApp":true,"accessoryName":"","sku":"nameplate-holders"},{"id":"205a8916-6510-4890-ba5d-e8ac6a6cabef","title":{"fr":"Classic black vertically 120 mm"},"configuration":{"article_number":"sc120alhb","length_material":"120_mm","signclamp":"classic_black","summary_image":null,"display_type":"vertically_on_the_wall","printingmethod":"raw_material","copies":1,"size":"accessories","printtype":"00","material":"accessories","urgency":"standard","width":1,"height":1},"printManaged":true,"customerName":"marco.westerhof@print.com","createdAt":1727686397721,"isVisibleInApp":false,"accessoryName":"Classic black vertically 120 mm","sku":"nameplate-holders"},{"id":"2fba1fe9-2666-4d0e-aa98-636ff9d99ab5","title":{"fr":"Classic black vertically 80 mm"},"configuration":{"article_number":"sc080alhb","length_material":"80_mm","signclamp":"classic_black","summary_image":null,"display_type":"vertically_on_the_wall","printingmethod":"raw_material","copies":1,"size":"accessories","printtype":"00","material":"accessories","urgency":"standard","width":1,"height":1},"printManaged":true,"customerName":"marco.westerhof@print.com","createdAt":1727686355487,"isVisibleInApp":false,"accessoryName":"Classic black vertically 80 mm","sku":"nameplate-holders"},{"id":"3be289d5-1bfc-4c96-b548-386975901cab","title":{"fr":"Classic black vertically 180 mm"},"configuration":{"article_number":"sc180alhb","length_material":"180_mm","signclamp":"classic_black","summary_image":null,"display_type":"vertically_on_the_wall","printingmethod":"raw_material","copies":1,"printtype":"00","material":"accessories","size":"accessories","urgency":"standard","width":1,"height":1},"printManaged":true,"customerName":"marco.westerhof@print.com","createdAt":1727686436056,"isVisibleInApp":false,"accessoryName":"Classic black vertically 180 mm","sku":"nameplate-holders"},{"id":"5731e6e2-b2aa-4197-9981-3b9d39bd8b68","title":{"fr":"Classic aluminium vertically 120 mm"},"configuration":{"article_number":"sc120alh","length_material":"120_mm","signclamp":"classic_aluminium","summary_image":null,"display_type":"vertically_on_the_wall","printingmethod":"raw_material","copies":1,"printtype":"00","material":"accessories","size":"accessories","urgency":"standard","width":1,"height":1},"printManaged":true,"customerName":"marco.westerhof@print.com","createdAt":1727686263670,"isVisibleInApp":false,"accessoryName":"Classic aluminium vertically 120 mm","sku":"nameplate-holders"},{"id":"749ad644-a186-4930-ab77-190b6dfd1662","title":{"fr":"Classic aluminium vertically 180 mm"},"configuration":{"article_number":"sc180alh","length_material":"180_mm","signclamp":"classic_aluminium","summary_image":null,"display_type":"vertically_on_the_wall","printingmethod":"raw_material","copies":1,"printtype":"00","size":"accessories","material":"accessories","urgency":"standard","width":1,"height":1},"printManaged":true,"customerName":"marco.westerhof@print.com","createdAt":1727686307932,"isVisibleInApp":false,"accessoryName":"Classic aluminium vertically 180 mm","sku":"nameplate-holders"},{"id":"75c29377-4bdd-4768-8bdd-ead1df3a1578","title":{"fr":"Classic black horizontally 120 mm"},"configuration":{"article_number":"sc120almb","length_material":"120_mm","signclamp":"classic_black","summary_image":null,"display_type":"horizontally_on_the_wall","printingmethod":"raw_material","copies":1,"material":"accessories","size":"accessories","printtype":"00","urgency":"standard","width":1,"height":1},"printManaged":true,"customerName":"marco.westerhof@print.com","createdAt":1727687491152,"isVisibleInApp":false,"accessoryName":"Classic black horizontally 120 mm","sku":"nameplate-holders"},{"id":"917adecb-0c8f-4a54-9411-afc94bacf13d","title":{"fr":"Classic aluminium vertically 80 mm"},"configuration":{"article_number":"sc080alh","length_material":"80_mm","signclamp":"classic_aluminium","summary_image":null,"display_type":"vertically_on_the_wall","printingmethod":"raw_material","copies":1,"material":"accessories","size":"accessories","printtype":"00","urgency":"standard","width":1,"height":1},"printManaged":true,"customerName":"marco.westerhof@print.com","createdAt":1727685875256,"isVisibleInApp":false,"accessoryName":"Classic aluminium vertically 80 mm","sku":"nameplate-holders"},{"id":"9b3a42bc-7e40-41f8-94d2-1150986b2095","title":{"fr":"Classic aluminium horizontally 180 mm"},"configuration":{"article_number":"sc180alm","length_material":"180_mm","signclamp":"classic_aluminium","summary_image":null,"display_type":"horizontally_on_the_wall","printingmethod":"raw_material","copies":1,"size":"accessories","printtype":"00","material":"accessories","urgency":"standard","width":1,"height":1},"printManaged":true,"customerName":"marco.westerhof@print.com","createdAt":1727687389685,"isVisibleInApp":false,"accessoryName":"Classic aluminium horizontally 180 mm","sku":"nameplate-holders"},{"id":"a903a180-57ad-47e0-a5d0-81c94d5d718e","title":{"fr":"Classic aluminium horizontally 120 mm"},"configuration":{"article_number":"sc120alm","length_material":"120_mm","signclamp":"classic_aluminium","summary_image":null,"display_type":"horizontally_on_the_wall","printingmethod":"raw_material","copies":1,"material":"accessories","size":"accessories","printtype":"00","urgency":"standard","width":1,"height":1},"printManaged":true,"customerName":"marco.westerhof@print.com","createdAt":1727687347568,"isVisibleInApp":false,"accessoryName":"Classic aluminium horizontally 120 mm","sku":"nameplate-holders"},{"id":"b54ad738-6acd-477a-bf42-9bed320c6e54","title":{"fr":"Classic black horizontally 80 mm"},"configuration":{"article_number":"sc080almb","length_material":"80_mm","signclamp":"classic_black","summary_image":null,"display_type":"horizontally_on_the_wall","printingmethod":"raw_material","copies":1,"size":"accessories","printtype":"00","material":"accessories","urgency":"standard","width":1,"height":1},"printManaged":true,"customerName":"marco.westerhof@print.com","createdAt":1727687448178,"isVisibleInApp":false,"accessoryName":"Classic black horizontally 80 mm","sku":"nameplate-holders"},{"id":"b8ca6c5b-580a-48f2-9479-7804c9db8f19","title":{"fr":"Classic black horizontally 180 mm"},"configuration":{"article_number":"sc180almb","length_material":"180_mm","signclamp":"classic_black","summary_image":null,"display_type":"horizontally_on_the_wall","printingmethod":"raw_material","copies":1,"printtype":"00","size":"accessories","material":"accessories","urgency":"standard","width":1,"height":1},"printManaged":true,"customerName":"marco.westerhof@print.com","createdAt":1727687528616,"isVisibleInApp":false,"accessoryName":"Classic black horizontally 180 mm","sku":"nameplate-holders"},{"id":"fb249017-9b4a-4957-880f-5e52731c3016","title":{"fr":"Classic aluminium horizontally 80 mm"},"configuration":{"article_number":"sc080alm","length_material":"80_mm","signclamp":"classic_aluminium","summary_image":null,"display_type":"horizontally_on_the_wall","printingmethod":"raw_material","copies":1,"size":"accessories","printtype":"00","material":"accessories","urgency":"standard","width":1,"height":1},"printManaged":true,"customerName":"marco.westerhof@print.com","createdAt":1727687305491,"isVisibleInApp":false,"accessoryName":"Classic aluminium horizontally 80 mm","sku":"nameplate-holders"}]}