{"items":[{"id":"000|28f5feee-b470-4964-afac-ea6e9709349b","title":{"fr":"Le plus choisi"},"configuration":{"printingmethod":"raw_material","copies":1,"size":"accessories","printtype":"00","material":"accessories","urgency":"standard","spacers_glue":null,"accessories":"spacers_glue","width":1,"summary_image":null,"height":1},"printManaged":true,"customerName":"marco.westerhof@print.com","createdAt":1715775380165,"isVisibleInApp":true,"accessoryName":"Nylon-spacers-glue","sku":"nylon-spacers-glue"}]}