{"items":[{"id":"000|f4957993-41ad-439d-b555-7de881468aaa","title":{},"configuration":{"printingmethod":"raw_material","copies":1,"material":"nylon","printtype":"00","size":"spacer_s","urgency":"standard","spacers_l":null,"spacers_m":null,"width":1,"spacers_s":null,"summary_image":"spacers_nylon","height":1},"printManaged":true,"isVisibleInApp":true,"accessoryName":"Nylon spacer S","sku":"nylon-spacers"},{"id":"5ee30d09-f87a-420f-afa7-f17a9cfdac6c","title":{"fr":"Nylon spacer m"},"configuration":{"printingmethod":"raw_material","copies":1,"size":"spacer_m","printtype":"00","material":"nylon","urgency":"standard","width":2,"summary_image":null,"height":2},"printManaged":true,"customerName":"marco.westerhof@print.com","createdAt":1715779606813,"isVisibleInApp":false,"accessoryName":"Nylon Spacer m","sku":"nylon-spacers"},{"id":"ffc3a98f-6695-490d-82b8-1df24a578fe8","title":{"fr":"Nylon spacer l"},"configuration":{"printingmethod":"raw_material","copies":1,"size":"spacer_l","material":"nylon","printtype":"00","urgency":"standard","width":3,"summary_image":null,"height":3},"printManaged":true,"customerName":"marco.westerhof@print.com","createdAt":1715779493352,"isVisibleInApp":false,"accessoryName":"Nylon Spacer l","sku":"nylon-spacers"}]}