{"items":[{"id":"000|56c47f45-209f-4ad7-9f51-1c3eb2be4014","title":{"fr":"Le plus choisi"},"configuration":{"printingmethod":"raw_material","copies":1,"material":"200gr_plastic","printtype":"00","size":"squeegee","urgency":"standard","accessories":"squeegee_plastic","summary_image":"squeegee_plastic"},"printManaged":true,"isVisibleInApp":true,"sku":"oracal-squeegee"},{"id":"8ef5c022-ac92-420a-a7dd-66cb8af52908","title":{"fr":"Le plus choisi"},"configuration":{"printingmethod":"raw_material","copies":1,"size":"squeegee","material":"200gr_plastic","printtype":"00","urgency":"standard","accessories":"squeegee_plastic","summary_image":null},"printManaged":true,"customerName":"Marco Westerhof","createdAt":1696517324404,"isVisibleInApp":false,"accessoryName":"Squeegee","sku":"oracal-squeegee"}]}