{"items":[{"id":"000|55d92a87-abc5-440c-b8a6-ad7d2632379b","title":{"fr":"Le plus choisi"},"configuration":{"sign_mount":null,"printingmethod":"raw_material","copies":1,"size":"7_x_7_cm","printtype":"00","material":"1000gr_metal","material-thickness":null,"urgency":"standard","summary_image":"panel-hanging-plates","panel_hanging_plate":"panel_hanging_plate_70_x_70"},"printManaged":true,"isVisibleInApp":true,"sku":"panel-hanging-plates"},{"id":"5fa85bd7-e031-4855-b168-8f0269a1d06a","title":{"fr":"Le plus choisi"},"configuration":{"printingmethod":"raw_material","copies":1,"size":"10_x_10_cm","material":"1000gr_metal","printtype":"00","urgency":"standard","summary_image":null,"panel_hanging_plate":"panel_hanging_plate_100_x_100"},"printManaged":true,"customerName":"Jordy Meulman","createdAt":1696246722717,"isVisibleInApp":false,"accessoryName":"Panel hanging plate 10 x 10 cm","sku":"panel-hanging-plates"},{"id":"9f791c5f-e5bf-4e32-bd4b-76c48c793506","title":{"fr":"Le plus choisi"},"configuration":{"printingmethod":"raw_material","copies":1,"printtype":"00","size":"10_x_20_cm","material":"1000gr_metal","urgency":"standard","summary_image":null,"panel_hanging_plate":"panel_hanging_plate_100_x_200"},"printManaged":true,"customerName":"Jordy Meulman","createdAt":1696246785038,"isVisibleInApp":false,"accessoryName":"Panel hanging plate 10 x 20 cm","sku":"panel-hanging-plates"},{"id":"d5e2e6d4-da5c-49cc-b61a-3d46b2417002","title":{"fr":"Le plus choisi"},"configuration":{"printingmethod":"raw_material","copies":1,"size":"4.5_x_4.5_cm","material":"1000gr_metal","printtype":"00","urgency":"standard","summary_image":null,"panel_hanging_plate":"panel_hanging_plate_45_x_45"},"printManaged":true,"customerName":"Jordy Meulman","createdAt":1696246648655,"isVisibleInApp":false,"accessoryName":"Panel hanging plate 4.5 x 4.5 cm","sku":"panel-hanging-plates"},{"id":"f8252e16-b944-48ee-9d7c-ee94832e3ad6","title":{"fr":"Le plus choisi"},"configuration":{"printingmethod":"raw_material","copies":1,"printtype":"00","size":"7_x_7_cm","material":"1000gr_metal","urgency":"standard","summary_image":null,"panel_hanging_plate":"panel_hanging_plate_70_x_70"},"printManaged":true,"customerName":"Jordy Meulman","createdAt":1696246696637,"isVisibleInApp":false,"accessoryName":"Panel hanging plate 7 x 7 cm","sku":"panel-hanging-plates"}]}