{"items":[{"id":"000|344ae449-e5e5-4bd6-aa83-bc973533e236","title":{"fr":"Le plus choisi"},"configuration":{"finish_products":null,"score":null,"printingmethod":"lfp_uv","copies":1,"packaging_extras":"packaging_plate","printtype":"40","material":"3.5mm_polypropylene_board_horizontal","size":"100_x100_cm","urgency":"standard","custom_shape":"clean_cut","summary_image":"polypropylene"},"printManaged":true,"customerName":"Marco Westerhof","createdAt":1675685256438,"isVisibleInApp":true,"sku":"polypropylene"}]}