{"items":[{"id":"000|cb5c7fe1-6408-4174-b99d-287bcf52d0b6","title":{"fr":"Le plus choisi"},"configuration":{"clean_cut":"yes","customer_packing_option":"none","delivery":"default","summary_image":null,"printingmethod":"digital","copies":1,"size":"a2","printtype":"40","material":"135gr_gesatineerd_mc","packaging_extras":"packaging_handling","urgency":"standard","custom_shape":null,"sheet_size":null,"finish":"geen"},"printManaged":true,"customerName":"Jelmer Plaggenborg","isVisibleInApp":true,"sku":"posters"}]}