{"items":[{"id":"000|d210ff54-7055-4643-a0fd-ae20263fdb33","title":{"fr":"Le plus choisi"},"configuration":{"drillholes":"none","encoding":null,"summary_image":"pvc-cards","personalize":"none","writing_box":"none","specific_customer_options":null,"printingmethod":"digital","copies":500,"printtype":"44","material":"760gr_pvc","size":"creditcard_landscape","urgency":"standard","finish":"double_sided_gloss_lamination","spot_finish":"none"},"printManaged":true,"customerName":"Marco van Hierden","isVisibleInApp":true,"sku":"pvc-cards"}]}