{"items":[{"id":"2526aadc-9270-42de-b6cb-799e8aad543e","title":{"fr":"Le plus choisi"},"configuration":{"finish_left":"trimmed","finish_right":"trimmed","all_sides_equal_finish":"yes","summary_image":"pvc-510","finish_top":"trimmed","finish_banner_each_side_different":null,"printingmethod":"lfp_latex_320","copies":1,"size":"100_x100_cm","packaging_extras":"packaging_banner","printtype":"40","material":"510gr_pvc","urgency":"standard","finish_bottom":"trimmed"},"printManaged":true,"customerName":"Jordy Meulman","createdAt":1662122022484,"isVisibleInApp":true,"sku":"pvc-510"}]}