{"items":[{"id":"9c0a1d80-7722-476a-8f0a-887c78d8699c","title":{},"configuration":{"article_number":"gogob033pp00tdgf","color":"transparent","bpa_free":"yes","product_weight":"30gr","summary_image":"reusable-cups-all-over","packaging_quantity":"packed_per_500","printingmethod":"digital","copies":10,"size":"33_cc_cup","material":"polypropylene-cups","printtype":"40","urgency":"standard","width":197,"dishwasher_proof":"yes","height":114},"printManaged":true,"customerName":"daphne.odink@print.com","createdAt":1756297717538,"isVisibleInApp":true,"accessoryName":"","regionDefaults":[],"sku":"reusable-cups-all-over"}]}