{"items":[{"id":"000|2ca751ec-ce93-4712-bdb7-068bdd6c6f65","title":{"fr":"Le plus choisi"},"configuration":{"printingmethod":"raw_material","copies":1,"material":"200gr_lamp_aluminium","printtype":"00","size":"lamp","urgency":"standard","accessories":"light_smart_5_watt_led","weight":"460_grams","summary_image":null},"printManaged":true,"isVisibleInApp":true,"sku":"roll-up-banner-light"},{"id":"2e504257-6cf9-40ed-a52f-119d83d106fa","title":{"fr":"Le plus choisi"},"configuration":{"printingmethod":"raw_material","copies":1,"printtype":"00","material":"200gr_lamp_aluminium","size":"lamp","urgency":"standard","accessories":"light_smart_clip_5_watt_led","weight":"460_grams","summary_image":null},"printManaged":true,"customerName":"Marco Westerhof","createdAt":1698328076747,"isVisibleInApp":false,"accessoryName":"LED light with clip","sku":"roll-up-banner-light"},{"id":"8a1efaa6-0857-4164-9b7d-6057e7f8c328","title":{"fr":"Le plus choisi"},"configuration":{"printingmethod":"raw_material","copies":1,"material":"200gr_lamp_aluminium","size":"lamp","printtype":"00","urgency":"standard","accessories":"light_smart_5_watt_led","weight":"460_grams","summary_image":null},"printManaged":true,"customerName":"Marco Westerhof","createdAt":1698328042236,"isVisibleInApp":false,"accessoryName":"LED light","sku":"roll-up-banner-light"}]}