{"items":[{"id":"000|aaa415d0-fc7a-11e8-bc93-b1f2455d739a","title":{"fr":"Le plus choisi"},"configuration":{"clean_cut":null,"summary_image":null,"printingmethod":"lfp_latex_320","roller_banner_bag":"yes","copies":1,"roll_up_banners":"basic","size":"banner_85_x_200","printtype":"40","material":"510gr_pvc","packaging_extras":"roll-up_packaging","urgency":"standard","custom_shape":"clean_cut","roll_up_systems":null,"designs":null,"provide_label":"no"},"printManaged":true,"customerName":"Jordy Meulman","isVisibleInApp":true,"sku":"roller-banners"}]}