{"items":[{"id":"000|9882bc97-ffc1-4a6f-89bf-90cc2a929988","title":{"fr":"Le plus choisi"},"configuration":{"printing_size":null,"thickness":"1_mm","material-thickness":null,"product_size":"160_x_38_mm","color_pens":null,"summary_image":"ruler","printingmethod":"digital_uv","brezo_article":"tp.91270.b019","copies":25,"material":"plastic","size":"20_x_150_mm_ruler","printtype":"40","urgency":"standard","width":150,"height":20},"printManaged":true,"customerName":"Daphne Odink","createdAt":1684761378820,"isVisibleInApp":true,"sku":"ruler"},{"id":"f0a6b23c-fe2b-42c3-bee2-e27b11e2550d","title":{"fr":"Échantillon"},"configuration":{"printing_size":null,"material-thickness":null,"thickness":"1_mm","printtype_back":"unprinted","product_size":"160_x_38_mm","color_pens":null,"summary_image":"ruler","printtype_front":"unprinted","brezo_article":"tp.91270.b019","printingmethod":"sample","copies":1,"material":"plastic","size":"20_x_150_mm_ruler","printtype":"00","urgency":"standard","width":150,"height":20},"printManaged":true,"customerName":"Daphne Odink","createdAt":1666788092039,"isVisibleInApp":true,"sku":"ruler"}]}