{"items":[{"id":"000|626a632c-4df9-4d45-9afd-ba1e178f97a3","title":{"fr":"Le plus choisi"},"configuration":{"samplebox_print":null,"samplebox_signing":null,"language":"lookbook_nl","samplebox_rigid":null,"summary_image":null,"samplebox_cover":"standard","samplebox_set_inspire":"1","fold":"binder_6","printingmethod":"digital","copies":1,"material":"150gr_silk_mc","size":"samplebox","printtype":"40","urgency":"standard","samplebox_set_all_boxes":null,"samplebox_mail_cards_envelops":null},"printManaged":true,"customerName":"Coen Schiphorst","createdAt":1678785826897,"isVisibleInApp":true,"accessoryName":"","sku":"samplebox"}]}