{"items":[{"id":"000|f890d213-9bad-4535-9409-2ff180ab77ee","title":{"fr":"Le plus choisi"},"configuration":{"sign_mount":"spacers_silver_29","printingmethod":"raw_material","copies":1,"printtype":"00","size":"accessories","material":"accessories","urgency":"standard","usage":"inside","summary_image":"spacers"},"printManaged":true,"customerName":"Marco Westerhof","createdAt":1674137310081,"isVisibleInApp":true,"sku":"spacers"},{"id":"7990b5e3-8f8d-4124-b03e-0b079f0ebde0","title":{"fr":"Le plus choisi"},"configuration":{"sign_mount":"spacers_silver_29","printingmethod":"raw_material","copies":1,"material":"accessories","printtype":"00","size":"accessories","urgency":"standard","usage":"inside","summary_image":null},"printManaged":true,"customerName":"Jordy Meulman","createdAt":1696247502300,"isVisibleInApp":false,"accessoryName":"Spacers standard (set of 4)","sku":"spacers"},{"id":"92a25ff0-b722-4f30-816a-ce8461f5540c","title":{"fr":"Le plus choisi"},"configuration":{"sign_mount":"spacers_silver_02","printingmethod":"raw_material","copies":1,"material":"accessories","size":"accessories","printtype":"00","urgency":"standard","usage":"outside","summary_image":null},"printManaged":true,"customerName":"Jordy Meulman","createdAt":1696247554974,"isVisibleInApp":false,"accessoryName":"Spacers high quality RVS (set of 4)","sku":"spacers"},{"id":"d78cb6af-a7db-49b8-8d76-ff5d371d2cfd","title":{"fr":"Le plus choisi"},"configuration":{"sign_mount":"spacers_side_silver_72","printingmethod":"raw_material","copies":1,"material":"accessories","size":"accessories","printtype":"00","urgency":"standard","usage":"inside","summary_image":null},"printManaged":true,"customerName":"Jordy Meulman","createdAt":1696247612815,"isVisibleInApp":false,"accessoryName":"Spacers side grip standard (set of 4)","sku":"spacers"},{"id":"df99b222-d888-44ba-9e28-37abf4df36fb","title":{"fr":"Le plus choisi"},"configuration":{"sign_mount":"spacers_black_48","printingmethod":"raw_material","copies":1,"printtype":"00","material":"accessories","size":"accessories","urgency":"standard","usage":"outside","summary_image":null},"printManaged":true,"customerName":"Jordy Meulman","createdAt":1696247577554,"isVisibleInApp":false,"accessoryName":"Spacers black (set of 4)","sku":"spacers"},{"id":"f068b5fe-a9c1-4e2c-962a-4c2771f28b1a","title":{"fr":"Le plus choisi"},"configuration":{"sign_mount":"spacers_side_black_73","printingmethod":"raw_material","copies":1,"material":"accessories","size":"accessories","printtype":"00","urgency":"standard","usage":"outside","summary_image":null},"printManaged":true,"customerName":"Jordy Meulman","createdAt":1696247670313,"isVisibleInApp":false,"accessoryName":"Spacers side grip black (set of 4)","sku":"spacers"},{"id":"f7696132-ba68-42b3-aa05-6deb74dfb80b","title":{"fr":"Le plus choisi"},"configuration":{"sign_mount":"spacers_side_silver_74","printingmethod":"raw_material","copies":1,"size":"accessories","printtype":"00","material":"accessories","urgency":"standard","usage":"outside","summary_image":null},"printManaged":true,"customerName":"Jordy Meulman","createdAt":1696247642670,"isVisibleInApp":false,"accessoryName":"Spacers side grip high quality RVS (set of 4)","sku":"spacers"}]}