{"items":[{"id":"000|13784ee3-aa38-4f4a-bbce-c6325803b082","title":{"fr":"Le plus choisi"},"configuration":{"clean_cut":"yes","drillholes":"one_drillhole","binding":"stapled","summary_image":"stapled-wall-calender","sample":"none","cover_material":"selfcover","printingmethod":"digital","copies":50,"pages":"28","size":"a4_landscape","printtype":"44","material":"250gr_gesatineerd_mc","urgency":"standard","binding_edge":"binding_top","finish":"geen"},"printManaged":true,"customerName":"Roy van Kooten","createdAt":1663923008986,"isVisibleInApp":true,"sku":"stapled-wall-calendar"}]}