{"items":[{"id":"000|30212a0a-2e1a-4c7a-9cc7-7c15c1be4760","title":{"fr":"Le plus choisi"},"configuration":{"clean_cut":"yes","number_of_loop_stitches":"none","fold_out_finish_cover":"none","cover_fold_out":"none","binding":"stapled","pallet_delivery":null,"copies":100,"pages":"12","printtype":"44","packaging_extras":"packaging_handling","urgency":"standard","special_size":"false","finish":"geen","bundle":null,"delivery":null,"sealed":null,"sample":"none","cover_material":"selfcover","printingmethod":"inkjet","material":"135gr_silk_mc","size":"a4","standard_bundle":"yes","cross_bundle":null,"sheet_size":null,"box_delivery":null,"spot_finish":"none","squarefold":"no"},"printManaged":true,"customerName":"Roy van Kooten","createdAt":1688370955678,"isVisibleInApp":true,"sku":"stapled-magazines"}]}