{"items":[{"id":"000|cef23ce3-cfa8-4430-81bf-f4e783d2c934","title":{"fr":"Le plus choisi"},"configuration":{"finish_products":null,"number_of_contour_lines":"no_contour_lines","package_type":null,"summary_image":null,"application_side":"outside","printingmethod":"lfp_latex_160","copies":1,"size":"100_x_100_cm","packaging_extras":"packaging_vinyl","printtype":"40","material":"polymeer_white_gloss_orajet_3551g","urgency":"standard","custom_shape":"clean_cut_stickers","box_delivery":null,"finish":"no_laminate","designs":null},"printManaged":true,"customerName":"Dennis Fluonia","isVisibleInApp":true,"sku":"sticker-vinyl"},{"id":"3d8ef2ed-ce79-4c68-9f00-fcdc1d17e36d","title":{"fr":"Film autocollant pour vitre"},"configuration":{"finish_products":null,"number_of_contour_lines":"no_contour_lines","package_type":"yes","summary_image":null,"application_side":"inside","printingmethod":"lfp_latex_160","copies":1,"material":"clearview_transparent_gloss_full_color_3m_ij8150","size":"100_x_100_cm","printtype":"40","packaging_extras":"packaging_vinyl","urgency":"standard","custom_shape":"clean_cut_stickers","finish":"no_laminate","box_delivery":null,"designs":null},"printManaged":true,"customerName":"Dennis Fluonia","isVisibleInApp":true,"sku":"sticker-vinyl"},{"id":"aab61154-2985-44e1-84fb-b2c9266baf97","title":{"fr":"Repositionnable"},"configuration":{"finish_products":null,"number_of_contour_lines":"no_contour_lines","package_type":"yes","summary_image":null,"application_side":"outside","printingmethod":"lfp_latex_160","copies":1,"packaging_extras":"packaging_vinyl","material":"175gr_yupotako_white","printtype":"40","size":"100_x_100_cm","urgency":"standard","custom_shape":"clean_cut_stickers","finish":"no_laminate","box_delivery":null,"designs":null},"printManaged":true,"customerName":"Dennis Fluonia","isVisibleInApp":true,"sku":"sticker-vinyl"},{"id":"e4d9020c-7494-4f73-b606-e31ac901eae4","title":{"fr":"Facile à coller"},"configuration":{"finish_products":null,"number_of_contour_lines":"no_contour_lines","summary_image":null,"package_type":"yes","application_side":"outside","printingmethod":"lfp_latex_160","copies":1,"printtype":"40","material":"polymeer_white_gloss_orajet_3551gra","packaging_extras":"packaging_vinyl","size":"100_x_100_cm","urgency":"standard","custom_shape":"clean_cut_stickers","box_delivery":null,"finish":"no_laminate","designs":null},"printManaged":true,"customerName":"Dennis Fluonia","isVisibleInApp":true,"sku":"sticker-vinyl"}]}