{"items":[{"id":"5e425f2d-35e6-4a61-9c3a-1f09eb15c521","title":{"fr":"Le plus choisi"},"configuration":{"accessories_flags":"suction-cup-windowflag-stick","printingmethod":"raw_material","copies":1,"material":"accessories","size":"accessories","printtype":"00","urgency":"standard","width":1,"summary_image":null,"height":1},"printManaged":true,"customerName":"marco.westerhof@print.com","createdAt":1718180782984,"isVisibleInApp":true,"accessoryName":"Suction cup window flag","sku":"suction-cup-windowflag-stick"}]}