{"items":[{"id":"000|4e8a80bc-77fd-4ddc-bec9-93332ef42e4c","title":{"fr":"Le plus choisi"},"configuration":{"article_number":"mo7455-03","delivery":"shipping_midocean","color":"black","weight":"220_gram","summary_image":"sunglasses","packaging_quantity":"packed_per_250","printingmethod":"pad_printing","handling_costs":"handlings_cost_a","copies":25,"printtype":"10","material":"kunststof","size":"120_x_46_mm","urgency":"standard","print_position":"sunglasses_left_side"},"printManaged":true,"customerName":"Nadine Emaus","createdAt":1689938024791,"isVisibleInApp":true,"sku":"sunglasses"},{"id":"b294a97b-7ff5-450c-9253-28e9f50d0980","title":{"fr":"Sample"},"configuration":{"article_number":"mo7455-38","delivery":"none","color":"sunglasses_pink","weight":"220_gram","summary_image":"sunglasses","packaging_quantity":null,"handling_costs":"none","printingmethod":"sample","copies":1,"material":"kunststof","size":"120_x_46_mm_00","printtype":"00","urgency":"standard","print_position":"none"},"printManaged":true,"customerName":"Merel Vullings","createdAt":1660569928137,"isVisibleInApp":true,"sku":"sunglasses"}]}