{"items":[{"id":"000|fb08ebf4-4711-4dd9-9b92-f94be78ffbd9","title":{"fr":"Le plus choisi"},"configuration":{"individually_sealed":null,"color":"textile_black","certificate":"oeko-tex_100","summary_image":null,"positions_chest":null,"textile_sizes":"m","brezo_article":"sol.811380","copies":10,"positions_sleeve_right":null,"printtype":"variable","summary_image:color_textile":"sols_regent_image","urgency":"standard","quality_level":"budget","positions_chest_right":null,"positions_sleeve_left":null,"positions_back":null,"brand_name":"sols_regent_150","sustainability":null,"personalize":null,"printingmethod":"screen_printing","material":"150gr_cotton_bc","size":"t_shirt_nul_price","color_textile":"navy_blue_tshirt_sol_regent","fitting":"regular","positions_front":null},"printManaged":true,"customerName":"Nadine Emaus","isVisibleInApp":true,"sku":"t-shirt-budget-2"}]}