{"items":[{"id":"295c36b8-f6a9-49b2-8a20-57f9e3ef9c6a","title":{"fr":"Le plus choisi"},"configuration":{"printingmethod":"raw_material","copies":1,"material":"accessories","printtype":"00","size":"accessories","urgency":"standard","tiewraps":"30_cm_black_set_of_20","summary_image":"tiewraps"},"printManaged":true,"customerName":"Jordy Meulman","createdAt":1680510428624,"isVisibleInApp":true,"sku":"tiewraps"},{"id":"edf0e959-b85d-43d2-83ef-b56e90ffb5a5","title":{"fr":"Le plus choisi"},"configuration":{"printingmethod":"raw_material","copies":1,"material":"accessories","printtype":"00","size":"accessories","urgency":"standard","tiewraps":"30_cm_black_set_of_20","summary_image":null},"printManaged":true,"customerName":"Marco Westerhof","createdAt":1696249274981,"isVisibleInApp":false,"accessoryName":"Tiewraps 30 cm black (set of 20)","sku":"tiewraps"},{"id":"f04c3fc4-6682-49d8-9561-1bf54587e8b8","title":{"fr":"Le plus choisi"},"configuration":{"printingmethod":"raw_material","copies":1,"material":"accessories","printtype":"00","size":"accessories","urgency":"standard","tiewraps":"30_cm_white_set_of_20","summary_image":null},"printManaged":true,"customerName":"Jordy Meulman","createdAt":1696250893472,"isVisibleInApp":false,"accessoryName":"Tiewraps 30 cm white (set of 20)","sku":"tiewraps"}]}