{"items":[{"id":"50824f2e-5e1b-418a-a80b-fb9e898050e8","title":{"fr":"Le plus choisi"},"configuration":{"article_number":"06-0600-1293","weight":"3000_grams","summary_image":"tire_base","accessories_flags":"tire_base","printingmethod":"raw_material","copies":1,"size":"800_x_500_mm","material":"5000gr_stainless_steel","printtype":"00","urgency":"standard","article_number_2":null,"width":800,"height":500},"printManaged":true,"customerName":"Marco Westerhof","createdAt":1707916091702,"isVisibleInApp":true,"accessoryName":"","sku":"tire-base"}]}