{"items":[{"id":"698f96de-4532-4149-80ce-e27b8f3624eb","title":{"fr":"Le plus choisi"},"configuration":{"accessories_flags":"umbrella_base","volume":"24_litres","printingmethod":"raw_material","copies":1,"material":"1000gr_abs_plastic","size":"48_x_48_x_11_cm","printtype":"00","urgency":"standard","weight":"1600_grams","summary_image":null},"printManaged":true,"customerName":"Jordy Meulman","createdAt":1692780211015,"isVisibleInApp":true,"accessoryName":"Parasol base with rotator","sku":"umbrella-base"}]}