{"items":[{"id":"dbc44f83-9e9d-4413-89ce-e64a42b5d4a4","title":{"fr":"Le plus choisi"},"configuration":{"accessories_flags":"water_bag_black","article_number":"06-0600-1297","printingmethod":"raw_material","copies":1,"printtype":"00","size":"diameter_50_cm","material":"nylon","urgency":"standard","width":1,"weight":"250_grams","summary_image":"water_bag_black","height":1},"printManaged":true,"customerName":"Marco Westerhof","createdAt":1707913259381,"isVisibleInApp":true,"accessoryName":"","sku":"water-bag-black"}]}