{"items":[{"id":"000|fabdb07f-4e61-4afb-b3cf-bf9b6430872f","title":{"fr":"Le plus choisi"},"configuration":{"printingmethod":"raw_material","copies":1,"printtype":"00","material":"accessories","size":"accessories","urgency":"standard","summary_image":"whiteboard-kit","kit_type":"basic-kit"},"printManaged":true,"customerName":"Jelmer Plaggenborg","createdAt":1703082950845,"isVisibleInApp":true,"accessoryName":"","sku":"whiteboard-kits"},{"id":"0704abcd-8b77-465c-a1fe-4631516b9b1b","title":{"fr":"Le plus choisi"},"configuration":{"article_number":"14017.111","printingmethod":"raw_material","copies":1,"size":"accessories","printtype":"00","material":"accessories","urgency":"standard","width":1,"kit_type":"premium-kit","summary_image":"whiteboard-kit","height":1},"printManaged":true,"customerName":"Dennis Fluonia","createdAt":1703154380243,"isVisibleInApp":false,"accessoryName":"premium kit","sku":"whiteboard-kits"}]}