{"items":[{"id":"000|66f3c6c9-d382-4183-b8e1-ce16729b6c06","title":{"fr":"Le plus choisi"},"configuration":{"clean_cut":"yes","inside_paper_finish":"none","binding":"wireo","wire-o_color":"silver","summary_image":"wire-o-bureau-calendar","sample":"none","cover_material":"selfcover","printingmethod":"digital","copies":50,"pages":"26.0","size":"a5_landscape","material":"250gr_gesatineerd_mc","printtype":"44","urgency":"standard","calendar_finish":"self_locking_base_wire_o","binding_edge":"binding_top","variable_creasing_line":"creasing_wire-o_desk_calender"},"printManaged":true,"customerName":"Roy van Kooten","createdAt":1664368540477,"isVisibleInApp":true,"sku":"wire-o-desk-calendars"}]}