{"sku":"adhesive-magnet","active":true,"titleSingle":"Aimant adhésif","titlePlural":"Aimants adhésifs","createdAt":"2023-10-04T13:51:59.896Z","updatedAt":"2025-11-10T12:24:02.140Z","introductionDate":"2023-10-04T13:51:59.896Z","properties":[{"slug":"summary_image","title":"summary image","locked":false,"options":[{"slug":"adhesive_magnet","nullable":true,"eco":false,"enrichments":[],"name":"adhesive magnet"}],"viewMode":{"reseller":"default"},"type":"checkbox","optionsInSummary":[],"parentOptions":[],"required":false},{"slug":"copies","title":"Quantité","locked":false,"options":[],"viewMode":{"reseller":"copies-new"},"optionsInSummary":[1,2,3,4,5,10,100],"copiesInSummary":{},"rangeSets":[{"options":[{"max":1000,"steps":1,"min":1}],"summary":[1,2,3,4,5,10,100],"printingmethod":"raw_material"}],"copyLimit":{},"parentOptions":[],"required":true},{"slug":"adhesive_magnet","locked":false,"options":[{"slug":"adhesive_magnet","nullable":false,"eco":false,"enrichments":[{"propertySlug":"weightpercopy","optionSlug":"100"}],"name":"Aimant adhésif"}],"viewMode":{"reseller":"default"},"type":"radio","optionsInSummary":[],"parentOptions":[],"required":true,"title":"Adhesive magnet"},{"slug":"material","title":"Support","locked":false,"options":[{"slug":"accessories","name":"Accessoires","nullable":false,"eco":false,"enrichments":[]}],"viewMode":{"reseller":"default"},"type":"radio","optionsInSummary":[],"parentOptions":[],"required":true},{"slug":"printingmethod","title":"Méthode d'impression","locked":false,"options":[{"slug":"raw_material","name":"Sans impression","nullable":false,"eco":false,"enrichments":[]}],"viewMode":{"reseller":"default"},"type":"radio","optionsInSummary":[],"parentOptions":[],"required":true},{"slug":"printtype","title":"Impression","locked":false,"options":[{"slug":"00","name":"Non imprimé","nullable":false,"eco":false,"pages":[{"numberOfColors":1,"colorspace":"indexed"}],"enrichments":[]}],"viewMode":{"reseller":"default"},"type":"radio","optionsInSummary":[],"parentOptions":[],"required":true},{"slug":"urgency","title":"Urgence","locked":false,"options":[{"slug":"moderate","nullable":false,"eco":false,"enrichments":[],"name":"Moderate"},{"slug":"quick","name":"Rapide","nullable":false,"eco":false,"enrichments":[]},{"slug":"standard","name":"Standard","nullable":false,"eco":false,"enrichments":[]},{"slug":"urgent","name":"Urgent","nullable":false,"eco":false,"enrichments":[]}],"viewMode":{"reseller":"default"},"type":"radio","optionsInSummary":[],"parentOptions":[],"required":true},{"slug":"size","title":"Format (largeur x hauteur)","locked":false,"options":[{"slug":"accessories","name":"Accessories","nullable":false,"width":1,"height":1}],"viewMode":{"reseller":"default"},"type":"radio","optionsInSummary":[],"parentOptions":[],"required":true}],"maxDesigns":1,"hsCode":"8505190000","isAvailableInUserRegion":true,"hasAccessories":false,"accessoryExcludes":[],"category":["materials-samples","rigids","rigids-accessories"],"flexibleprintingmethod":false,"propertyGroups":[{"slug":"adhesive-magnet-uqgpffho","columnWidth":{"reseller":"summary"},"columnHeight":{"reseller":"1block"},"properties":["summary_image"]},{"slug":"adhesive-magnet-gguwamor","columnWidth":{"reseller":"two-columns"},"columnHeight":{"reseller":"1block"},"properties":["copies"]},{"slug":"adhesive-magnet-jcszxzie","columnWidth":{"reseller":"hidden"},"columnHeight":{},"properties":["adhesive_magnet","material","printingmethod","printtype","urgency","size"],"title":"HIdden"}],"excludes":[],"warnings":[]}