{"sku":"beachflag-rotators","active":true,"titleSingle":"Pièce de rotation (rotateur) pour beachflag","titlePlural":"Pièces de rotation (rotateurs) pour beachflag","createdAt":"2024-02-14T10:49:47.648Z","updatedAt":"2024-02-14T10:49:47.648Z","introductionDate":"2024-02-14T10:49:47.648Z","properties":[{"slug":"summary_image","title":"summary image","locked":false,"options":[{"slug":"beachflag_rotators","nullable":true,"eco":false,"enrichments":[],"name":"Beachflag rotators"}],"viewMode":{"reseller":"default"},"type":"checkbox","optionsInSummary":[],"parentOptions":[]},{"slug":"accessories_flags","title":"Type de rotateur","locked":false,"options":[{"slug":"rotator_for_baseplate","name":"Rotateur pour plaques","nullable":false,"eco":false,"enrichments":[]},{"slug":"rotator_for_watertank","name":"Rotateur pour pied parasol","nullable":false,"eco":false,"enrichments":[]}],"viewMode":{"reseller":"default"},"type":"radio","optionsInSummary":[],"parentOptions":[]},{"slug":"copies","title":"Quantité","locked":false,"options":[],"viewMode":{"reseller":"copies"},"optionsInSummary":[],"copiesInSummary":{},"rangeSets":[{"summary":[1,2,3,4,5],"options":[{"max":100,"steps":1,"min":1}],"printingmethod":"raw_material"}],"copyLimit":{},"parentOptions":[]},{"slug":"printingmethod","title":"Méthode d'impression","locked":false,"options":[{"slug":"raw_material","name":"Sans impression","nullable":false,"eco":false,"enrichments":[]}],"viewMode":{"reseller":"default"},"type":"radio","optionsInSummary":[],"parentOptions":[]},{"slug":"printtype","title":"Impression","locked":false,"options":[{"slug":"00","name":"Non imprimé","nullable":false,"eco":false,"pages":[{"numberOfColors":1,"colorspace":"indexed"}],"enrichments":[]}],"viewMode":{"reseller":"default"},"type":"radio","optionsInSummary":[],"parentOptions":[]},{"slug":"urgency","title":"Urgence","locked":false,"options":[{"slug":"standard","name":"Standard","nullable":false,"eco":false,"enrichments":[]},{"slug":"moderate","nullable":false,"eco":false,"enrichments":[],"name":"Moderate"},{"slug":"quick","name":"Rapide","nullable":false,"eco":false,"enrichments":[]},{"slug":"urgent","name":"Urgent","nullable":false,"eco":false,"enrichments":[]}],"viewMode":{"reseller":"default"},"type":"radio","optionsInSummary":[],"parentOptions":[]},{"slug":"material","title":"Support","locked":false,"options":[{"slug":"accessories","name":"Accessoires","nullable":false,"eco":false,"enrichments":[]}],"viewMode":{"reseller":"default"},"type":"radio","optionsInSummary":[],"parentOptions":[]},{"slug":"size","title":"Format (largeur x hauteur)","locked":false,"options":[{"slug":"accessories","name":"Accessories","nullable":false,"width":1,"height":1}],"viewMode":{"reseller":"default"},"type":"radio","optionsInSummary":[],"parentOptions":[]}],"maxDesigns":1,"hsCode":"3926909700","isAvailableInUserRegion":true,"hasAccessories":false,"accessoryExcludes":[],"propertyGroups":[{"slug":"beachflag-rotators-oedztzca","columnWidth":{"reseller":"summary"},"columnHeight":{"reseller":"1block"},"properties":["summary_image"]},{"slug":"beachflag-rotators-scyahcdd","columnWidth":{"reseller":"third"},"columnHeight":{},"properties":["accessories_flags"]},{"slug":"beachflag-rotators-hbdksaqm","columnWidth":{"reseller":"third"},"properties":["copies"]},{"slug":"beachflag-rotators-ztuymthi","columnWidth":{"reseller":"hidden"},"columnHeight":{},"properties":["printingmethod","printtype","urgency","material","size"]}],"excludes":[],"warnings":[]}