{"sku":"beachflag-bags","active":true,"titleSingle":"Sac de beachflag","titlePlural":"Sacs de beachflag","createdAt":"2023-10-13T09:24:57.705Z","updatedAt":"2024-02-14T10:49:54.511Z","introductionDate":"2023-10-13T09:24:57.705Z","properties":[{"slug":"summary_image","title":"summary image","locked":false,"options":[{"slug":"beachflag_bags","nullable":true,"eco":false,"enrichments":[],"name":"Beachflag bags"}],"viewMode":{"reseller":"default"},"type":"checkbox","optionsInSummary":[],"parentOptions":[]},{"slug":"material","title":"Support","locked":false,"options":[{"slug":"600gr_oxford","name":"Oxford","nullable":false,"eco":false,"enrichments":[]}],"viewMode":{"reseller":"default"},"type":"radio","optionsInSummary":[],"parentOptions":[]},{"slug":"size","title":"Format (largeur x hauteur)","locked":false,"options":[{"slug":"140_x_18_cm","name":"140 x 18 cm","nullable":false,"width":1400,"height":180}],"viewMode":{"reseller":"default"},"type":"radio","optionsInSummary":[],"parentOptions":[]},{"slug":"copies","title":"Quantité","locked":false,"options":[],"viewMode":{"reseller":"copies"},"optionsInSummary":[],"copiesInSummary":{},"rangeSets":[{"options":[{"max":1001,"steps":1,"min":1}],"summary":[1,2,3,4,5,10,100],"printingmethod":"raw_material"}],"copyLimit":{},"parentOptions":[]},{"slug":"printingmethod","title":"Méthode d'impression","locked":false,"options":[{"slug":"raw_material","name":"Sans impression","nullable":false,"eco":false,"enrichments":[]}],"viewMode":{"reseller":"default"},"type":"radio","optionsInSummary":[],"parentOptions":[]},{"slug":"printtype","title":"Impression","locked":false,"options":[{"slug":"00","name":"Non imprimé","nullable":false,"eco":false,"pages":[{"numberOfColors":1,"colorspace":"indexed"}],"enrichments":[]}],"viewMode":{"reseller":"default"},"type":"radio","optionsInSummary":[],"parentOptions":[]},{"slug":"urgency","title":"Urgence","locked":false,"options":[{"slug":"standard","name":"Standard","nullable":false,"eco":false,"enrichments":[]},{"slug":"moderate","nullable":false,"eco":false,"enrichments":[],"name":"Moderate"},{"slug":"quick","name":"Rapide","nullable":false,"eco":false,"enrichments":[]},{"slug":"urgent","name":"Urgent","nullable":false,"eco":false,"enrichments":[]}],"viewMode":{"reseller":"default"},"type":"radio","optionsInSummary":[],"parentOptions":[]},{"slug":"accessories_flags","title":"Accessoires pour drapeaux","locked":false,"options":[{"slug":"beachflag_bag","name":"Sac de beachflag","nullable":false,"eco":false,"enrichments":[]}],"viewMode":{"reseller":"default"},"type":"radio","optionsInSummary":[],"parentOptions":[]}],"maxDesigns":1,"hsCode":"6307909800","isAvailableInUserRegion":true,"hasAccessories":false,"accessoryExcludes":[],"propertyGroups":[{"slug":"beachflag-bags-ajlbfszm","columnWidth":{"reseller":"summary"},"columnHeight":{"reseller":"1block"},"properties":["summary_image","material","size"]},{"slug":"beachflag-bags-rdmqryyi","columnWidth":{"reseller":"two-columns"},"columnHeight":{},"properties":["copies"]},{"slug":"beachflag-bags-cvsksxoe","columnWidth":{"reseller":"hidden"},"columnHeight":{},"properties":["printingmethod","printtype","urgency","accessories_flags"]}],"excludes":[],"warnings":[]}