{"sku":"beachflag-poles","active":true,"titleSingle":"Beach flag","titlePlural":"Beach flags","createdAt":"2024-02-14T10:49:54.918Z","updatedAt":"2024-02-14T10:49:54.918Z","introductionDate":"2024-02-14T10:49:54.918Z","properties":[{"slug":"summary_image","title":"summary image","locked":false,"options":[{"slug":"beachflag_poles","nullable":true,"eco":false,"enrichments":[],"name":"Beach flags"}],"viewMode":{"reseller":"default"},"type":"checkbox","optionsInSummary":[],"parentOptions":[]},{"slug":"flag_types","title":"Drapeaux","locked":false,"options":[{"slug":"beach_flag","name":"Beachflag","nullable":false,"eco":false,"enrichments":[]},{"slug":"square_flag","name":"Beachflag rectangulaire","nullable":false,"eco":false,"enrichments":[]},{"slug":"drop_flag","name":"Beachflag goutte","nullable":false,"eco":false,"enrichments":[]}],"viewMode":{"reseller":"default"},"type":"radio","optionsInSummary":[],"parentOptions":[]},{"slug":"size","title":"Format (largeur x hauteur)","locked":false,"options":[{"slug":"beachpole_small","name":"Small","nullable":false,"width":2890,"height":50},{"slug":"beachpole_medium","name":"Medium","nullable":false,"width":4030,"height":50},{"slug":"beachpole_large","name":"Large","nullable":false,"width":5180,"height":50}],"viewMode":{"reseller":"default"},"type":"radio","optionsInSummary":[],"parentOptions":[]},{"slug":"copies","title":"Quantité","locked":false,"options":[],"viewMode":{"reseller":"copies"},"optionsInSummary":[],"copiesInSummary":{},"rangeSets":[{"options":[{"max":100,"steps":1,"min":1}],"summary":[1,2,3,4,5],"printingmethod":"raw_material"}],"copyLimit":{},"parentOptions":[]},{"slug":"printingmethod","title":"Méthode d'impression","locked":false,"options":[{"slug":"raw_material","name":"Sans impression","nullable":false,"eco":false,"enrichments":[]}],"viewMode":{"reseller":"default"},"type":"radio","optionsInSummary":[],"parentOptions":[]},{"slug":"printtype","title":"Impression","locked":false,"options":[{"slug":"00","name":"Non imprimé","nullable":false,"eco":false,"pages":[{"numberOfColors":1,"colorspace":"indexed"}],"enrichments":[]}],"viewMode":{"reseller":"default"},"type":"radio","optionsInSummary":[],"parentOptions":[]},{"slug":"urgency","title":"Urgence","locked":false,"options":[{"slug":"standard","name":"Standard","nullable":false,"eco":false,"enrichments":[]},{"slug":"moderate","nullable":false,"eco":false,"enrichments":[],"name":"Moderate"},{"slug":"quick","name":"Rapide","nullable":false,"eco":false,"enrichments":[]},{"slug":"urgent","name":"Urgent","nullable":false,"eco":false,"enrichments":[]}],"viewMode":{"reseller":"default"},"type":"radio","optionsInSummary":[],"parentOptions":[]},{"slug":"material","title":"Support","locked":false,"options":[{"slug":"650gr_fiberglass","name":"Système en fibre de verre avec sac","nullable":false,"eco":false,"enrichments":[]},{"slug":"accessories","name":"Accessoires","nullable":false,"eco":false,"enrichments":[]}],"viewMode":{"reseller":"default"},"type":"radio","optionsInSummary":[],"parentOptions":[]}],"maxDesigns":1,"hsCode":"7326909800","isAvailableInUserRegion":true,"hasAccessories":false,"accessoryExcludes":[],"propertyGroups":[{"slug":"beachflag-poles-yqtqlabn","columnWidth":{"reseller":"summary"},"columnHeight":{},"properties":["summary_image"]},{"slug":"beachflag-poles-ddwktjrq","columnWidth":{"reseller":"third"},"properties":["flag_types","size"]},{"slug":"beachflag-poles-pqbbefxr","columnWidth":{"reseller":"third"},"properties":["copies"]},{"slug":"beachflag-poles-distcfsy","columnWidth":{"reseller":"hidden"},"properties":["printingmethod","printtype","urgency","material"],"title":"Hidden"}],"excludes":[[{"property":"flag_types","options":["drop_flag"]},{"property":"size","options":["beachpole_large"]}]],"warnings":[]}