{"sku":"bungee-cord","active":true,"titleSingle":"Tendeur avec crochet","titlePlural":"Tendeurs avec crochet","createdAt":"2023-10-11T11:11:45.772Z","updatedAt":"2024-09-18T06:44:27.954Z","introductionDate":"2023-10-11T11:11:45.772Z","properties":[{"slug":"summary_image","locked":false,"options":[{"slug":"bungee-cord","nullable":true,"eco":false,"enrichments":[],"name":"bungee-cord"}],"viewMode":{"reseller":"default"},"type":"checkbox","optionsInSummary":[],"parentOptions":[],"title":"summary_image"},{"slug":"tensioner_type","title":"Type de crochets de fixation","locked":false,"options":[{"slug":"bungee_cord_with_spin_hook","name":"Corde trapèze avec crochet 20 cm","nullable":false,"eco":false,"enrichments":[]}],"viewMode":{"reseller":"default"},"type":"radio","optionsInSummary":[],"parentOptions":[]},{"slug":"material","title":"Support","locked":false,"options":[{"slug":"3mm_elastic_cord","name":"Corde élastique 3 mm","nullable":false,"eco":false,"enrichments":[{"propertySlug":"weight","optionSlug":"750"}]}],"viewMode":{"reseller":"default"},"type":"radio","optionsInSummary":[],"parentOptions":[]},{"slug":"copies","title":"Quantité","locked":false,"options":[],"viewMode":{"reseller":"copies"},"optionsInSummary":[],"copiesInSummary":{},"rangeSets":[{"options":[{"steps":1,"max":5000,"min":1}],"summary":[1,10,25,50,75,100],"printingmethod":"raw_material"}],"copyLimit":{},"parentOptions":[]},{"slug":"printtype","title":"Impression","locked":false,"options":[{"slug":"00","name":"Non imprimé","nullable":false,"eco":false,"pages":[{"numberOfColors":1,"colorspace":"indexed"}],"enrichments":[]}],"viewMode":{"reseller":"default"},"type":"radio","optionsInSummary":[],"parentOptions":[]},{"slug":"urgency","title":"Urgence","locked":false,"options":[{"slug":"standard","name":"Standard","nullable":false,"eco":false,"enrichments":[]},{"slug":"quick","name":"Rapide","nullable":false,"eco":false,"enrichments":[]},{"slug":"urgent","name":"Urgent","nullable":false,"eco":false,"enrichments":[]},{"slug":"moderate","nullable":false,"eco":false,"enrichments":[],"name":"Moderate"}],"viewMode":{"reseller":"default"},"type":"radio","optionsInSummary":[],"parentOptions":[]},{"slug":"size","title":"Format (largeur x hauteur)","locked":false,"options":[{"slug":"bungee-cord","name":"Tendeur élastique","nullable":false,"width":50,"height":190}],"viewMode":{"reseller":"default"},"type":"radio","optionsInSummary":[],"parentOptions":[]},{"slug":"printingmethod","title":"Méthode d'impression","locked":false,"options":[{"slug":"raw_material","name":"Sans impression","nullable":false,"eco":false,"enrichments":[]}],"viewMode":{"reseller":"default"},"type":"radio","optionsInSummary":[],"parentOptions":[]}],"hsCode":"5609009000","isAvailableInUserRegion":true,"hasAccessories":false,"accessoryExcludes":[],"propertyGroups":[{"slug":"bungee-cord-qgokmxvf","columnWidth":{"reseller":"summary"},"properties":["summary_image","tensioner_type","material"]},{"slug":"bungee-cord-ddeuvpck","columnWidth":{"reseller":"two-columns"},"properties":["copies"],"title":"Amount"},{"slug":"bungee-cord-zocpzrvs","columnWidth":{"reseller":"hidden"},"properties":["printtype","urgency","size","printingmethod"],"title":"Hidden"}],"excludes":[],"warnings":[]}