{"sku":"carabiner-hook","active":true,"createdAt":"2023-12-12T13:54:06.863Z","updatedAt":"2024-02-14T10:50:19.184Z","introductionDate":"2023-12-12T13:54:06.863Z","properties":[{"slug":"summary_image","title":"summary image","locked":false,"options":[{"slug":"carabiner-hook","nullable":true,"eco":false,"enrichments":[],"name":"Carabiner hook"}],"viewMode":{"reseller":"default"},"type":"checkbox","optionsInSummary":[],"parentOptions":[]},{"slug":"copies","title":"Quantité","locked":false,"options":[],"viewMode":{"reseller":"copies"},"optionsInSummary":[],"copiesInSummary":{},"rangeSets":[{"options":[{"max":100,"steps":1,"min":1}],"summary":[1,2,3,5,4,6,7,8,9,10],"printingmethod":"raw_material"}],"copyLimit":{},"parentOptions":[]},{"slug":"carabiner_hook","locked":false,"options":[{"slug":"carabiner_1","nullable":false,"eco":false,"enrichments":[],"name":"Carabiner"}],"viewMode":{"reseller":"default"},"type":"radio","optionsInSummary":[],"parentOptions":[],"title":"Carabiner hook"},{"slug":"material","title":"Support","locked":false,"options":[{"slug":"accessories","name":"Accessoires","nullable":false,"eco":false,"enrichments":[]}],"viewMode":{"reseller":"default"},"type":"radio","optionsInSummary":[],"parentOptions":[]},{"slug":"printingmethod","title":"Méthode d'impression","locked":false,"options":[{"slug":"raw_material","name":"Sans impression","nullable":false,"eco":false,"enrichments":[]}],"viewMode":{"reseller":"default"},"type":"radio","optionsInSummary":[],"parentOptions":[]},{"slug":"urgency","title":"Urgence","locked":false,"options":[{"slug":"standard","name":"Standard","nullable":false,"eco":false,"enrichments":[]}],"viewMode":{"reseller":"default"},"type":"radio","optionsInSummary":[],"parentOptions":[]},{"slug":"size","title":"Format (largeur x hauteur)","locked":false,"options":[{"slug":"accessories","name":"Accessories","nullable":false,"width":1,"height":1}],"viewMode":{"reseller":"default"},"type":"radio","optionsInSummary":[],"parentOptions":[]},{"slug":"printtype","title":"Impression","locked":false,"options":[{"slug":"00","name":"Non imprimé","nullable":false,"eco":false,"pages":[{"numberOfColors":1,"colorspace":"indexed"}],"enrichments":[]}],"viewMode":{"reseller":"default"},"type":"radio","optionsInSummary":[],"parentOptions":[]}],"hsCode":"7326908500","isAvailableInUserRegion":true,"hasAccessories":false,"accessoryExcludes":[],"propertyGroups":[{"slug":"carabiner-hook-cjyncanw","columnWidth":{"reseller":"summary"},"columnHeight":{"reseller":"1block"},"properties":["summary_image"]},{"slug":"carabiner-hook-xqzvogom","columnWidth":{"reseller":"two-columns"},"columnHeight":{},"properties":["copies"]},{"slug":"carabiner-hook-oiahpfli","columnWidth":{"reseller":"hidden"},"columnHeight":{},"properties":["carabiner_hook","material","printingmethod","urgency","size","printtype"]}],"excludes":[],"warnings":[],"titlePlural":"Carabiners","titleSingle":"Carabiner"}