{"sku":"cross-base-fiberglass-poles","active":true,"titleSingle":"Pied en croix","titlePlural":"Pieds en croix","createdAt":"2024-02-14T10:50:36.814Z","updatedAt":"2024-02-14T10:50:36.814Z","introductionDate":"2024-02-14T10:50:36.814Z","properties":[{"slug":"summary_image","locked":false,"options":[{"slug":"cross_base","name":"Cross base","nullable":true,"eco":false,"enrichments":[]}],"viewMode":{"reseller":"icons"},"type":"checkbox","optionsInSummary":[],"parentOptions":[],"title":"summary_image"},{"slug":"size","title":"Format (largeur x hauteur)","locked":false,"options":[{"slug":"crossbase_80_cm","name":"80 x 80 cm","nullable":false,"width":800,"height":800}],"viewMode":{"reseller":"default"},"type":"radio","optionsInSummary":[],"parentOptions":[]},{"slug":"material","title":"Support","locked":false,"options":[{"slug":"500gr_powder_coated_steel","name":"Acier peint au four","nullable":false,"eco":false,"enrichments":[]}],"viewMode":{"reseller":"default"},"type":"radio","optionsInSummary":[],"parentOptions":[]},{"slug":"weight","title":"Poids","locked":false,"options":[{"slug":"4000_grams","name":"4 kg","nullable":false,"eco":false,"enrichments":[]}],"viewMode":{"reseller":"default"},"type":"radio","optionsInSummary":[],"parentOptions":[]},{"slug":"copies","title":"Quantité","locked":false,"options":[],"viewMode":{"reseller":"copies"},"optionsInSummary":[],"copiesInSummary":{},"rangeSets":[{"summary":[1,2,3,4,5],"options":[{"max":100,"steps":1,"min":1}],"printingmethod":"raw_material"}],"copyLimit":{},"parentOptions":[]},{"slug":"accessories_flags","title":"Accessoires drapeaux","locked":false,"options":[{"slug":"cross_base","name":"Pied en croix noir","nullable":false,"eco":false,"enrichments":[]}],"viewMode":{"reseller":"icons"},"type":"radio","optionsInSummary":[],"parentOptions":[]},{"slug":"printingmethod","title":"Méthode d'impression","locked":false,"options":[{"slug":"raw_material","name":"Sans impression","nullable":false,"eco":false,"enrichments":[]}],"viewMode":{"reseller":"default"},"type":"radio","optionsInSummary":[],"parentOptions":[]},{"slug":"printtype","title":"Impression","locked":false,"options":[{"slug":"00","name":"Non imprimé","nullable":false,"eco":false,"pages":[{"numberOfColors":1,"colorspace":"indexed"}],"enrichments":[]}],"viewMode":{"reseller":"default"},"type":"radio","optionsInSummary":[],"parentOptions":[]},{"slug":"urgency","title":"Urgence","locked":false,"options":[{"slug":"standard","name":"Standard","nullable":false,"eco":false,"enrichments":[]},{"slug":"moderate","nullable":false,"eco":false,"enrichments":[],"name":"Moderate"},{"slug":"quick","name":"Rapide","nullable":false,"eco":false,"enrichments":[]},{"slug":"urgent","name":"Urgent","nullable":false,"eco":false,"enrichments":[]}],"viewMode":{"reseller":"default"},"type":"radio","optionsInSummary":[],"parentOptions":[]}],"maxDesigns":1,"bleed":3,"hsCode":"7616999090","isAvailableInUserRegion":true,"hasAccessories":false,"accessoryExcludes":[],"propertyGroups":[{"slug":"cross-base-fiberglass-poles-khudpkkf","columnWidth":{"reseller":"summary"},"properties":["summary_image","size","material","weight"],"title":"Type"},{"slug":"cross-base-fiberglass-poles-ubildiux","columnWidth":{"reseller":"two-columns"},"properties":["copies"],"title":"Amount"},{"slug":"cross-base-fiberglass-poles-alpfdyaq","columnWidth":{"reseller":"hidden"},"properties":["accessories_flags","printingmethod","printtype","urgency"],"title":"Hidden"}],"excludes":[],"warnings":[]}