{"sku":"cross-base-foldable","active":true,"titleSingle":"Pied en croix pliable","titlePlural":"Pieds en croix pliables","createdAt":"2024-02-14T10:50:41.852Z","updatedAt":"2024-02-14T10:50:41.852Z","introductionDate":"2024-02-14T10:50:41.852Z","properties":[{"slug":"summary_image","title":"summary image","locked":false,"options":[{"slug":"cross_base_foldable","nullable":true,"eco":false,"enrichments":[],"name":"Cross base foldable"}],"viewMode":{"reseller":"default"},"type":"checkbox","optionsInSummary":[],"parentOptions":[]},{"slug":"size","title":"Format (largeur x hauteur)","locked":false,"options":[{"slug":"opgevouwen_500_x_80_mm","name":"500 x 80 mm plié","nullable":false,"width":500,"height":80}],"viewMode":{"reseller":"default"},"type":"radio","optionsInSummary":[],"parentOptions":[]},{"slug":"material","title":"Support","locked":false,"options":[{"slug":"5000gr_stainless_steel","name":"Acier inoxydable","nullable":false,"eco":false,"enrichments":[]}],"viewMode":{"reseller":"default"},"type":"radio","optionsInSummary":[],"parentOptions":[]},{"slug":"weight","title":"Poids","locked":false,"options":[{"slug":"5000_grams","name":"5 kg","nullable":true,"eco":false,"enrichments":[]}],"viewMode":{"reseller":"default"},"type":"radio","optionsInSummary":[],"parentOptions":[]},{"slug":"copies","title":"Quantité","locked":false,"options":[],"viewMode":{"reseller":"copies"},"optionsInSummary":[],"copiesInSummary":{},"rangeSets":[{"options":[{"steps":1,"max":100,"min":1}],"summary":[1,2,3,4,5],"printingmethod":"raw_material"}],"copyLimit":{},"parentOptions":[]},{"slug":"printingmethod","title":"Méthode d'impression","locked":false,"options":[{"slug":"raw_material","name":"Sans impression","nullable":false,"eco":false,"enrichments":[]}],"viewMode":{"reseller":"default"},"type":"radio","optionsInSummary":[],"parentOptions":[]},{"slug":"printtype","title":"Impression","locked":false,"options":[{"slug":"00","name":"Non imprimé","nullable":false,"eco":false,"pages":[{"numberOfColors":1,"colorspace":"indexed"}],"enrichments":[]}],"viewMode":{"reseller":"default"},"type":"radio","optionsInSummary":[],"parentOptions":[]},{"slug":"accessories_flags","title":"Accessoires pour drapeaux","locked":false,"options":[{"slug":"cross_base_foldable","name":"Pied en croix pliable","nullable":false,"eco":false,"enrichments":[]}],"viewMode":{"reseller":"default"},"type":"radio","optionsInSummary":[],"parentOptions":[]},{"slug":"urgency","title":"Urgence","locked":false,"options":[{"slug":"standard","name":"Standard","nullable":false,"eco":false,"enrichments":[]},{"slug":"moderate","nullable":false,"eco":false,"enrichments":[],"name":"Moderate"},{"slug":"quick","name":"Rapide","nullable":false,"eco":false,"enrichments":[]},{"slug":"urgent","name":"Urgent","nullable":false,"eco":false,"enrichments":[]}],"viewMode":{"reseller":"default"},"type":"radio","optionsInSummary":[],"parentOptions":[]}],"maxDesigns":1,"bleed":"3","hsCode":"9403891000","isAvailableInUserRegion":true,"hasAccessories":false,"accessoryExcludes":[],"propertyGroups":[{"slug":"cross-base-foldable-hlzivvtb","columnWidth":{"reseller":"summary"},"columnHeight":{"reseller":"1block"},"properties":["summary_image","size","material","weight"]},{"slug":"cross-base-foldable-nffipnbs","columnWidth":{"reseller":"two-columns"},"columnHeight":{},"properties":["copies"]},{"slug":"cross-base-foldable-zeylnhoz","columnWidth":{"reseller":"hidden"},"columnHeight":{},"properties":["printingmethod","printtype","accessories_flags","urgency"]}],"excludes":[],"warnings":[]}