{"sku":"dibond","active":true,"titleSingle":"Dibond®","titlePlural":"Dibond®","createdAt":"2023-08-21T14:00:51.988Z","updatedAt":"2024-05-03T11:03:32.325Z","properties":[{"slug":"summary_image","title":"summary image","locked":false,"options":[{"slug":"dibond","nullable":true,"eco":false,"enrichments":[],"name":"Dibond"}],"viewMode":{"reseller":"default"},"type":"checkbox","optionsInSummary":[],"parentOptions":[]},{"slug":"material","title":"Support","locked":false,"options":[{"slug":"3mm_dibond_budget","name":"Dibond Budget 3 mm","nullable":false,"eco":false,"enrichments":[{"propertySlug":"rigid","optionSlug":"true"},{"propertySlug":"thickness","optionSlug":"3"},{"propertySlug":"weight","optionSlug":"4320"}]},{"slug":"4mm_dibond_budget","name":"Dibond Budget 4 mm","nullable":false,"eco":false,"enrichments":[{"propertySlug":"rigid","optionSlug":"true"},{"propertySlug":"weight","optionSlug":"5500"},{"propertySlug":"thickness","optionSlug":"4"}]},{"slug":"6mm_dibond","name":"Dibond Budget 6 mm","nullable":false,"eco":false,"enrichments":[{"propertySlug":"rigid","optionSlug":"true"},{"propertySlug":"thickness","optionSlug":"6"},{"propertySlug":"weight","optionSlug":"6600"}]},{"slug":"3mm_dibond","name":"Dibond® Premium 3 mm","description":null,"nullable":false,"eco":false,"parent":"dibond","enrichments":[{"propertySlug":"rigid","optionSlug":"true"},{"propertySlug":"thickness","optionSlug":"3"},{"propertySlug":"weight","optionSlug":"3800"}]},{"slug":"3mm_dibond_buttler_finish","name":"Dibond  3 mm aluminium brossé (horizontal)","nullable":false,"eco":false,"enrichments":[{"propertySlug":"rigid","optionSlug":"true"},{"propertySlug":"weight","optionSlug":"3800"},{"propertySlug":"thickness","optionSlug":"3"}]},{"slug":"3mm_dibond_butler_finish_vertical","name":"Dibond 3 mm aluminium brossé (vertical)","nullable":false,"eco":false,"enrichments":[{"propertySlug":"rigid","optionSlug":"true"},{"propertySlug":"weight","optionSlug":"3800"},{"propertySlug":"thickness","optionSlug":"3"}]}],"viewMode":{"reseller":"default"},"type":"radio","optionsInSummary":[],"parentOptions":[]},{"slug":"custom_shape","title":"Coupe et découpe","locked":false,"options":[{"slug":"clean_cut","name":"Coupe droite","nullable":false,"eco":false,"enrichments":[]},{"slug":"custom_shape_simple","name":"Découpe suivant un contour personnalisé (1 forme simple)","nullable":false,"eco":false,"enrichments":[]},{"slug":"custom_shape_complex","name":"Découpe suivant un contour personnalisé (1 forme complexe)","nullable":false,"eco":false,"enrichments":[]},{"slug":"custom_shape_multiple","name":"Découpe suivant un contour personnalisé (max. 5 formes)","nullable":false,"eco":false,"enrichments":[]}],"viewMode":{"reseller":"default"},"type":"radio","optionsInSummary":[],"parentOptions":[]},{"slug":"finish","title":"Pelliculage ou vernis","locked":false,"options":[{"slug":"none","name":"Sans","nullable":true,"eco":false,"enrichments":[]},{"slug":"lfp_uv_coating_gloss","name":"Vernis UV brillant","nullable":false,"eco":false,"enrichments":[]},{"slug":"lfp_uv_coating_matt","name":"Vernis UV mat","nullable":false,"eco":false,"enrichments":[]},{"slug":"polymeer_gloss_lamination_oraguard_215","name":"Pelliculage polymère brillant - Oraguard® 215","nullable":false,"eco":false,"enrichments":[]},{"slug":"polymeer_matt_lamination_oraguard_215","name":"Pelliculage polymère mat - Oraguard® 215","nullable":false,"eco":false,"enrichments":[]},{"slug":"whiteboard_lamination_prime","name":"Pelliculage tableau blanc polymère transparent brillant","nullable":false,"eco":false,"enrichments":[]}],"viewMode":{"reseller":"default"},"type":"radio","optionsInSummary":[],"parentOptions":[]},{"slug":"size","title":"Format (largeur x hauteur)","locked":false,"options":[{"slug":"100_x_100_cm","name":"100 x 100 cm","nullable":false,"width":"1000","height":"1000"},{"slug":"custom","nullable":false,"customSizes":{"minHeight":100,"sizeUnit":"CM","minWidth":100,"maxHeight":1460,"dimensionalAccuracy":"MM","maxWidth":3010}}],"viewMode":{"reseller":"default"},"type":"radio","optionsInSummary":[],"parentOptions":[]},{"slug":"copies","title":"Quantité","locked":false,"options":[{"slug":1,"nullable":false,"type":"lfp_uv"},{"slug":2,"nullable":false,"type":"lfp_uv"},{"slug":3,"nullable":false,"type":"lfp_uv"},{"slug":4,"nullable":false,"type":"lfp_uv"},{"slug":5,"nullable":false,"type":"lfp_uv"},{"slug":6,"nullable":false,"type":"lfp_uv"},{"slug":7,"nullable":false,"type":"lfp_uv"},{"slug":8,"nullable":false,"type":"lfp_uv"},{"slug":9,"nullable":false,"type":"lfp_uv"},{"slug":10,"nullable":false,"type":"lfp_uv"}],"viewMode":{"reseller":"copies"},"optionsInSummary":[],"rangeSets":[{"summary":[1,2,3,4,5,6,7,8,9,10],"options":[{"max":100000,"steps":1,"min":1}],"printingmethod":"lfp_uv"}],"parentOptions":[]},{"slug":"printtype","title":"Impression","locked":false,"options":[{"slug":"00","name":"Non imprimé","nullable":false,"eco":false,"pages":[{"numberOfColors":1,"colorspace":"indexed"}],"enrichments":[]},{"slug":"40","name":"4/0 quadri recto","nullable":false,"eco":false,"pages":[{"numberOfColors":4,"colorspace":"cmyk"}],"enrichments":[]},{"slug":"44","name":"4/4 quadri recto/verso","nullable":false,"eco":false,"pages":[{"numberOfColors":4,"colorspace":"cmyk"},{"numberOfColors":4,"colorspace":"cmyk"}],"enrichments":[]},{"slug":"50_200","name":"5/0 quadri + 200% blanc","nullable":false,"eco":false,"pages":[{"numberOfColors":5,"colorspace":"indexed"}],"enrichments":[]},{"slug":"40_sticker","name":"4/0 full color (sticker to plate)","nullable":false,"eco":false,"pages":[{"numberOfColors":4,"colorspace":"cmyk"}],"enrichments":[]},{"slug":"44_sticker","name":"4/4 full color (sticker to plate)","nullable":false,"eco":false,"pages":[{"numberOfColors":4,"colorspace":"cmyk"},{"numberOfColors":4,"colorspace":"cmyk"}],"enrichments":[]}],"viewMode":{"reseller":"default"},"type":"radio","optionsInSummary":[],"parentOptions":[]},{"slug":"white_print","title":"Impression blanche","locked":false,"options":[{"slug":"none","name":"Sans","nullable":true,"eco":false,"enrichments":[]},{"slug":"full_white","name":"Blanc total  sur toute la surface","nullable":false,"eco":false,"enrichments":[]},{"slug":"selective_white","name":"Blanc sélectif (indiqué par une couleur en ton direct)","nullable":false,"eco":false,"enrichments":[]}],"viewMode":{"reseller":"default"},"type":"radio","optionsInSummary":[],"parentOptions":[]},{"slug":"drillholes","title":"Trous","locked":false,"options":[{"slug":"none","name":"Sans","nullable":true,"eco":false,"enrichments":[]},{"slug":"drillholes_corner_6mm","name":"Dans chaque coin (6 mm)","nullable":false,"eco":false,"enrichments":[]},{"slug":"drillholes_corner_8mm","name":"Dans chaque coin (8 mm)","nullable":false,"eco":false,"enrichments":[]},{"slug":"drillholes_corner_9mm","name":"Dans chaque coin (9 mm)","nullable":false,"eco":false,"enrichments":[]},{"slug":"drillholes_corner_10mm","name":"Dans chaque coin (10 mm)","nullable":false,"eco":false,"enrichments":[]},{"slug":"one_drillhole_custom","name":"1 trou","nullable":false,"eco":false,"enrichments":[]},{"slug":"two_drillholes_custom","name":"2 trous","nullable":false,"eco":false,"enrichments":[]},{"slug":"three_drillholes_custom","name":"3 trous","nullable":false,"eco":false,"enrichments":[]},{"slug":"four_drillholes_custom","name":"4 trous","nullable":false,"eco":false,"enrichments":[]},{"slug":"five_drillholes_custom","name":"5 trous","nullable":false,"eco":false,"enrichments":[]},{"slug":"six_drillholes_custom","name":"6 trous","nullable":false,"eco":false,"enrichments":[]},{"slug":"seven_drillholes_custom","name":"7 trous","nullable":false,"eco":false,"enrichments":[]},{"slug":"eight_drillholes_custom","name":"8 trous","nullable":false,"eco":false,"enrichments":[]},{"slug":"nine_drillholes_custom","name":"9 trous","nullable":false,"eco":false,"enrichments":[]},{"slug":"ten_drillholes_custom","name":"10 trous","nullable":false,"eco":false,"enrichments":[]}],"viewMode":{"reseller":"dropdown"},"type":"radio","optionsInSummary":[],"parentOptions":[]},{"slug":"vcut","title":"V-cut","locked":false,"options":[{"slug":"none","name":"Sans","nullable":true,"eco":false,"enrichments":[]},{"slug":"front","name":"Sur la face avant du panneau","nullable":false,"eco":false,"enrichments":[]},{"slug":"back","name":"Sur la face arrière du panneau","nullable":false,"eco":false,"enrichments":[]}],"viewMode":{"reseller":"default"},"type":"radio","optionsInSummary":[],"parentOptions":[]},{"slug":"printingmethod","title":"Méthode d'impression","locked":false,"options":[{"slug":"lfp_uv","name":"Durst P5 350","description":"Durst P5 350","nullable":false,"eco":false,"enrichments":[]}],"viewMode":{"reseller":"default"},"type":"radio","optionsInSummary":[],"parentOptions":[]},{"slug":"urgency","title":"Urgence","locked":false,"options":[{"slug":"quick","name":"Rapide","nullable":false,"eco":false,"enrichments":[]},{"slug":"standard","name":"Standard","nullable":false,"eco":false,"enrichments":[]},{"slug":"urgent","name":"Urgent","nullable":false,"eco":false,"enrichments":[]},{"slug":"moderate","nullable":false,"eco":false,"enrichments":[],"name":"Moderate"}],"viewMode":{"reseller":"default"},"type":"radio","optionsInSummary":[],"parentOptions":[]},{"slug":"packaging_extras","title":"Emballage","locked":false,"options":[{"slug":"packaging_plate","name":"packaging_plate","nullable":false,"eco":false,"enrichments":[]}],"viewMode":{"reseller":"default"},"type":"radio","optionsInSummary":[],"parentOptions":[]},{"slug":"accessories","title":"Accessoires","locked":false,"options":[{"slug":"holder_natural_small","name":"Support de carte en bois naturel - 102 x 65 x 28 mm","nullable":false,"eco":false,"enrichments":[{"propertySlug":"color","optionSlug":"#ECD5A7"}]},{"slug":"holder_natural_large","name":"Support de carte en bois naturel - 145 x 65 x 28 mm","nullable":false,"eco":false,"enrichments":[{"propertySlug":"color","optionSlug":"#ECD5A7"}]},{"slug":"holder_black_small","name":"Support de carte en bois peint en noir - 102 x 65 x 28 mm","nullable":false,"eco":false,"enrichments":[{"propertySlug":"color","optionSlug":" #000000"}]},{"slug":"holder_black_large","name":"Support de carte en bois peint en noir - 145 x 65 x 28 mm","nullable":false,"eco":false,"enrichments":[{"propertySlug":"color","optionSlug":" #000000"}]}],"viewMode":{"reseller":"default"},"type":"radio","optionsInSummary":[],"parentOptions":[]}],"maxDesigns":50,"bleed":10,"hsCode":"7606110000","isAvailableInUserRegion":true,"hasAccessories":true,"accessoryExcludes":[],"propertyGroups":[{"slug":"dibond-rvmrpiqs","columnWidth":{"reseller":"summary"},"columnHeight":{},"properties":["summary_image"]},{"slug":"dibond-xaiqojhg","columnWidth":{"reseller":"third"},"columnHeight":{"reseller":"2block"},"properties":["material","custom_shape","finish"]},{"slug":"dibond-avcgefsd","columnWidth":{"reseller":"third"},"columnHeight":{"reseller":"2block"},"properties":["size","copies"],"title":"Support"},{"slug":"dibond-tteyowck","columnWidth":{"reseller":"third"},"columnHeight":{"reseller":"1block"},"properties":["printtype","white_print"],"title":"Amount"},{"slug":"dibond-mlynvbpk","columnWidth":{"reseller":"extras-three-columns"},"title":"Options complémentaires","properties":["drillholes","vcut"]},{"slug":"dibond-jmuvabrm","columnWidth":{"reseller":"hidden"},"properties":["printingmethod","urgency","packaging_extras","accessories"]}],"excludes":[[{"options":["50","40_200"],"property":"printtype"},{"property":"material","options":["3mm_dibond","3mm_dibond_budget","6mm_dibond","4mm_dibond_budget"]}],[{"options":["40_sticker","44_sticker","44"],"property":"printtype"},{"property":"material","options":["3mm_dibond_buttler_finish","3mm_dibond_butler_finish_vertical"]}],[{"property":"finish","options":["polymeer_gloss_lamination_oraguard_215","polymeer_matt_lamination_oraguard_215","whiteboard_lamination_prime","chalkboard_foil","double_sided_chalkboard_foil"]},{"property":"material","options":["3mm_dibond_buttler_finish","3mm_dibond_butler_finish_vertical","6mm_dibond","4mm_dibond_budget"]}],[{"property":"printtype","options":["00"]},{"property":"finish","options":["polymeer_gloss_lamination_oraguard_215","polymeer_matt_lamination_oraguard_215","whiteboard_lamination_prime"]}],[{"property":"size","options":["custom:width:50-3010","custom:height:50-1460"]},{"property":"finish","options":["polymeer_gloss_lamination_oraguard_215","polymeer_matt_lamination_oraguard_215"]}],[{"property":"size","options":["custom:width:50-3010","custom:height:50-1290"]},{"property":"finish","options":["whiteboard_lamination_prime"]}],[{"property":"size","options":["custom:width:50-3010","custom:height:50-1160"]},{"property":"finish","options":["chalkboard_foil","double_sided_chalkboard_foil"]}],[{"property":"printtype","options":["40","40_200","50","44","50_200"]},{"options":["polymeer_gloss_lamination_oraguard_215","polymeer_matt_lamination_oraguard_215","whiteboard_lamination_prime","chalkboard_foil","double_sided_chalkboard_foil"],"property":"finish"}],[{"property":"printtype","options":["40_sticker","44_sticker"]},{"property":"finish","options":["none","lfp_uv_coating_gloss","lfp_uv_coating_matt"]}],[{"property":"vcut","options":["front","back"]},{"property":"custom_shape","options":["clean_cut","custom_shape_simple"]}],[{"property":"material","options":["3mm_dibond_buttler_finish","3mm_dibond","3mm_dibond_budget","6mm_dibond","4mm_dibond_budget"]},{"property":"size","options":["custom:width:100-3010","custom:height:100-1460"]}],[{"property":"vcut","options":["front","back"]},{"property":"material","options":["3mm_dibond_budget","6mm_dibond","4mm_dibond_budget"]}],[{"property":"vcut","options":["front","back"]},{"property":"printtype","options":["40_sticker","44_sticker"]}],[{"property":"material","options":["3mm_dibond_butler_finish_vertical"]},{"options":["custom:width:100-1460","custom:height:100-3010"],"property":"size"}],[{"property":"printtype","options":["40_sticker"]},{"property":"custom_shape","options":["custom_shape_multiple","custom_shape_complex"]}],[{"property":"printtype","options":["00","40","44","40_sticker","44_sticker"]},{"property":"white_print","options":["full_white","selective_white"]}],[{"property":"printtype","options":["50_200"]},{"property":"white_print","options":["none"]}],[{"options":["50_200"],"property":"printtype"},{"options":["3mm_dibond","3mm_dibond_budget","6mm_dibond","4mm_dibond_budget"],"property":"material"}],[{"property":"printtype","options":["44_sticker"]},{"property":"custom_shape","options":["custom_shape_simple","custom_shape_complex","custom_shape_multiple"]}],[{"property":"finish","options":["whiteboard_lamination_prime"]},{"property":"custom_shape","options":["custom_shape_simple","custom_shape_complex","custom_shape_multiple"]}],[{"property":"material","options":["3mm_dibond"]},{"property":"finish","options":["lfp_uv_coating_gloss","lfp_uv_coating_matt"]}],[{"options":["lfp_uv_coating_gloss","lfp_uv_coating_matt"],"property":"finish"},{"property":"custom_shape","options":["custom_shape_multiple"]}],[{"options":["lfp_uv_coating_gloss","lfp_uv_coating_matt"],"property":"finish"},{"property":"vcut","options":["front","back"]}],[{"property":"material","options":["6mm_dibond","4mm_dibond_budget"]},{"property":"printtype","options":["40_sticker","44_sticker"]}],[{"options":["6mm_dibond","4mm_dibond_budget"],"property":"material","description":"Exclude verwijderen zodra acc. vanuit Oss geleverd kan worden."},{"property":"accessories","options":["holder_natural_small","holder_natural_large","holder_black_small","holder_black_large"]}],[{"property":"material","options":["6mm_dibond","4mm_dibond_budget"]},{"options":["custom_shape_multiple"],"property":"custom_shape"}],[{"options":["drillholes_corner_6mm","drillholes_corner_8mm","drillholes_corner_9mm","drillholes_corner_10mm"],"property":"drillholes"},{"property":"custom_shape","options":["custom_shape_simple","custom_shape_complex","custom_shape_multiple"]}]],"warnings":[]}