{"sku":"display-click-frame-straight","active":true,"titleSingle":"Cadre \"clic-clac \"droit sur pied","titlePlural":"Cadres \"clic-clac\" droits sur pied","createdAt":"2024-02-14T10:49:41.195Z","updatedAt":"2024-02-14T10:49:41.195Z","introductionDate":"2024-02-14T10:49:41.195Z","properties":[{"slug":"display_type","title":"Type de présentoir","locked":false,"options":[{"slug":"a4_straight","name":"A4 (210 x 297 mm) ","nullable":false,"eco":false,"enrichments":[]},{"slug":"a3_straight","name":"A3 (297 x 420 mm)","nullable":false,"eco":false,"enrichments":[]}],"viewMode":{"reseller":"icons"},"type":"radio","optionsInSummary":[],"parentOptions":[]},{"slug":"material","title":"Support","locked":false,"options":[{"slug":"7000gr_anodized_aluminum","name":"Aluminum anodisé","nullable":false,"eco":false,"enrichments":[]}],"viewMode":{"reseller":"default"},"type":"radio","optionsInSummary":[],"parentOptions":[]},{"slug":"display_extra","title":"Caractéristiques du présentoir","locked":false,"options":[{"slug":"hight_125","name":"Hauteur fixe - 125 cm","nullable":false,"eco":false,"enrichments":[]}],"viewMode":{"reseller":"default"},"type":"radio","optionsInSummary":[],"parentOptions":[]},{"slug":"copies","title":"Quantité","locked":false,"options":[],"viewMode":{"reseller":"copies"},"optionsInSummary":[],"copiesInSummary":{},"rangeSets":[{"options":[{"max":50,"steps":1,"min":1}],"summary":[1,2,3,4,5],"printingmethod":"raw_material"}],"copyLimit":{},"parentOptions":[]},{"slug":"printingmethod","title":"Méthode d'impression","locked":false,"options":[{"slug":"raw_material","name":"Sans impression","nullable":false,"eco":false,"enrichments":[]}],"viewMode":{"reseller":"default"},"type":"radio","optionsInSummary":[],"parentOptions":[]},{"slug":"urgency","title":"Urgence","locked":false,"options":[{"slug":"standard","name":"Standard","nullable":false,"eco":false,"enrichments":[]},{"slug":"urgent","name":"Urgent","nullable":false,"eco":false,"enrichments":[]}],"viewMode":{"reseller":"default"},"type":"radio","optionsInSummary":[],"parentOptions":[]},{"slug":"size","title":"Format (largeur x hauteur)","locked":false,"options":[{"slug":"unprinted","name":"Non imprimé","nullable":false,"width":1,"height":1}],"viewMode":{"reseller":"default"},"type":"radio","optionsInSummary":[],"parentOptions":[]},{"slug":"printtype","title":"Impression","locked":false,"options":[{"slug":"00","name":"Non imprimé","nullable":false,"eco":false,"pages":[{"numberOfColors":1,"colorspace":"indexed"}],"enrichments":[]}],"viewMode":{"reseller":"default"},"type":"radio","optionsInSummary":[],"parentOptions":[]},{"slug":"article_number","title":"Numéro d'article","locked":false,"options":[{"slug":"kliklijst_op_staander_a4_gaat_niet_verstelbaar_9050-a4","nullable":false,"eco":false,"enrichments":[],"name":"kliklijst op staander A4 gaat niet verstelbaar 9050-A4"}],"viewMode":{"reseller":"default"},"type":"radio","optionsInSummary":[],"parentOptions":[]}],"maxDesigns":1,"bleed":0,"hsCode":"3926909700","isAvailableInUserRegion":true,"hasAccessories":false,"accessoryExcludes":[],"propertyGroups":[{"slug":"display-click-frame-straight-tfgsibjb","columnWidth":{"reseller":"full"},"title":"Type de présentoir","properties":["display_type"]},{"slug":"display-click-frame-straight-ammrpewx","columnWidth":{"reseller":"third"},"properties":["material"],"title":"Support"},{"slug":"display-click-frame-straight-voetkfbl","columnWidth":{"reseller":"third"},"title":"Caractéristiques du présentoir","properties":["display_extra"]},{"slug":"display-click-frame-straight-crfyuviv","columnWidth":{"reseller":"third"},"title":"Quantité","properties":["copies"]},{"slug":"display-click-frame-straight-nivommna","columnWidth":{"reseller":"hidden"},"properties":["printingmethod","urgency","size","printtype","article_number"],"title":"Hidden"}],"excludes":[]}