{"sku":"display-cube","active":true,"titleSingle":"Petit présentoir en cube","titlePlural":"Petits présentoirs en cube","createdAt":"2023-11-03T13:02:31.688Z","updatedAt":"2024-10-21T14:38:22.514Z","introductionDate":"2023-11-03T13:02:31.688Z","properties":[{"slug":"summary_image","locked":false,"options":[{"slug":"display-cube","nullable":true,"eco":false,"enrichments":[],"name":"display-cube"}],"viewMode":{"reseller":"default"},"type":"checkbox","optionsInSummary":[],"parentOptions":[],"required":false,"title":"summary_image"},{"slug":"product_size","title":"Format (largeur x profondeur x hauteur)","locked":false,"options":[{"slug":"kubus_20x20x20_cm","name":"Cube 20 x 20 x 20 cm ","nullable":false,"eco":false,"enrichments":[]},{"slug":"kubus_30x30x30cm","name":"Cube 30 x 30 x 30 cm ","nullable":false,"eco":false,"enrichments":[]},{"slug":"kubus_40x40x40cm","name":"Cube 40 x 40 x 40 cm ","nullable":false,"eco":false,"enrichments":[]}],"viewMode":{"reseller":"default"},"type":"radio","optionsInSummary":[],"parentOptions":[],"required":true},{"slug":"material","title":"Support","locked":false,"options":[{"slug":"1.5mm_corrugated_cardboard","name":"Carton ondulé E 1,5 mm (blanc 2 faces)","nullable":false,"eco":false,"enrichments":[{"propertySlug":"thickness","optionSlug":"1.5"},{"propertySlug":"rigid","optionSlug":"true"},{"propertySlug":"weight","optionSlug":"450"}]},{"slug":"10mm_reboard","name":"Re-board® 10 mm","nullable":false,"eco":true,"enrichments":[{"propertySlug":"weight","optionSlug":"1685"},{"propertySlug":"thickness","optionSlug":"10"}]}],"viewMode":{"reseller":"default"},"type":"radio","optionsInSummary":[],"parentOptions":[],"required":true},{"slug":"printtype","title":"Impression","locked":false,"options":[{"slug":"40","name":"4/0 quadri recto","nullable":false,"eco":false,"pages":[{"numberOfColors":4,"colorspace":"cmyk"}],"enrichments":[]}],"viewMode":{"reseller":"default"},"type":"radio","optionsInSummary":[],"parentOptions":[],"required":true},{"slug":"copies","title":"Quantité","locked":false,"options":[{"slug":1,"nullable":false,"type":"digital"},{"slug":10,"nullable":false,"type":"digital"},{"slug":50,"nullable":false,"type":"digital"},{"slug":100,"nullable":false,"type":"digital"},{"slug":250,"nullable":false,"type":"digital"},{"slug":500,"nullable":false,"type":"digital"},{"slug":1000,"nullable":false,"type":"digital"},{"slug":1,"nullable":false,"type":"lfp_uv"},{"slug":5,"nullable":false,"type":"lfp_uv"},{"slug":10,"nullable":false,"type":"lfp_uv"},{"slug":20,"nullable":false,"type":"lfp_uv"},{"slug":50,"nullable":false,"type":"lfp_uv"}],"viewMode":{"reseller":"copies"},"optionsInSummary":[],"copiesInSummary":{"digital":8,"lfp_uv":5},"rangeSets":[{"options":[{"max":1000,"steps":1,"min":1}],"summary":[1,5,6,7,8,9,10,20,50],"printingmethod":"lfp_uv"}],"copyLimit":{"digital":2500,"lfp_uv":200},"parentOptions":[],"required":true},{"slug":"designs","title":"Design","locked":false,"options":[],"viewMode":{"reseller":"default"},"type":"radio","optionsInSummary":[],"parentOptions":[],"required":true},{"slug":"size","title":"Format (largeur x profondeur x hauteur)","locked":false,"options":[{"slug":"kubus_20_x_20_x_20_cm_sulfaat","name":"20 x 20 x 20 cm Multicard® ","nullable":false,"width":636.5,"height":480},{"slug":"kubus_20_x_20_x_20_cm","name":"20 x 20 x 20 cm ","nullable":false,"width":651,"height":499.5},{"slug":"kubus_30_x_30_x_30_cm","name":"30 x 30 x 30 cm ","nullable":false,"width":950,"height":708.5},{"slug":"kubus_38_x_38_x_38_cm","name":"40 x 40 x 40 cm ","nullable":false,"width":1251,"height":916.5},{"slug":"kubus_20_x_20_x20_cm_reboard","name":"20 x 20 x 20 cm  Re-board® ","nullable":false,"width":"430.4","height":"620.4"},{"slug":"kubus_30_x_30_x_30_cm_reboard","name":"30 x 30 x 30 cm  Re-board® ","nullable":false,"width":"633","height":"927"},{"slug":"kubus_40_x_40_x_40_cm_reboard","name":"40 x 40 x 40 cm  Re-board® ","nullable":false,"width":"833","height":"1227"}],"viewMode":{"reseller":"default"},"type":"radio","optionsInSummary":[],"parentOptions":[],"required":true},{"slug":"printingmethod","title":"Méthode d'impression","locked":false,"options":[{"slug":"lfp_uv","name":"Durst P5 350","description":"Direct to plate","nullable":false,"eco":false,"enrichments":[]}],"viewMode":{"reseller":"default"},"type":"radio","optionsInSummary":[],"parentOptions":[],"required":true},{"slug":"urgency","title":"Urgence","locked":false,"options":[{"slug":"standard","name":"Standard","nullable":false,"eco":false,"enrichments":[]}],"viewMode":{"reseller":"default"},"type":"radio","optionsInSummary":[],"parentOptions":[],"required":true},{"slug":"custom_shape","title":"Forme personnalisée","locked":false,"options":[{"slug":"custom_shape_complex","name":"Découpe suivant un contour personnalisé (1 forme complexe)","nullable":false,"eco":false,"enrichments":[]}],"viewMode":{"reseller":"default"},"type":"radio","optionsInSummary":[],"parentOptions":[],"required":true}],"maxDesigns":10,"bleed":"0","hsCode":"4811900000","isAvailableInUserRegion":true,"hasAccessories":false,"accessoryExcludes":[],"category":[],"propertyGroups":[{"slug":"display-cube-etjuuxnj","columnWidth":{"reseller":"summary"},"properties":["summary_image"]},{"slug":"display-cube-pickzgha","columnWidth":{"reseller":"third"},"columnHeight":{},"properties":["product_size","material","printtype"]},{"slug":"display-cube-cgrpfgax","columnWidth":{"reseller":"third"},"columnHeight":{},"properties":["copies","designs"]},{"slug":"display-cube-cuecldxc","columnWidth":{"reseller":"hidden"},"properties":["size","printingmethod","urgency","custom_shape"],"title":"Hidden"}],"excludes":[[{"property":"printingmethod","options":["lfp_uv"]},{"options":["300gr_sbs"],"property":"material"}],[{"property":"material","options":["300gr_sbs"]},{"property":"product_size","options":["kubus_30x30x30cm","kubus_40x40x40cm"]}],[{"property":"material","options":["10mm_reboard"]},{"property":"printingmethod","options":["digital_die_cut"]}]],"warnings":[]}