{"sku":"disposable-rain-poncho","active":true,"titleSingle":"Poncho de pluie","titlePlural":"Ponchos de pluie ","createdAt":"2024-01-17T14:23:10.636Z","updatedAt":"2024-05-03T08:17:19.166Z","properties":[{"slug":"summary_image","title":"summary image","locked":false,"options":[{"slug":"disposable-rain-poncho","nullable":true,"eco":false,"enrichments":[],"name":"disposable-rain-poncho"}],"viewMode":{"reseller":"default"},"type":"checkbox","optionsInSummary":[],"parentOptions":[]},{"slug":"size","title":"Format produit (Largeur x Hauteur)","locked":false,"options":[{"slug":"120_x_90_cm","name":"120 x 90 cm","nullable":false,"width":1200,"height":900}],"viewMode":{"reseller":"default"},"type":"radio","optionsInSummary":[],"parentOptions":[]},{"slug":"material","title":"Matériau","locked":false,"options":[{"slug":"33gr_pe_plastic","name":"33 µm PE plastic","nullable":false,"eco":false,"enrichments":[]}],"viewMode":{"reseller":"default"},"type":"radio","optionsInSummary":[],"parentOptions":[]},{"slug":"display_extra","title":"Matériau étiquette","locked":false,"options":[{"slug":"paper_sticker","name":"Papier autocollant","nullable":true,"eco":false,"enrichments":[]}],"viewMode":{"reseller":"default"},"type":"radio","optionsInSummary":[],"parentOptions":[]},{"slug":"printing_size","title":"Format d'impression (largeur x hauteur)","locked":false,"options":[{"slug":"rainponcho","name":"Zone de 50x50 mm sur l'étiquette","nullable":true,"eco":false,"enrichments":[]}],"viewMode":{"reseller":"default"},"type":"number","optionsInSummary":[],"parentOptions":[]},{"slug":"printtype","title":"Impression","locked":false,"options":[{"slug":"00","name":"Non imprimé","nullable":false,"eco":false,"pages":[{"numberOfColors":1,"colorspace":"indexed"}],"enrichments":[]},{"slug":"40","name":"4/0 quadri recto","nullable":false,"eco":false,"pages":[{"numberOfColors":4,"colorspace":"cmyk"}],"enrichments":[]}],"viewMode":{"reseller":"default"},"type":"radio","optionsInSummary":[],"parentOptions":[]},{"slug":"color","title":"Couleurs","locked":false,"options":[{"slug":"black_rain_poncho","name":"Noir ","nullable":false,"eco":false,"enrichments":[{"propertySlug":"color","optionSlug":"#000000"}]},{"slug":"orange_rain_poncho","name":"Orange ","nullable":false,"eco":false,"enrichments":[{"propertySlug":"color","optionSlug":"#FF6A14"}]},{"slug":"red_rain_poncho","name":"Rouge ","nullable":false,"eco":false,"enrichments":[{"propertySlug":"color","optionSlug":"#C8102E"}]},{"slug":"lime_rain_poncho","name":"Lime ","nullable":false,"eco":false,"enrichments":[{"propertySlug":"color","optionSlug":"#78BE21"}]},{"slug":"pink_rain_poncho","name":"Rose ","nullable":false,"eco":false,"enrichments":[{"propertySlug":"color","optionSlug":"#F99FC9"}]},{"slug":"royal_blue_rain_poncho","name":"Bleu Royale ","nullable":false,"eco":false,"enrichments":[{"propertySlug":"color","optionSlug":"#0032A0"}]},{"slug":"white_rain_poncho","name":"Blanc ","nullable":false,"eco":false,"enrichments":[{"propertySlug":"color","optionSlug":"#FFFFFF"}]},{"slug":"yellow_rain_poncho","name":"Jaune ","nullable":false,"eco":false,"enrichments":[{"propertySlug":"color","optionSlug":"#FED141"}]}],"viewMode":{"reseller":"default"},"type":"radio","optionsInSummary":[],"parentOptions":[]},{"slug":"copies","title":"Quantité","locked":false,"options":[{"slug":250,"nullable":false,"type":"digital"},{"slug":500,"nullable":false,"type":"digital"},{"slug":750,"nullable":false,"type":"digital"},{"slug":1000,"nullable":false,"type":"digital"},{"slug":1500,"nullable":false,"type":"digital"},{"slug":2000,"nullable":false,"type":"digital"},{"slug":3500,"nullable":false,"type":"digital"},{"slug":5000,"nullable":false,"type":"digital"}],"viewMode":{"reseller":"copies"},"optionsInSummary":[],"copiesInSummary":{"digital":8},"rangeSets":[{"options":[{"max":2,"steps":1,"min":1}],"summary":[1],"printingmethod":"sample"},{"summary":[250,500,750,1000,1500,2000,3500,5000],"options":[{"max":100000,"steps":1,"min":1}],"printingmethod":"digital"}],"copyLimit":{"digital":10000},"parentOptions":[]},{"slug":"printingmethod","title":"Méthode d'impression","locked":false,"options":[{"slug":"digital","name":"Digital","nullable":false,"eco":false,"enrichments":[]},{"slug":"sample","name":"Échantillon non imprimé","nullable":false,"eco":false,"enrichments":[]}],"viewMode":{"reseller":"default"},"type":"radio","optionsInSummary":[],"parentOptions":[]},{"slug":"article_number","title":"Numéro d'article","locked":false,"options":[{"slug":"10042907","nullable":false,"eco":false,"enrichments":[],"name":"10042907"},{"slug":"10042900","nullable":false,"eco":false,"enrichments":[],"name":"10042900"},{"slug":"10042901","nullable":false,"eco":false,"enrichments":[],"name":"10042901"},{"slug":"10042902","nullable":false,"eco":false,"enrichments":[],"name":"10042902"},{"slug":"10042903","nullable":false,"eco":false,"enrichments":[],"name":"10042903"},{"slug":"10042904","nullable":false,"eco":false,"enrichments":[],"name":"10042904"},{"slug":"10042905","nullable":false,"eco":false,"enrichments":[],"name":"10042905"},{"slug":"10042906","nullable":false,"eco":false,"enrichments":[],"name":"10042906"}],"viewMode":{"reseller":"default"},"type":"radio","optionsInSummary":[],"parentOptions":[]},{"slug":"urgency","title":"Urgence","locked":false,"options":[{"slug":"standard","name":"Standard","nullable":false,"eco":false,"enrichments":[]}],"viewMode":{"reseller":"default"},"type":"radio","optionsInSummary":[],"parentOptions":[]},{"slug":"delivery","title":"Préférence d'emballage","locked":false,"options":[{"slug":"sample_shipping_pf","name":"sample shipping pf","nullable":false,"eco":false,"enrichments":[]},{"slug":"shipping_pf","name":"Shipping  pf","nullable":false,"eco":false,"enrichments":[]}],"viewMode":{"reseller":"default"},"type":"radio","optionsInSummary":[],"parentOptions":[]}],"maxDesigns":1,"bleed":"3","hsCode":"3926202910","isAvailableInUserRegion":true,"hasAccessories":false,"accessoryExcludes":[],"propertyGroups":[{"slug":"disposable-rain-poncho-rbklavfd","columnWidth":{"reseller":"summary"},"columnHeight":{},"properties":["summary_image","size","material","display_extra","printing_size"]},{"slug":"disposable-rain-poncho-pcwiensw","columnWidth":{"reseller":"third"},"properties":["printtype","color"]},{"slug":"disposable-rain-poncho-mugrqypb","columnWidth":{"reseller":"third"},"properties":["copies"]},{"slug":"disposable-rain-poncho-fusfexew","columnWidth":{"reseller":"hidden"},"columnHeight":{},"properties":["printingmethod","article_number","urgency","delivery"],"title":"Hidden"}],"excludes":[[{"property":"printingmethod","options":["sample"]},{"property":"printtype","options":["40"]}]],"warnings":[]}