{"sku":"display-click-frame-tilted","active":true,"titleSingle":"Cadre \"clic-clac\" inclinable sur pied","titlePlural":"Cadres \"clic-clac\" inclinables sur pied","createdAt":"2024-02-14T10:49:41.034Z","updatedAt":"2024-02-14T10:49:41.034Z","introductionDate":"2024-02-14T10:49:41.034Z","properties":[{"slug":"display_type","locked":false,"options":[{"slug":"a4_tilted","name":"A4 (210 x 297 mm) ","nullable":false,"eco":false,"enrichments":[]},{"slug":"a3_tlted","name":"A3 (297 x 420 mm)","nullable":false,"eco":false,"enrichments":[]}],"viewMode":{"reseller":"icons"},"type":"radio","optionsInSummary":[],"parentOptions":[],"title":"Type de présentoir"},{"slug":"material","title":"Support","locked":false,"options":[{"slug":"6700gr_anodized_aluminum","name":"Aluminum anodisé","nullable":false,"eco":false,"enrichments":[]}],"viewMode":{"reseller":"default"},"type":"radio","optionsInSummary":[],"parentOptions":[]},{"slug":"display_extra","locked":false,"options":[{"slug":"high_adjustable","name":"Ajustable en hauteur jusqu'à 131 cm","nullable":true,"eco":false,"enrichments":[]}],"viewMode":{"reseller":"default"},"type":"radio","optionsInSummary":[],"parentOptions":[],"title":"Caractéristiques du présentoir"},{"slug":"copies","title":"Quantité","locked":false,"options":[],"viewMode":{"reseller":"copies"},"optionsInSummary":[],"copiesInSummary":{},"rangeSets":[{"options":[{"steps":1,"max":50,"min":1}],"summary":[1,2,3,4,5],"printingmethod":"raw_material"}],"copyLimit":{},"parentOptions":[]},{"slug":"printingmethod","title":"Méthode d'impression","locked":false,"options":[{"slug":"raw_material","name":"Sans impression","nullable":false,"eco":false,"enrichments":[]}],"viewMode":{"reseller":"default"},"type":"radio","optionsInSummary":[],"parentOptions":[]},{"slug":"urgency","title":"Urgence","locked":false,"options":[{"slug":"standard","name":"Standard","nullable":false,"eco":false,"enrichments":[]},{"slug":"urgent","name":"Urgent","nullable":false,"eco":false,"enrichments":[]}],"viewMode":{"reseller":"default"},"type":"radio","optionsInSummary":[],"parentOptions":[]},{"slug":"size","title":"Format (largeur x hauteur)","locked":false,"options":[{"slug":"unprinted","name":"Non imprimé","nullable":false,"width":1,"height":1}],"viewMode":{"reseller":"default"},"type":"radio","optionsInSummary":[],"parentOptions":[]},{"slug":"printtype","title":"Impression","locked":false,"options":[{"slug":"00","name":"Non imprimé","nullable":false,"eco":false,"pages":[{"numberOfColors":1,"colorspace":"indexed"}],"enrichments":[]}],"viewMode":{"reseller":"default"},"type":"radio","optionsInSummary":[],"parentOptions":[]},{"slug":"article_number","title":"Numéro d'article","locked":false,"options":[{"slug":"9060-a3","nullable":false,"eco":false,"enrichments":[],"name":"9060-a3"},{"slug":"9060-a4","nullable":false,"eco":false,"enrichments":[],"name":"9060-a4"}],"viewMode":{"reseller":"default"},"type":"radio","optionsInSummary":[],"parentOptions":[]}],"maxDesigns":1,"bleed":0,"hsCode":"7610909000","isAvailableInUserRegion":true,"hasAccessories":false,"accessoryExcludes":[],"propertyGroups":[{"slug":"display-click-frame-tilted-lgzsnxsj","columnWidth":{"reseller":"full"},"properties":["display_type"]},{"slug":"display-click-frame-tilted-sehlghzc","columnWidth":{"reseller":"third"},"properties":["material"],"title":"Support"},{"slug":"display-click-frame-tilted-ufezkscb","columnWidth":{"reseller":"third"},"properties":["display_extra"],"title":"Display information"},{"slug":"display-click-frame-tilted-ynpryzmp","columnWidth":{"reseller":"third"},"properties":["copies"],"title":"Copies"},{"slug":"display-click-frame-tilted-tgajpyrs","columnWidth":{"reseller":"hidden"},"properties":["printingmethod","urgency","size","printtype","article_number"],"title":"hidden"}],"excludes":[],"warnings":[]}