{"sku":"eve-pen","active":true,"titleSingle":"Stylo Triangle","titlePlural":"Stylos Triangle","createdAt":"2023-09-28T09:22:19.072Z","updatedAt":"2024-05-29T08:04:19.504Z","properties":[{"slug":"summary_image","title":"summary image","locked":false,"options":[{"slug":"eve-pen","nullable":true,"eco":false,"enrichments":[],"name":"eve-pen"}],"viewMode":{"reseller":"default"},"type":"checkbox","optionsInSummary":[],"parentOptions":[]},{"slug":"size","title":"Format (diamètre x Longueur)","locked":false,"options":[{"slug":"142x12mm_pen","name":"Ø12 x 142 mm","nullable":false,"width":50,"height":7}],"viewMode":{"reseller":"default"},"type":"radio","optionsInSummary":[],"parentOptions":[]},{"slug":"printing_size","title":"Format d'impression (largeur x hauteur)","locked":false,"options":[{"slug":"50_x_7_mm","name":"50 x 7 mm","nullable":false,"eco":false,"enrichments":[]}],"viewMode":{"reseller":"default"},"type":"number","optionsInSummary":[],"parentOptions":[]},{"slug":"material","title":"Support","locked":false,"options":[{"slug":"11gr_plastic","name":"Plastique","nullable":false,"eco":false,"enrichments":[]}],"viewMode":{"reseller":"default"},"type":"radio","optionsInSummary":[],"parentOptions":[]},{"slug":"display_extra","title":"Couleur de l'encre","locked":false,"options":[{"slug":"blue_inkvilling","name":"Bleue","nullable":true,"eco":false,"enrichments":[]}],"viewMode":{"reseller":"default"},"type":"radio","optionsInSummary":[],"parentOptions":[]},{"slug":"weight","title":"Poids","locked":false,"options":[{"slug":"11_gram","name":"11 grammes par pièce","nullable":true,"eco":false,"enrichments":[]}],"viewMode":{"reseller":"default"},"type":"radio","optionsInSummary":[],"parentOptions":[]},{"slug":"packaging_quantity","title":"Quantités d'emballage","locked":false,"options":[{"slug":"packed_per_1000","name":"Par 1000","nullable":true,"eco":false,"enrichments":[]}],"viewMode":{"reseller":"default"},"type":"radio","optionsInSummary":[],"parentOptions":[]},{"slug":"color","title":"Couleurs","locked":false,"options":[{"slug":"red-03","name":"Rouge","nullable":false,"eco":false,"enrichments":[{"propertySlug":"color","optionSlug":"#d12421"}]},{"slug":"blue-02","name":"Bleu","nullable":false,"eco":false,"enrichments":[{"propertySlug":"color","optionSlug":"#164593"}]},{"slug":"orange-04","name":"Orange","nullable":false,"eco":false,"enrichments":[{"propertySlug":"color","optionSlug":"#ff6a14"}]},{"slug":"green-06","name":"Vert","nullable":false,"eco":false,"enrichments":[{"propertySlug":"color","optionSlug":"#007336"}]},{"slug":"pink-08","name":"Rose","nullable":false,"eco":false,"enrichments":[{"propertySlug":"color","optionSlug":"#fd60b0"}]},{"slug":"yellow-09","name":"Jaune","nullable":false,"eco":false,"enrichments":[{"propertySlug":"color","optionSlug":"#f8da1e"}]},{"slug":"purple-10","name":"Violet","nullable":false,"eco":false,"enrichments":[{"propertySlug":"color","optionSlug":"#6e3fa3"}]},{"slug":"white-11","name":"Blanc","nullable":false,"eco":false,"enrichments":[{"propertySlug":"color","optionSlug":"#FFFFFF"}]}],"viewMode":{"reseller":"default"},"type":"radio","optionsInSummary":[],"parentOptions":[]},{"slug":"printtype","title":"Impression","locked":false,"options":[{"slug":"00","name":"Non imprimé","nullable":false,"eco":false,"pages":[{"numberOfColors":1,"colorspace":"indexed"}],"enrichments":[]},{"slug":"40","name":"4/0 quadri recto","nullable":false,"eco":false,"pages":[{"numberOfColors":4,"colorspace":"cmyk"}],"enrichments":[]},{"slug":"44","name":"4/4 quadri recto/verso","nullable":false,"eco":false,"pages":[{"numberOfColors":4,"colorspace":"cmyk"},{"numberOfColors":4,"colorspace":"cmyk"}],"enrichments":[]}],"viewMode":{"reseller":"default"},"type":"radio","optionsInSummary":[],"parentOptions":[]},{"slug":"copies","title":"Quantité","locked":false,"options":[],"viewMode":{"reseller":"copies"},"optionsInSummary":[],"copiesInSummary":{},"rangeSets":[{"summary":[50,100,150,250,500,1000,1250,1500,2000,2500],"options":[{"max":300,"steps":50,"min":50},{"steps":100,"max":1000,"min":300},{"max":5000,"steps":250,"min":1000}],"printingmethod":"digital_uv"},{"options":[{"max":2,"steps":1,"min":1}],"summary":[1],"printingmethod":"sample"}],"copyLimit":{},"parentOptions":[]},{"slug":"article_number","title":"Numéro d'article","locked":false,"options":[{"slug":"60105","nullable":false,"eco":false,"enrichments":[],"name":"60105"}],"viewMode":{"reseller":"default"},"type":"radio","optionsInSummary":[],"parentOptions":[]},{"slug":"printingmethod","title":"Méthode d'impression","locked":false,"options":[{"slug":"digital_uv","name":"Digital UV","nullable":false,"eco":false,"enrichments":[]},{"slug":"sample","name":"Échantillon non imprimé","nullable":false,"eco":false,"enrichments":[]}],"viewMode":{"reseller":"default"},"type":"radio","optionsInSummary":[],"parentOptions":[]},{"slug":"urgency","title":"Urgence","locked":false,"options":[{"slug":"standard","name":"Standard","nullable":false,"eco":false,"enrichments":[]},{"slug":"quick","name":"Rapide","nullable":false,"eco":false,"enrichments":[]},{"slug":"urgent","name":"Urgent","nullable":false,"eco":false,"enrichments":[]}],"viewMode":{"reseller":"default"},"type":"radio","optionsInSummary":[],"parentOptions":[]},{"slug":"brezo_article","locked":false,"options":[{"slug":"vvp.eve.b038","nullable":false,"eco":false,"enrichments":[],"name":"VVP.EVE.B038"},{"slug":"vvp.eve.e075","nullable":false,"eco":false,"enrichments":[],"name":" VVP.EVE.E075"},{"slug":"vvp.eve.f048","nullable":false,"eco":false,"enrichments":[],"name":"VVP.EVE.F048"},{"slug":"vvp.eve.g098","nullable":false,"eco":false,"enrichments":[],"name":"VVP.EVE.G098"},{"slug":"vvp.eve.h112","nullable":false,"eco":false,"enrichments":[],"name":" VVP.EVE.H112"},{"slug":"vvp.eve.i095","nullable":false,"eco":false,"enrichments":[],"name":" VVP.EVE.I095"},{"slug":"vvp.eve.j296","nullable":false,"eco":false,"enrichments":[],"name":" VVP.EVE.J296"},{"slug":"vvp.eve.k175","nullable":false,"eco":false,"enrichments":[],"name":" VVP.EVE.K175"}],"viewMode":{"reseller":"default"},"type":"radio","optionsInSummary":[],"parentOptions":[],"title":"Brezo Article"}],"maxDesigns":1,"bleed":"0","hsCode":"9608101000","isAvailableInUserRegion":true,"hasAccessories":false,"accessoryExcludes":[],"propertyGroups":[{"slug":"eve-pen-fbarfeer","columnWidth":{"reseller":"summary"},"columnHeight":{},"properties":["summary_image","size","printing_size","material","display_extra","weight","packaging_quantity"]},{"slug":"eve-pen-pyflpvdo","columnWidth":{"reseller":"third"},"properties":["color","printtype"]},{"slug":"eve-pen-aeywmkzx","columnWidth":{"reseller":"third"},"properties":["copies"]},{"slug":"eve-pen-mldatutv","columnWidth":{"reseller":"hidden"},"columnHeight":{},"properties":["article_number","printingmethod","urgency","brezo_article"]}],"excludes":[[{"property":"printtype","options":["00"]},{"property":"printingmethod","options":["digital_uv"]}],[{"property":"printingmethod","options":["sample"]},{"property":"printtype","options":["40","44"]}]],"warnings":[]}