{"sku":"facade-pole-holder","active":true,"titleSingle":"Support pour drapeau mural","titlePlural":"Supports pour drapeau mural","createdAt":"2023-10-12T14:29:19.820Z","updatedAt":"2024-02-14T10:50:24.608Z","introductionDate":"2023-10-12T14:29:19.820Z","properties":[{"slug":"summary_image","title":"summary image","locked":false,"options":[{"slug":"facade-pole-holder","nullable":true,"eco":false,"enrichments":[],"name":"Wall mount pole holders"}],"viewMode":{"reseller":"default"},"type":"checkbox","optionsInSummary":[],"parentOptions":[]},{"slug":"facade_pole_holder","locked":false,"options":[{"slug":"aluminum_facade_pole_holder","name":"Support en aluminium","nullable":false,"eco":false,"enrichments":[]},{"slug":"black_aluminum_facade_pole_holder","name":"Support noir en aluminium","nullable":false,"eco":false,"enrichments":[]}],"viewMode":{"reseller":"default"},"type":"radio","optionsInSummary":[],"parentOptions":[],"title":"Wall mount pole holder"},{"slug":"copies","title":"Quantité","locked":false,"options":[],"viewMode":{"reseller":"copies"},"optionsInSummary":[],"copiesInSummary":{},"rangeSets":[{"options":[{"max":100,"steps":1,"min":1}],"summary":[1,2,3,4,5,6,7,8,9,10],"printingmethod":"raw_material"}],"copyLimit":{},"parentOptions":[]},{"slug":"printingmethod","title":"Méthode d'impression","locked":false,"options":[{"slug":"raw_material","name":"Sans impression","nullable":false,"eco":false,"enrichments":[]}],"viewMode":{"reseller":"default"},"type":"radio","optionsInSummary":[],"parentOptions":[]},{"slug":"material","title":"Support","locked":false,"options":[{"slug":"accessories","name":"Accessoires","nullable":false,"eco":false,"enrichments":[]}],"viewMode":{"reseller":"default"},"type":"radio","optionsInSummary":[],"parentOptions":[]},{"slug":"urgency","title":"Urgence","locked":false,"options":[{"slug":"standard","name":"Standard","nullable":false,"eco":false,"enrichments":[]},{"slug":"quick","name":"Rapide","nullable":false,"eco":false,"enrichments":[]},{"slug":"urgent","name":"Urgent","nullable":false,"eco":false,"enrichments":[]},{"slug":"moderate","nullable":false,"eco":false,"enrichments":[],"name":"Moderate"}],"viewMode":{"reseller":"default"},"type":"radio","optionsInSummary":[],"parentOptions":[]},{"slug":"size","title":"Format (largeur x hauteur)","locked":false,"options":[{"slug":"accessories","name":"Accessories","nullable":false,"width":1,"height":1}],"viewMode":{"reseller":"default"},"type":"radio","optionsInSummary":[],"parentOptions":[]},{"slug":"printtype","title":"Impression","locked":false,"options":[{"slug":"00","name":"Non imprimé","nullable":false,"eco":false,"pages":[{"numberOfColors":1,"colorspace":"indexed"}],"enrichments":[]}],"viewMode":{"reseller":"default"},"type":"radio","optionsInSummary":[],"parentOptions":[]},{"slug":"packaging_extras","title":"Emballage","locked":false,"options":[{"slug":"packaging_handling","name":"packaging_handling","nullable":false,"eco":false,"enrichments":[]}],"viewMode":{"reseller":"default"},"type":"radio","optionsInSummary":[],"parentOptions":[]}],"hsCode":"8302300000","isAvailableInUserRegion":true,"hasAccessories":false,"accessoryExcludes":[],"propertyGroups":[{"slug":"facade-pole-holder-koojzxca","columnWidth":{"reseller":"summary"},"columnHeight":{"reseller":"1block"},"properties":["summary_image"]},{"slug":"facade-pole-holder-ddpkerdt","columnWidth":{"reseller":"third"},"properties":["facade_pole_holder"]},{"slug":"facade-pole-holder-ncwdthxg","columnWidth":{"reseller":"third"},"columnHeight":{},"properties":["copies"]},{"slug":"facade-pole-holder-mxocozda","columnWidth":{"reseller":"hidden"},"columnHeight":{},"properties":["printingmethod","material","urgency","size","printtype","packaging_extras"]}],"excludes":[],"warnings":[]}