{"sku":"folder-display","active":true,"titleSingle":"Présentoir pour dépliants","titlePlural":"Présentoirs pour dépliants","createdAt":"2023-10-06T12:11:09.618Z","updatedAt":"2025-11-07T08:18:49.107Z","introductionDate":"2023-10-06T12:11:09.618Z","properties":[{"slug":"summary_image","title":"summary image","locked":false,"options":[{"slug":"folder_display","nullable":true,"eco":false,"enrichments":[],"name":"Folder display"}],"viewMode":{"reseller":"default"},"type":"checkbox","optionsInSummary":[],"parentOptions":[],"required":false},{"slug":"material","title":"Support","locked":false,"options":[{"slug":"10mm_reboard","name":"Re-board® 10 mm","nullable":false,"eco":true,"enrichments":[{"propertySlug":"weight","optionSlug":"1685"},{"propertySlug":"thickness","optionSlug":"10"}]}],"viewMode":{"reseller":"default"},"type":"radio","optionsInSummary":[],"parentOptions":[],"required":true},{"slug":"product_size","title":"Format ","locked":false,"options":[{"slug":"a5_folder_holder","name":"Support A5","nullable":false,"eco":false,"enrichments":[]},{"slug":"a4_folder_holder","name":"Support A4","nullable":false,"eco":false,"enrichments":[]}],"viewMode":{"reseller":"default"},"type":"radio","optionsInSummary":[],"parentOptions":[],"required":true},{"slug":"printtype","title":"Impression","locked":false,"options":[{"slug":"40","name":"4/0 quadri recto","nullable":false,"eco":false,"pages":[{"numberOfColors":4,"colorspace":"cmyk"}],"enrichments":[]}],"viewMode":{"reseller":"default"},"type":"radio","optionsInSummary":[],"parentOptions":[],"required":true},{"slug":"copies","title":"Quantité","locked":false,"options":[{"slug":1,"nullable":false,"type":"digital"},{"slug":25,"nullable":false,"type":"digital"},{"slug":50,"nullable":false,"type":"digital"},{"slug":100,"nullable":false,"type":"digital"},{"slug":250,"nullable":false,"type":"digital"},{"slug":500,"nullable":false,"type":"digital"},{"slug":1000,"nullable":false,"type":"digital"},{"slug":1,"nullable":false,"type":"lfp_uv"},{"slug":5,"nullable":false,"type":"lfp_uv"},{"slug":10,"nullable":false,"type":"lfp_uv"},{"slug":20,"nullable":false,"type":"lfp_uv"},{"slug":50,"nullable":false,"type":"lfp_uv"}],"viewMode":{"reseller":"copies"},"optionsInSummary":[1,5,6,7,8,9,10,20,50],"copiesInSummary":{"digital":null,"lfp_uv":5},"rangeSets":[{"options":[{"max":500,"steps":1,"min":1}],"summary":[1,5,6,7,8,9,10,20,50],"printingmethod":"lfp_uv"}],"copyLimit":{"digital":2500,"lfp_uv":100},"parentOptions":[],"required":true},{"slug":"designs","title":"Design","locked":false,"options":[],"viewMode":{"reseller":"default"},"type":"radio","optionsInSummary":[],"parentOptions":[],"required":true},{"slug":"size","title":"Format","locked":false,"options":[{"slug":"a6_holder_with_a5_show_card","name":"Support A6 ","nullable":false,"width":"218.5","height":"286"},{"slug":"din-large_holder_with_a4_show_card","name":"Support Din-large","nullable":false,"width":"270","height":"406"},{"slug":"a5_holder_with_a4_show_card","name":"Support A5 ","nullable":false,"width":"282","height":"412"},{"slug":"a4_holder_with_a3_show_card","name":"Support A4 ","nullable":false,"width":"422","height":"587.5"},{"slug":"a5_folder_holder_reboard","name":"Support A5 Re-board® 10 mm","nullable":false,"width":400,"height":589},{"slug":"a4_folder_holder_reboard","name":"Support A4 Re-board® 10 mm","nullable":false,"width":"460","height":589}],"viewMode":{"reseller":"default"},"type":"radio","optionsInSummary":[],"parentOptions":[],"required":true},{"slug":"printingmethod","title":"Méthode d'impression","locked":false,"options":[{"slug":"lfp_uv","name":"Durst P5 350","description":"Direct to plate","nullable":false,"eco":false,"enrichments":[]}],"viewMode":{"reseller":"default"},"type":"radio","optionsInSummary":[],"parentOptions":[],"required":true},{"slug":"urgency","title":"Urgence","locked":false,"options":[{"slug":"standard","name":"Standard","nullable":false,"eco":false,"enrichments":[]}],"viewMode":{"reseller":"default"},"type":"radio","optionsInSummary":[],"parentOptions":[],"required":true},{"slug":"finish","title":"Pelliculage ou vernis","locked":false,"options":[{"slug":"none","name":"Sans","nullable":true,"eco":false,"enrichments":[]},{"slug":"single_sided_gloss_lamination","nullable":false,"eco":false,"enrichments":[],"name":"Pelliculage brillant recto seul"},{"slug":"single_sided_matt_lamination","name":"Pelliculage mat recto seul","nullable":false,"eco":false,"enrichments":[]}],"viewMode":{"reseller":"default"},"type":"radio","optionsInSummary":[],"parentOptions":[],"required":false},{"slug":"custom_shape","title":"Forme personnalisée","locked":false,"options":[{"slug":"custom_shape_multiple","name":"Découpe suivant un contour personnalisé (max. 5 formes)","nullable":false,"eco":false,"enrichments":[]}],"viewMode":{"reseller":"default"},"type":"radio","optionsInSummary":[],"parentOptions":[],"required":true}],"maxDesigns":10,"bleed":"10","hsCode":"4911990000","isAvailableInUserRegion":true,"hasAccessories":false,"accessoryExcludes":[],"category":["packaging-bags"],"flexibleprintingmethod":false,"propertyGroups":[{"slug":"folder-display-owrnessw","columnWidth":{"reseller":"summary"},"columnHeight":{"reseller":"1block"},"properties":["summary_image"]},{"slug":"folder-display-nusrfzpz","columnWidth":{"reseller":"third"},"columnHeight":{},"properties":["material","product_size","printtype"]},{"slug":"folder-display-xahwegam","columnWidth":{"reseller":"third"},"properties":["copies","designs"]},{"slug":"folder-display-odfrhuob","columnWidth":{"reseller":"hidden"},"columnHeight":{},"properties":["size","printingmethod","urgency","finish","custom_shape"],"title":"Hidden"}],"excludes":[[{"property":"printingmethod","options":["lfp_uv"]},{"property":"material","options":["1190gr_eska_white_with_150gr_mc"]}],[{"options":["lfp_uv","digital_die_cut"],"property":"printingmethod"},{"property":"printtype","options":["00"]}],[{"property":"printingmethod","options":["sample"]},{"property":"printtype","options":["40"]}]],"warnings":[]}