{"sku":"foot-plates","active":true,"titleSingle":"Pied pour panneau","titlePlural":"Pieds pour panneau","createdAt":"2023-10-02T12:15:26.512Z","updatedAt":"2024-05-07T11:37:34.245Z","introductionDate":"2023-10-02T12:15:26.512Z","properties":[{"slug":"accessories","title":"Accessoires","locked":false,"options":[{"slug":"foot_plate_8cm_dual","name":"Set de pieds de 8 cm (2 pces)","nullable":false,"eco":false,"enrichments":[]},{"slug":"foot_plate_40cm","name":"Pied 40 cm","nullable":false,"eco":false,"enrichments":[]},{"slug":"foot_plate_50_cm","name":"Pied 50 cm","nullable":false,"eco":false,"enrichments":[]}],"viewMode":{"reseller":"icons"},"type":"radio","optionsInSummary":[],"parentOptions":[]},{"slug":"color","title":"Couleurs","locked":false,"options":[{"slug":"aluminium_foot_plates","name":"Aluminium","nullable":false,"eco":false,"enrichments":[{"propertySlug":"color","optionSlug":"linear-gradient(to bottom right, #a5afb7, #c0c7cc)"}]},{"slug":"aluminium_foot_plates_black","name":"Aluminium noir (peint au four)","nullable":false,"eco":false,"enrichments":[{"propertySlug":"color","optionSlug":"#000000"}]}],"viewMode":{"reseller":"default"},"type":"radio","optionsInSummary":[],"parentOptions":[]},{"slug":"copies","title":"Quantité","locked":false,"options":[],"viewMode":{"reseller":"copies"},"optionsInSummary":[],"copiesInSummary":{},"rangeSets":[{"options":[{"max":25,"steps":1,"min":1}],"summary":[1,2,3,4,5,10],"printingmethod":"raw_material"}],"copyLimit":{},"parentOptions":[]},{"slug":"material","title":"Support","locked":false,"options":[{"slug":"accessories","name":"Accessoires","nullable":false,"eco":false,"enrichments":[]}],"viewMode":{"reseller":"default"},"type":"radio","optionsInSummary":[],"parentOptions":[]},{"slug":"printtype","title":"Impression","locked":false,"options":[{"slug":"00","name":"Non imprimé","nullable":false,"eco":false,"pages":[{"numberOfColors":1,"colorspace":"indexed"}],"enrichments":[]}],"viewMode":{"reseller":"default"},"type":"radio","optionsInSummary":[],"parentOptions":[]},{"slug":"printingmethod","title":"Méthode d'impression","locked":false,"options":[{"slug":"raw_material","name":"Sans impression","nullable":false,"eco":false,"enrichments":[]}],"viewMode":{"reseller":"default"},"type":"radio","optionsInSummary":[],"parentOptions":[]},{"slug":"urgency","title":"Urgence","locked":false,"options":[{"slug":"standard","name":"Standard","nullable":false,"eco":false,"enrichments":[]},{"slug":"moderate","nullable":false,"eco":false,"enrichments":[],"name":"Moderate"},{"slug":"quick","name":"Rapide","nullable":false,"eco":false,"enrichments":[]},{"slug":"urgent","name":"Urgent","nullable":false,"eco":false,"enrichments":[]}],"viewMode":{"reseller":"default"},"type":"radio","optionsInSummary":[],"parentOptions":[]},{"slug":"size","title":"Format (largeur x hauteur)","locked":false,"options":[{"slug":"50_x_30_cm_panel_base","name":"Base panneau 50 x 30 cm","nullable":false,"width":500,"height":300},{"slug":"accessories","name":"Accessories","nullable":false,"width":1,"height":1}],"viewMode":{"reseller":"default"},"type":"radio","optionsInSummary":[],"parentOptions":[]}],"maxDesigns":1,"bleed":"3","hsCode":"7326909800","isAvailableInUserRegion":true,"hasAccessories":false,"accessoryExcludes":[],"propertyGroups":[{"slug":"foot-plates-bxhktvkg","columnWidth":{"reseller":"full"},"properties":["accessories"]},{"slug":"foot-plates-uqxaoalz","columnWidth":{"reseller":"third"},"properties":["color"]},{"slug":"foot-plates-rwceprbw","columnWidth":{"reseller":"two-columns"},"columnHeight":{},"properties":["copies"]},{"slug":"foot-plates-xerbxeld","columnWidth":{"reseller":"hidden"},"properties":["material","printtype","printingmethod","urgency","size"]}],"excludes":[[{"property":"accessories","options":["foot_plate_8cm_dual","foot_plate_40cm"]},{"property":"color","options":["aluminium_foot_plates_black"]}],[{"options":["foot_plate_30_cm","foot_plate_50_cm"],"property":"accessories"},{"property":"color","options":["aluminium_foot_plates"]}],[{"property":"accessories","options":["foot_plates_10_cm_set"]},{"property":"color","options":["aluminium_foot_plates"]}]],"warnings":[]}