{"sku":"forex","active":true,"titleSingle":"Forex®","titlePlural":"Forex®","createdAt":"2023-10-02T13:43:37.376Z","updatedAt":"2024-10-09T14:16:23.697Z","properties":[{"slug":"summary_image","title":"summary image","locked":false,"options":[{"slug":"forex","nullable":true,"eco":false,"enrichments":[],"name":"Forex®"}],"viewMode":{"reseller":"default"},"type":"checkbox","optionsInSummary":[],"parentOptions":[]},{"slug":"material","title":"Support","locked":false,"options":[{"slug":"1mm_forex","name":"1 mm Forex®","nullable":false,"eco":false,"enrichments":[{"propertySlug":"rigid","optionSlug":"true"},{"propertySlug":"weight","optionSlug":"600"},{"propertySlug":"thickness","optionSlug":"1"}]},{"slug":"3mm_forex","name":"3 mm Forex®","nullable":false,"eco":false,"enrichments":[{"propertySlug":"rigid","optionSlug":"true"},{"propertySlug":"thickness","optionSlug":"3"},{"propertySlug":"weight","optionSlug":"1800"}]},{"slug":"5mm_forex","name":"5 mm Forex®","nullable":false,"eco":false,"enrichments":[{"propertySlug":"rigid","optionSlug":"true"},{"propertySlug":"thickness","optionSlug":"5"},{"propertySlug":"weight","optionSlug":"2200"}]},{"slug":"10mm_forex","name":"10 mm Forex® ","nullable":false,"eco":false,"enrichments":[{"propertySlug":"weight","optionSlug":"5000"},{"propertySlug":"rigid","optionSlug":"true"},{"propertySlug":"thickness","optionSlug":"10"}]}],"viewMode":{"reseller":"default"},"type":"radio","optionsInSummary":[],"parentOptions":[]},{"slug":"printtype","title":"Impression","locked":false,"options":[{"slug":"00","name":"Non imprimé","nullable":false,"eco":false,"pages":[{"numberOfColors":1,"colorspace":"indexed"}],"enrichments":[]},{"slug":"40","name":"4/0 quadri recto","nullable":false,"eco":false,"pages":[{"numberOfColors":4,"colorspace":"cmyk"}],"enrichments":[]},{"slug":"44","name":"4/4 quadri recto/verso","nullable":false,"eco":false,"pages":[{"numberOfColors":4,"colorspace":"cmyk"},{"numberOfColors":4,"colorspace":"cmyk"}],"enrichments":[]},{"slug":"40_sticker","name":"4/0 full color (sticker to plate)","nullable":false,"eco":false,"pages":[{"numberOfColors":4,"colorspace":"cmyk"}],"enrichments":[]},{"slug":"44_sticker","name":"4/4 full color (sticker to plate)","nullable":false,"eco":false,"pages":[{"numberOfColors":4,"colorspace":"cmyk"},{"numberOfColors":4,"colorspace":"cmyk"}],"enrichments":[]}],"viewMode":{"reseller":"default"},"type":"radio","optionsInSummary":["40","44","40_sticker"],"parentOptions":[]},{"slug":"finish","title":"Pelliculage","locked":false,"options":[{"slug":"none","name":"Sans","nullable":true,"eco":false,"parent":"finish","enrichments":[]},{"slug":"polymeer_gloss_lamination_oraguard_215","name":"Pelliculage polymère brillant - Oraguard® 215","nullable":false,"eco":false,"parent":"finish","enrichments":[]},{"slug":"polymeer_matt_lamination_oraguard_215","name":"Pelliculage polymère mat - Oraguard® 215","nullable":false,"eco":false,"parent":"finish","enrichments":[]}],"viewMode":{"reseller":"default"},"type":"radio","optionsInSummary":[],"parentOptions":[{"slug":"finish","name":"Pelliculage","nullable":false,"eco":false,"enrichments":[]}]},{"slug":"size","title":"Format (largeur x hauteur)","locked":false,"options":[{"slug":"100_x100_cm","name":"100 x 100 cm","nullable":false,"width":1000,"height":1000},{"slug":"custom","nullable":false,"customSizes":{"minHeight":50,"sizeUnit":"CM","minWidth":50,"maxHeight":2010,"dimensionalAccuracy":"MM","maxWidth":3010}}],"viewMode":{"reseller":"default"},"type":"radio","optionsInSummary":["100_x100_cm"],"parentOptions":[]},{"slug":"copies","title":"Quantité","locked":false,"options":[{"slug":1,"nullable":false,"type":"lfp_uv"},{"slug":2,"nullable":false,"type":"lfp_uv"},{"slug":3,"nullable":false,"type":"lfp_uv"},{"slug":4,"nullable":false,"type":"lfp_uv"},{"slug":5,"nullable":false,"type":"lfp_uv"},{"slug":10,"nullable":false,"type":"lfp_uv"},{"slug":25,"nullable":false,"type":"lfp_uv"},{"slug":50,"nullable":false,"type":"lfp_uv"},{"slug":100,"nullable":false,"type":"lfp_uv"}],"viewMode":{"reseller":"copies"},"optionsInSummary":[],"copiesInSummary":{"lfp_uv":9},"rangeSets":[{"summary":[1,2,3,4,5,10,25,50,100],"options":[{"steps":1,"max":25000,"min":1}],"printingmethod":"lfp_uv"}],"copyLimit":{"lfp_uv":25000},"parentOptions":[]},{"slug":"custom_shape","title":"Forme personnalisée","locked":false,"options":[{"slug":"clean_cut","name":"Coupe droite","nullable":false,"eco":false,"enrichments":[]},{"slug":"custom_shape_simple","name":"Découpe suivant un contour personnalisé (1 forme simple)","nullable":false,"eco":false,"enrichments":[]},{"slug":"custom_shape_complex","name":"Découpe suivant un contour personnalisé (1 forme complexe)","nullable":false,"eco":false,"enrichments":[]},{"slug":"custom_shape_multiple","name":"Découpe suivant un contour personnalisé (max. 5 formes)","nullable":false,"eco":false,"enrichments":[]}],"viewMode":{"reseller":"default"},"type":"radio","optionsInSummary":[],"parentOptions":[]},{"slug":"drillholes","title":"Trous","locked":false,"options":[{"slug":"none","name":"Sans","nullable":true,"eco":false,"enrichments":[]},{"slug":"drillholes_corner_6mm","name":"Dans chaque coin (6 mm)","nullable":false,"eco":false,"enrichments":[]},{"slug":"drillholes_corner_8mm","name":"Dans chaque coin (8 mm)","nullable":false,"eco":false,"enrichments":[]},{"slug":"drillholes_corner_9mm","name":"Dans chaque coin (9 mm)","nullable":false,"eco":false,"enrichments":[]},{"slug":"drillholes_corner_10mm","name":"Dans chaque coin (10 mm)","nullable":false,"eco":false,"enrichments":[]},{"slug":"one_drillhole_custom","name":"1 trou","nullable":false,"eco":false,"enrichments":[]},{"slug":"two_drillholes_custom","name":"2 trous","nullable":false,"eco":false,"enrichments":[]},{"slug":"three_drillholes_custom","name":"3 trous","nullable":false,"eco":false,"enrichments":[]},{"slug":"four_drillholes_custom","name":"4 trous","nullable":false,"eco":false,"enrichments":[]},{"slug":"five_drillholes_custom","name":"5 trous","nullable":false,"eco":false,"enrichments":[]},{"slug":"six_drillholes_custom","name":"6 trous","nullable":false,"eco":false,"enrichments":[]},{"slug":"seven_drillholes_custom","name":"7 trous","nullable":false,"eco":false,"enrichments":[]},{"slug":"eight_drillholes_custom","name":"8 trous","nullable":false,"eco":false,"enrichments":[]},{"slug":"nine_drillholes_custom","name":"9 trous","nullable":false,"eco":false,"enrichments":[]},{"slug":"ten_drillholes_custom","name":"10 trous","nullable":false,"eco":false,"enrichments":[]}],"viewMode":{"reseller":"default"},"type":"radio","optionsInSummary":[],"parentOptions":[]},{"slug":"printingmethod","title":"Méthode d'impression","locked":false,"options":[{"slug":"lfp_uv","name":"Durst P5 350","description":"Durst P5 350","nullable":false,"eco":false,"enrichments":[]}],"viewMode":{"reseller":"default"},"type":"radio","optionsInSummary":[],"parentOptions":[]},{"slug":"packaging_extras","title":"Emballage","locked":false,"options":[{"slug":"packaging_plate","name":"packaging_plate","nullable":false,"eco":false,"enrichments":[]}],"viewMode":{"reseller":"default"},"type":"radio","optionsInSummary":[],"parentOptions":[]},{"slug":"urgency","title":"Urgence","locked":false,"options":[{"slug":"quick","name":"Rapide","nullable":false,"eco":false,"enrichments":[]},{"slug":"standard","name":"Standard","nullable":false,"eco":false,"enrichments":[]},{"slug":"urgent","name":"Urgent","nullable":false,"eco":false,"enrichments":[]},{"slug":"moderate","nullable":false,"eco":false,"enrichments":[],"name":"Moderate"}],"viewMode":{"reseller":"default"},"type":"radio","optionsInSummary":[],"parentOptions":[]},{"slug":"box_delivery","locked":false,"options":[{"slug":"100","nullable":false,"eco":false,"enrichments":[],"name":"100"}],"viewMode":{"reseller":"default"},"type":"number","optionsInSummary":[],"parentOptions":[],"title":"box_delivery"}],"maxDesigns":50,"bleed":"10","hsCode":"3921909000","isAvailableInUserRegion":true,"hasAccessories":true,"accessoryExcludes":[],"propertyGroups":[{"slug":"forex-uffjupkz","columnWidth":{"reseller":"summary"},"columnHeight":{"reseller":"1block"},"properties":["summary_image"]},{"slug":"forex-meskhcjv","columnWidth":{"reseller":"third"},"columnHeight":{"reseller":"2block"},"properties":["material","printtype","finish"]},{"slug":"forex-csjkifeo","columnWidth":{"reseller":"third"},"columnHeight":{"reseller":"2block"},"properties":["size","copies"]},{"slug":"forex-jrnzgwoh","columnWidth":{"reseller":"third"},"columnHeight":{"reseller":"1block"},"properties":["custom_shape"]},{"slug":"forex-urpwfgwt","columnWidth":{"reseller":"extras-three-columns"},"columnHeight":{},"properties":["drillholes"],"title":"Options complémentaires"},{"slug":"forex-fnkdetnh","columnWidth":{"reseller":"hidden"},"columnHeight":{},"properties":["printingmethod","packaging_extras","urgency","box_delivery"],"title":"hidden"}],"excludes":[[{"property":"printtype","options":["50_200","55"]},{"options":["1mm_forex","3mm_forex","5mm_forex","10mm_forex"],"property":"material"}],[{"property":"printtype","options":["40_sticker","44_sticker"]},{"property":"material","options":["1mm_forex"]}],[{"property":"printtype","options":["44_sticker"]},{"property":"custom_shape","options":["custom_shape_simple","custom_shape_complex","custom_shape_multiple"]}],[{"property":"printtype","options":["40","44","50_200","55"]},{"property":"finish","options":["polymeer_gloss_lamination_oraguard_215","polymeer_matt_lamination_oraguard_215","whiteboard_lamination_prime","chalkboard_foil","double_sided_chalkboard_foil"]}],[{"options":["40_sticker","44_sticker"],"property":"printtype"},{"property":"finish","options":["none","chalkboard_foil","double_sided_chalkboard_foil"]}],[{"property":"printtype","options":["00"]},{"options":["polymeer_gloss_lamination_oraguard_215","polymeer_matt_lamination_oraguard_215","whiteboard_lamination_prime"],"property":"finish"}],[{"options":["custom:width:50-3010","custom:height:50-1460"],"property":"size"},{"property":"finish","options":["polymeer_gloss_lamination_oraguard_215","polymeer_matt_lamination_oraguard_215"]}],[{"property":"size","options":["custom:width:50-3010","custom:height:50-1290"]},{"property":"finish","options":["whiteboard_lamination_prime"]}],[{"property":"size","options":["custom:width:50-3010","custom:height:50-1160"]},{"property":"finish","options":["chalkboard_foil","double_sided_chalkboard_foil"]}],[{"property":"material","options":["5mm_forex_black"]},{"property":"printtype","options":["40","44"]}],[{"property":"material","options":["5mm_forex_black","10mm_forex"]},{"property":"size","options":["custom:width:100-3010","custom:height:100-1520"]}],[{"property":"printtype","options":["40_sticker"]},{"options":["custom_shape_complex","custom_shape_multiple"],"property":"custom_shape"}],[{"property":"custom_shape","options":["custom_shape_simple","custom_shape_complex","custom_shape_multiple"]},{"property":"drillholes","options":["drillholes_corner_6mm","drillholes_corner_8mm","drillholes_corner_9mm","drillholes_corner_10mm"]}],[{"property":"material","options":["5mm_forex"]},{"property":"size","options":["custom:width:100-3010","custom:height:100-2010"]}],[{"property":"material","options":["1mm_forex"]},{"property":"size","options":["custom:width:100-3000","custom:height:100-1500"]}]],"warnings":[]}