{"sku":"free-standing-banner-frame","active":true,"titleSingle":"Cadre auto-portant pour bâche","titlePlural":"Cadres auto-portants pour bâche","createdAt":"2023-08-22T09:37:20.577Z","updatedAt":"2024-02-14T10:50:27.188Z","introductionDate":"2023-08-22T09:37:20.577Z","properties":[{"slug":"summary_image","title":"summary image","locked":false,"options":[{"slug":"free-standing-banner-frame","nullable":true,"eco":false,"enrichments":[],"name":"free-standing-banner-frame"}],"viewMode":{"reseller":"default"},"type":"checkbox","optionsInSummary":[],"parentOptions":[]},{"slug":"material","title":"Matériau","locked":false,"options":[{"slug":"42mm_aluminum_frame_2mm","name":"Cadre aluminium en tubes Ø 42 mm - 2 mm d'épaisseur","nullable":false,"eco":false,"enrichments":[{"propertySlug":"rigid","optionSlug":"true"},{"propertySlug":"weightperm1","optionSlug":"678"}]},{"slug":"42mm_aluminum_frame_3mm","name":"Cadre aluminium en tubes Ø 42 mm - 3 mm d'épaisseur","nullable":false,"eco":false,"enrichments":[{"propertySlug":"rigid","optionSlug":"true"},{"propertySlug":"weightperm1","optionSlug":"992"}]},{"slug":"48mm_aluminum_frame_3mm","name":"Cadre aluminium en tubes Ø 48mm - épaisseur 3 mm","nullable":false,"eco":false,"enrichments":[{"propertySlug":"rigid","optionSlug":"true"},{"propertySlug":"weightperm1","optionSlug":"1145"}]}],"viewMode":{"reseller":"default"},"type":"radio","optionsInSummary":[],"parentOptions":[]},{"slug":"mount_frames","title":"Système d'accrochage du chassis","locked":false,"options":[{"slug":"foot_plate_banner_frame","name":"Pied en aluminium pour cadre (20 x 40 cm)","nullable":false,"eco":false,"enrichments":[]},{"slug":"foot_pile_banner_frame","name":"Pied en tube pour cadre (100 cm)","nullable":false,"eco":false,"enrichments":[]},{"slug":"foot_pile_banner_frame_150","name":"Pied en tube pour cadre (150 cm)","nullable":false,"eco":false,"enrichments":[]}],"viewMode":{"reseller":"default"},"type":"radio","optionsInSummary":[],"parentOptions":[]},{"slug":"color","title":"Couleurs","locked":false,"options":[{"slug":"aluminum","name":"Aluminium anodisé","nullable":false,"eco":false,"enrichments":[{"propertySlug":"color","optionSlug":"\tlinear-gradient(to bottom right, #a5afb7, #c0c7cc)"}]},{"slug":"black","name":"Noir","nullable":false,"eco":false,"enrichments":[{"propertySlug":"rgb","optionSlug":"30-30-30"},{"propertySlug":"cmyk","optionSlug":"75-65-60-80"},{"propertySlug":"color","optionSlug":"#1e1e1e"}]}],"viewMode":{"reseller":"default"},"type":"radio","optionsInSummary":[],"parentOptions":[]},{"slug":"size","title":"Format (largeur x hauteur)","locked":false,"options":[{"slug":"100_x_100_cm","name":"100 x 100 cm","nullable":false,"width":"1000","height":"1000"},{"slug":"custom","nullable":false,"customSizes":{"minHeight":300,"sizeUnit":"CM","minWidth":300,"maxHeight":3000,"dimensionalAccuracy":"MM","maxWidth":6000}}],"viewMode":{"reseller":"default"},"type":"radio","optionsInSummary":[],"parentOptions":[]},{"slug":"copies","title":"Quantité","locked":false,"options":[],"viewMode":{"reseller":"copies"},"optionsInSummary":[],"copiesInSummary":{},"rangeSets":[{"summary":[1,2,3,4,5],"options":[{"steps":1,"max":100,"min":1}],"printingmethod":"raw_material"}],"copyLimit":{},"parentOptions":[]},{"slug":"bungee_cord_with_spin_hook","title":"Tendeurs (par cadre)","locked":false,"options":[{"slug":"0","name":"Sans","nullable":true,"eco":false,"enrichments":[]},{"slug":"25","name":"25","nullable":false,"eco":false,"enrichments":[]},{"slug":"50","name":"50","nullable":false,"eco":false,"enrichments":[]},{"slug":"75","name":"75","nullable":false},{"slug":"100","name":"100","nullable":false,"eco":false,"enrichments":[]},{"slug":"125","name":"125","nullable":false},{"slug":"150","name":"150","nullable":false,"eco":false,"enrichments":[]}],"viewMode":{"reseller":"number"},"type":"number","optionsInSummary":[],"parentOptions":[]},{"slug":"stormfix","title":"Stormfix (par cadre)","locked":false,"options":[{"slug":"0","name":"Sans","nullable":true,"eco":false,"enrichments":[]},{"slug":"25","name":"25","nullable":false,"eco":false,"enrichments":[]},{"slug":"50","name":"50","nullable":false,"eco":false,"enrichments":[]},{"slug":"75","name":"75","nullable":false},{"slug":"100","name":"100","nullable":false,"eco":false,"enrichments":[]},{"slug":"125","name":"125","nullable":false},{"slug":"150","name":"150","nullable":false,"eco":false,"enrichments":[]}],"viewMode":{"reseller":"number"},"type":"number","optionsInSummary":[],"parentOptions":[]},{"slug":"printingmethod","title":"Méthode d'impression","locked":false,"options":[{"slug":"raw_material","name":"Sans impression","nullable":false,"eco":false,"enrichments":[]}],"viewMode":{"reseller":"default"},"type":"radio","optionsInSummary":[],"parentOptions":[]},{"slug":"frame_finish","title":"Finition du cadre","locked":false,"options":[{"slug":"4_sawing_cuts_frame","name":"4 coupes","nullable":false}],"viewMode":{"reseller":"default"},"type":"radio","optionsInSummary":[],"parentOptions":[]},{"slug":"printtype","title":"Impression","locked":false,"options":[{"slug":"00","name":"Non imprimé","nullable":false,"eco":false,"pages":[{"numberOfColors":1,"colorspace":"indexed"}],"enrichments":[]}],"viewMode":{"reseller":"default"},"type":"radio","optionsInSummary":[],"parentOptions":[]},{"slug":"urgency","title":"Urgence","locked":false,"options":[{"slug":"quick","name":"Rapide","nullable":false,"eco":false,"enrichments":[]},{"slug":"standard","name":"Standard","nullable":false,"eco":false,"enrichments":[]},{"slug":"urgent","name":"Urgent","nullable":false,"eco":false,"enrichments":[]},{"slug":"moderate","nullable":false,"eco":false,"enrichments":[],"name":"Moderate"}],"viewMode":{"reseller":"default"},"type":"radio","optionsInSummary":[],"parentOptions":[]},{"slug":"frame","title":"Type de cadre","locked":false,"options":[{"slug":"free_standing_banner_frame","name":"Cadre autoportant pour bâche","nullable":false,"eco":false,"enrichments":[]}],"viewMode":{"reseller":"icons"},"type":"radio","optionsInSummary":[],"parentOptions":[]},{"slug":"accessories_frames","title":"Accessoires cadres","locked":true,"options":[{"slug":"corner_link_42.4_mm_foot_plate","name":"4 raccords d'angle 42,4 mm - pour structure 42 mm avec 2 plaques de pieds","nullable":false,"eco":false,"enrichments":[]},{"slug":"corner_link_48.3_mm_pile_foot","name":"4 raccords d'angle 48,3 mm - pour structure 48 mm avec 2 pieds tubes","nullable":false,"eco":false,"enrichments":[]},{"slug":"corner_link_42.4_mm_pile_foot","name":"4 raccords d'angle 42,4 mm - pour structure 42 mm avec 2 pieds tubes","nullable":false,"eco":false,"enrichments":[]},{"slug":"corner_link_42.4_mm_pile_foot_3_mm","name":"4 raccords d'angle 42,4 mm - pour structure 42 mm avec 2 pieds tubes","nullable":false,"eco":false,"enrichments":[]},{"slug":"corner_link_48.3_mm_foot_plate","name":"4 raccords d'angle 48,3 mm - pour structure 48 mm avec 2 plaques de pieds","nullable":false,"eco":false,"enrichments":[]},{"slug":"corner_link_48.3_mm_pile_foot_3_mm","name":"4 raccords d'angle 48,3 mm - pour structure 48 mm avec 2 plaques de pieds","nullable":false,"eco":false,"enrichments":[]}],"viewMode":{"reseller":"dropdown"},"type":"radio","optionsInSummary":[],"parentOptions":[]},{"slug":"frame_connectors","title":"Fixation murale","locked":true,"options":[{"slug":"none","name":"Sans","nullable":true,"eco":false,"enrichments":[]},{"slug":"2_frame_connector_42.4_mm","name":"2 supports de cadre de 42,4 mm - pour cadre 42 mm","nullable":false,"eco":false,"enrichments":[]},{"slug":"2_frame_connector_48.3_mm","name":"2 supports de cadre de 48,3 mm - pour cadre 48 mm","nullable":false,"eco":false,"enrichments":[]},{"slug":"4_frame_connector_42.4_mm","name":"4 supports 42,4 mm - pour structure 42 mm","nullable":false,"eco":false,"enrichments":[]},{"slug":"4_frame_connector_48.3_mm","name":"4 supports 48,3 mm - pour structure 48 mm","nullable":false,"eco":false,"enrichments":[]}],"viewMode":{"reseller":"dropdown"},"type":"radio","optionsInSummary":[],"parentOptions":[]},{"slug":"distance_to_frame","title":"Distance entre la toile et l'intérieur du cadre","locked":true,"options":[{"slug":"2_cm","name":"2 cm (4 cm tout autour)","nullable":false},{"slug":"3_cm","name":"3 cm (6 cm tout autour)","nullable":false},{"slug":"8_cm","name":"8 cm (16 cm tout autour)","nullable":false},{"slug":"9_cm","name":"9 cm (18 cm tout autour)","nullable":false}],"viewMode":{"reseller":"dropdown"},"type":"radio","optionsInSummary":[],"parentOptions":[]},{"slug":"stabilizers","title":"Stabilisateurs","locked":false,"options":[{"slug":"none","name":"Sans","nullable":false,"eco":false,"enrichments":[]},{"slug":"aluminum_tube_42_mm","nullable":false,"eco":false,"enrichments":[],"name":"Aluminum tube 42 mm stabilizer"},{"slug":"aluminum_tube_48_mm","nullable":false,"eco":false,"enrichments":[],"name":"Aluminum tube 48 mm stabilizer"}],"viewMode":{"reseller":"default"},"type":"radio","optionsInSummary":[],"parentOptions":[]},{"slug":"frame_support","locked":false,"options":[{"slug":"extra_foot_pile_banner_frame_2x_47cm","nullable":false,"eco":false,"enrichments":[],"name":"Extra foot pile banner frame 2x 47cm"},{"slug":"none","nullable":true,"eco":false,"enrichments":[],"name":"Sans"}],"viewMode":{"reseller":"default"},"type":"radio","optionsInSummary":[],"parentOptions":[],"title":"Frame support"}],"maxDesigns":1,"hsCode":"7610900000","isAvailableInUserRegion":true,"hasAccessories":false,"accessoryExcludes":[],"propertyGroups":[{"slug":"free-standing-banner-frame-eauayebf","columnWidth":{"reseller":"summary-2h"},"columnHeight":{},"properties":["summary_image"]},{"slug":"free-standing-banner-frame-agcbmjjb","columnWidth":{"reseller":"third"},"properties":["material","mount_frames","color"],"title":"Finishing per side"},{"slug":"free-standing-banner-frame-nrqlzkci","columnWidth":{"reseller":"third"},"properties":["size","copies"]},{"slug":"free-standing-banner-frame-itxjpvvu","columnWidth":{"reseller":"extras-three-columns"},"columnHeight":{},"title":"Fixations","properties":["bungee_cord_with_spin_hook","stormfix"]},{"slug":"free-standing-banner-frame-buifacsh","columnWidth":{"reseller":"hidden"},"properties":["printingmethod","frame_finish","printtype","urgency","frame","accessories_frames","frame_connectors","distance_to_frame","stabilizers","frame_support"],"title":"Hidden"}],"excludes":[[{"property":"mount_frames","options":["foot_plate_banner_frame"]},{"property":"material","options":["42mm_aluminum_frame_2mm","42mm_aluminum_frame_3mm"]}],[{"property":"material","options":["42mm_aluminum_frame_2mm"]},{"property":"color","options":["black"]}],[{"property":"mount_frames","options":["foot_plate_banner_frame"]},{"property":"color","options":["black"]}]],"warnings":[]}