{"sku":"ground-spike-fiberglass-poles","active":true,"titleSingle":"Piquet d'ancrage","titlePlural":"Piquets d'ancrage","createdAt":"2023-10-02T13:38:58.586Z","updatedAt":"2024-02-14T10:49:38.115Z","introductionDate":"2023-10-02T13:38:58.586Z","properties":[{"slug":"summary_image","locked":false,"options":[{"slug":"ground_pin","name":"Ground pin","nullable":true,"eco":false,"enrichments":[]}],"viewMode":{"reseller":"icons"},"type":"checkbox","optionsInSummary":[],"parentOptions":[],"title":"summary_image"},{"slug":"size","title":"Format (largeur x hauteur)","locked":false,"options":[{"slug":"ground_spike_50_cm","name":"Piquet d'ancrage au sol 50 cm x 15 mm de diamètre","nullable":false,"width":15,"height":"500"}],"viewMode":{"reseller":"default"},"type":"radio","optionsInSummary":[],"parentOptions":[]},{"slug":"material","title":"Support","locked":false,"options":[{"slug":"500gr_chromed_steel","name":"Métal chromé","nullable":false,"eco":false,"enrichments":[]}],"viewMode":{"reseller":"default"},"type":"radio","optionsInSummary":[],"parentOptions":[]},{"slug":"weight","title":"Poids","locked":false,"options":[{"slug":"1000_grams","name":"1 kg","nullable":false,"eco":false,"enrichments":[]}],"viewMode":{"reseller":"default"},"type":"radio","optionsInSummary":[],"parentOptions":[]},{"slug":"copies","title":"Quantité","locked":false,"options":[],"viewMode":{"reseller":"copies"},"optionsInSummary":[],"copiesInSummary":{},"rangeSets":[{"options":[{"max":100,"steps":1,"min":1}],"summary":[1,2,3,4,5],"printingmethod":"raw_material"}],"copyLimit":{},"parentOptions":[]},{"slug":"printingmethod","title":"Méthode d'impression","locked":false,"options":[{"slug":"raw_material","name":"Sans impression","nullable":false,"eco":false,"enrichments":[]}],"viewMode":{"reseller":"default"},"type":"radio","optionsInSummary":[],"parentOptions":[]},{"slug":"accessories_flags","title":"Accessoires drapeaux","locked":false,"options":[{"slug":"ground_pin","name":"Piquet d'ancrage au sol chromé","nullable":false,"eco":false,"enrichments":[]}],"viewMode":{"reseller":"icons"},"type":"radio","optionsInSummary":[],"parentOptions":[]},{"slug":"printtype","title":"Impression","locked":false,"options":[{"slug":"00","name":"Non imprimé","nullable":false,"eco":false,"pages":[{"numberOfColors":1,"colorspace":"indexed"}],"enrichments":[]}],"viewMode":{"reseller":"default"},"type":"radio","optionsInSummary":[],"parentOptions":[]},{"slug":"urgency","title":"Urgence","locked":false,"options":[{"slug":"standard","name":"Standard","nullable":false,"eco":false,"enrichments":[]},{"slug":"moderate","nullable":false,"eco":false,"enrichments":[],"name":"Moderate"},{"slug":"quick","name":"Rapide","nullable":false,"eco":false,"enrichments":[]},{"slug":"urgent","name":"Urgent","nullable":false,"eco":false,"enrichments":[]}],"viewMode":{"reseller":"default"},"type":"radio","optionsInSummary":[],"parentOptions":[]}],"maxDesigns":1,"bleed":3,"hsCode":"7326200000","isAvailableInUserRegion":true,"hasAccessories":false,"accessoryExcludes":[],"propertyGroups":[{"slug":"ground-spike-fiberglass-poles-cmgzknwf","columnWidth":{"reseller":"summary"},"properties":["summary_image","size","material","weight"]},{"slug":"ground-spike-fiberglass-poles-zrzmmpiu","columnWidth":{"reseller":"two-columns"},"properties":["copies"],"title":"Amount"},{"slug":"ground-spike-fiberglass-poles-xqmmcdcv","columnWidth":{"reseller":"hidden"},"properties":["printingmethod","accessories_flags","printtype","urgency"],"title":"Hidden"}],"excludes":[],"warnings":[]}