{"sku":"key-ring-trolley-euro-token","active":true,"titleSingle":"Porte-clé avec jeton caddie","titlePlural":"Porte-clés avec jeton caddie","createdAt":"2023-10-09T08:20:08.212Z","updatedAt":"2025-11-07T09:08:45.021Z","introductionDate":"2023-10-09T08:20:08.212Z","properties":[{"slug":"summary_image","title":"summary image","locked":false,"options":[{"slug":"key_ring_trolley_euro_token","nullable":true,"eco":false,"enrichments":[],"name":"key ring trolley euro token"}],"viewMode":{"reseller":"default"},"type":"checkbox","optionsInSummary":[],"parentOptions":[],"required":false},{"slug":"material","title":"Support","locked":false,"options":[{"slug":"12gr_metal","name":"12 grams métal ","nullable":false,"eco":false,"enrichments":[]}],"viewMode":{"reseller":"default"},"type":"radio","optionsInSummary":[],"parentOptions":[],"required":true},{"slug":"size","title":"Format produit (Largeur x Hauteur)","locked":false,"options":[{"slug":"2.3_diameter_x_8_cm","name":"Ø2.3  x 8 cm ","nullable":false,"width":15,"height":15}],"viewMode":{"reseller":"default"},"type":"radio","optionsInSummary":[],"parentOptions":[],"required":true},{"slug":"packaging_quantity","title":"Quantités d'emballage","locked":false,"options":[{"slug":"packed_per_500","name":"Par 500","nullable":true,"eco":false,"enrichments":[]}],"viewMode":{"reseller":"default"},"type":"radio","optionsInSummary":[],"parentOptions":[],"required":false},{"slug":"printtype","title":"Impression","locked":false,"options":[{"slug":"00","name":"Non imprimé","nullable":false,"eco":false,"pages":[{"numberOfColors":1,"colorspace":"indexed"}],"enrichments":[]},{"slug":"10_engraving","name":"1/0 gravure","nullable":false,"eco":false,"pages":[{"numberOfColors":1,"colorspace":"indexed"}],"enrichments":[]}],"viewMode":{"reseller":"default"},"type":"radio","optionsInSummary":[],"parentOptions":[],"required":true},{"slug":"color","title":"Couleur","locked":false,"options":[{"slug":"red_key_ring","name":"Rouge ","nullable":false,"eco":false,"enrichments":[{"propertySlug":"color","optionSlug":"#A6192E"}]},{"slug":"white_key_ring","name":"Blanc ","nullable":false,"eco":false,"enrichments":[{"propertySlug":"color","optionSlug":"#FFFFFF"}]},{"slug":"blue_key_ring","name":"Bleu ","nullable":false,"eco":false,"enrichments":[{"propertySlug":"color","optionSlug":"#0032a0"}]}],"viewMode":{"reseller":"default"},"type":"radio","optionsInSummary":[],"parentOptions":[],"required":true},{"slug":"print_position","title":"Position de l'impression","locked":false,"options":[{"slug":"none","name":"Sans ","nullable":true,"eco":false,"enrichments":[]},{"slug":"back","name":"Face arrière ","nullable":false,"eco":false,"enrichments":[]}],"viewMode":{"reseller":"default"},"type":"radio","optionsInSummary":[],"parentOptions":[],"required":false},{"slug":"copies","title":"Quantité","locked":false,"options":[],"viewMode":{"reseller":"copies"},"optionsInSummary":[25,50,75,100,250,500,750,1000,1500,2000,2500],"copiesInSummary":{},"rangeSets":[{"options":[{"max":2,"steps":1,"min":1}],"summary":[1],"printingmethod":"sample"},{"options":[{"steps":1,"max":50,"min":10},{"max":100,"steps":5,"min":50},{"max":250,"steps":10,"min":100},{"max":500,"steps":25,"min":250},{"max":1000,"steps":50,"min":500},{"max":2500,"steps":100,"min":1000},{"steps":250,"max":5000,"min":2500}],"summary":[25,50,75,100,250,500,750,1000,1500,2000,2500],"printingmethod":"engraving"}],"copyLimit":{},"parentOptions":[],"required":true},{"slug":"printingmethod","title":"Méthode d'impression","locked":false,"options":[{"slug":"engraving","name":"Gravure","nullable":false,"eco":false,"enrichments":[]},{"slug":"sample","name":"Échantillon non imprimé","nullable":false,"eco":false,"enrichments":[]}],"viewMode":{"reseller":"default"},"type":"radio","optionsInSummary":[],"parentOptions":[],"required":true},{"slug":"urgency","title":"Urgence","locked":false,"options":[{"slug":"standard","name":"Standard","nullable":false,"eco":false,"enrichments":[]}],"viewMode":{"reseller":"default"},"type":"radio","optionsInSummary":[],"parentOptions":[],"required":true},{"slug":"brand_name","title":"Marque et type","locked":false,"options":[{"slug":"tokenring","name":"Tokenring","nullable":true,"eco":false,"enrichments":[]}],"viewMode":{"reseller":"default"},"type":"radio","optionsInSummary":[],"parentOptions":[],"required":false},{"slug":"article_number","title":"Numéro d'article","locked":false,"options":[{"slug":"mo9748-05","nullable":false,"eco":false,"enrichments":[],"name":"MO9748-05"},{"slug":"mo9748-06","nullable":false,"eco":false,"enrichments":[],"name":"MO9748-06"},{"slug":"mo9748-37","nullable":false,"eco":false,"enrichments":[],"name":"MO9748-37"}],"viewMode":{"reseller":"default"},"type":"radio","optionsInSummary":[],"parentOptions":[],"required":true},{"slug":"delivery","title":"Préférence d'emballage","locked":false,"options":[{"slug":"shipping_midocean","name":"Shipping Midocean","nullable":false,"eco":false,"enrichments":[]},{"slug":"none","name":"Sans","nullable":true,"eco":false,"enrichments":[]}],"viewMode":{"reseller":"default"},"type":"radio","optionsInSummary":[],"parentOptions":[],"required":false},{"slug":"handling_costs","title":"Frais de manutention","locked":false,"options":[{"slug":"handlings_cost_b","name":"Frais de manutention b","nullable":false,"eco":false,"enrichments":[]}],"viewMode":{"reseller":"default"},"type":"radio","optionsInSummary":[],"parentOptions":[],"required":true},{"slug":"box_delivery","locked":false,"options":[{"slug":"500","nullable":false,"eco":false,"enrichments":[],"name":"500"}],"viewMode":{"reseller":"default"},"type":"number","optionsInSummary":[],"parentOptions":[],"required":true,"title":"box_delivery"}],"maxDesigns":1,"bleed":"0","hsCode":"7326909800","isAvailableInUserRegion":true,"hasAccessories":false,"accessoryExcludes":[],"category":["gifts-merchandise-promotional","goodies-games","keychains-keycords","keychains"],"flexibleprintingmethod":false,"propertyGroups":[{"slug":"key-ring-trolley-euro-token-ysllxwfq","columnWidth":{"reseller":"summary"},"columnHeight":{},"properties":["summary_image","material","size","packaging_quantity"]},{"slug":"key-ring-trolley-euro-token-hbefswhw","columnWidth":{"reseller":"third"},"properties":["printtype","color","print_position"]},{"slug":"key-ring-trolley-euro-token-qdpizzvy","columnWidth":{"reseller":"third"},"properties":["copies"]},{"slug":"key-ring-trolley-euro-token-gczvfhlk","columnWidth":{"reseller":"hidden"},"columnHeight":{},"properties":["printingmethod","urgency","brand_name","article_number","delivery","handling_costs","box_delivery"]}],"excludes":[[{"property":"printtype","options":["00"]},{"property":"printingmethod","options":["engraving"]}],[{"options":["10_engraving"],"property":"printtype"},{"property":"printingmethod","options":["sample"]}],[{"property":"printtype","options":["10_engraving"]},{"property":"print_position","options":["none"]}],[{"property":"printtype","options":["00"]},{"property":"print_position","options":["back"]}]],"warnings":[]}