{"sku":"knife-30-degrees-9mm","active":true,"titleSingle":"Cutter  30° ","titlePlural":"Cutters  30° ","createdAt":"2023-10-12T14:47:08.783Z","updatedAt":"2024-02-14T10:49:37.621Z","introductionDate":"2023-10-12T14:47:08.783Z","properties":[{"slug":"summary_image","locked":false,"options":[{"slug":"knife_30_degrees_9mm","name":"knife_30_degrees_9mm","nullable":true,"eco":false,"enrichments":[]}],"viewMode":{"reseller":"icons"},"type":"checkbox","optionsInSummary":[],"parentOptions":[],"title":"summary_image"},{"slug":"size","title":"Format (largeur x hauteur)","locked":false,"options":[{"slug":"knife_138_10","name":"138 x 10 mm","nullable":false,"width":138,"height":10}],"viewMode":{"reseller":"default"},"type":"radio","optionsInSummary":[],"parentOptions":[]},{"slug":"material","title":"Support","locked":false,"options":[{"slug":"1000gr_stainless-steel","name":"Acier inox","nullable":false,"eco":false,"enrichments":[]}],"viewMode":{"reseller":"default"},"type":"radio","optionsInSummary":[],"parentOptions":[]},{"slug":"copies","title":"Quantité","locked":false,"options":[],"viewMode":{"reseller":"copies"},"optionsInSummary":[],"copiesInSummary":{},"rangeSets":[{"options":[{"max":100,"steps":1,"min":0}],"summary":[1,2,3,4,5],"printingmethod":"raw_material"}],"copyLimit":{},"parentOptions":[]},{"slug":"printingmethod","title":"Méthode d'impression","locked":false,"options":[{"slug":"raw_material","name":"Sans impression","nullable":false,"eco":false,"enrichments":[]}],"viewMode":{"reseller":"default"},"type":"radio","optionsInSummary":[],"parentOptions":[]},{"slug":"accessories","title":"Accessoires","locked":false,"options":[{"slug":"knife_30_degrees_9mm","name":"Couteau","nullable":false,"eco":false,"enrichments":[]}],"viewMode":{"reseller":"icons"},"type":"radio","optionsInSummary":[],"parentOptions":[]},{"slug":"printtype","title":"Impression","locked":false,"options":[{"slug":"00","name":"Non imprimé","nullable":false,"eco":false,"pages":[{"numberOfColors":1,"colorspace":"indexed"}],"enrichments":[]}],"viewMode":{"reseller":"default"},"type":"radio","optionsInSummary":[],"parentOptions":[]},{"slug":"urgency","title":"Urgence","locked":false,"options":[{"slug":"standard","name":"Standard","nullable":false,"eco":false,"enrichments":[]},{"slug":"quick","name":"Rapide","nullable":false,"eco":false,"enrichments":[]},{"slug":"urgent","name":"Urgent","nullable":false,"eco":false,"enrichments":[]},{"slug":"moderate","nullable":false,"eco":false,"enrichments":[],"name":"Moderate"}],"viewMode":{"reseller":"default"},"type":"radio","optionsInSummary":[],"parentOptions":[]}],"maxDesigns":1,"hsCode":"8211939000","isAvailableInUserRegion":true,"hasAccessories":false,"accessoryExcludes":[],"propertyGroups":[{"slug":"knife-30-degrees-9mm-miljdjwv","columnWidth":{"reseller":"summary"},"properties":["summary_image","size","material"],"title":"Type"},{"slug":"knife-30-degrees-9mm-vpjofean","columnWidth":{"reseller":"two-columns"},"properties":["copies"],"title":"Amount"},{"slug":"knife-30-degrees-9mm-hieggort","columnWidth":{"reseller":"hidden"},"properties":["printingmethod","accessories","printtype","urgency"],"title":"Hidden"}],"excludes":[],"warnings":[]}