{"sku":"labels-on-roll","active":true,"titleSingle":"Etiquettes en rouleau","titlePlural":"Etiquettes en rouleau","createdAt":"2023-08-21T14:37:50.265Z","updatedAt":"2024-10-28T12:45:02.304Z","properties":[{"slug":"output_direction","title":"Déroulage des étiquettes","locked":false,"options":[{"slug":"outer_180","name":"Sticker en rouleau N°1","nullable":false,"eco":false,"enrichments":[]},{"slug":"outer_0","name":"Sticker en rouleau N° 2","nullable":false,"eco":false,"enrichments":[]},{"slug":"outer_270","name":"Sticker en rouleau N°3","nullable":false,"eco":false,"enrichments":[]},{"slug":"outer_90","name":"Sticker en rouleau N°4","nullable":false,"eco":false,"enrichments":[]},{"slug":"inner_180","name":"Sticker en rouleau N°5","nullable":false,"eco":false,"enrichments":[]},{"slug":"inner_0","name":"Sticker en rouleau N°6","nullable":false,"eco":false,"enrichments":[]},{"slug":"inner_270","name":"Sticker en rouleau N°7","nullable":false,"eco":false,"enrichments":[]},{"slug":"inner_90","name":"Sticker en rouleau N°8","nullable":false,"eco":false,"enrichments":[]}],"viewMode":{"reseller":"icons"},"type":"radio","optionsInSummary":[],"parentOptions":[]},{"slug":"shape","title":"Forme","locked":false,"options":[{"slug":"rectangle_sticker__2mm_rounded_corners","name":"Rectangle (coins arrondis de 2 mm)","nullable":false,"eco":false,"enrichments":[]},{"slug":"circle_label","name":"Rond ou oval ","nullable":false,"eco":false,"enrichments":[]},{"slug":"custom_shape","name":"Forme personnalisée","nullable":false,"eco":false,"enrichments":[]},{"slug":"rectangle_sticker_90_degree_angle","name":"Rectangulaire (angles de 90 degrés)","nullable":false,"eco":false,"enrichments":[]}],"viewMode":{"reseller":"default"},"type":"radio","optionsInSummary":[],"parentOptions":[]},{"slug":"size","title":"Format (largeur x hauteur)","locked":false,"options":[{"slug":"30_mm_circular","name":"Rond dia. 30 mm","nullable":false,"width":30,"height":30,"parent":"rond"},{"slug":"35_mm_circular","name":"35 mm rond","nullable":false,"width":35,"height":35,"parent":"rond"},{"slug":"40_mm_circular","name":"Rond dia. 40 mm","nullable":false,"width":40,"height":40,"parent":"rond"},{"slug":"45_mm_circular","name":"Rond dia. 45 mm","nullable":false,"width":45,"height":45,"parent":"rond"},{"slug":"50_mm_circular","name":"50 mm rond ","nullable":false,"width":50,"height":50,"parent":"rond"},{"slug":"75_mm_circular","name":"75 mm rond ","nullable":false,"width":75,"height":75,"parent":"rond"},{"slug":"130_mm_circular","name":"Rond Ø 130 mm","nullable":false,"width":130,"height":130,"parent":"rond"},{"slug":"35_mm_square","name":"35 x 35 mm","nullable":false,"width":35,"height":35,"parent":"square"},{"slug":"30_mm_square","name":"30 x 30 mm","nullable":false,"width":30,"height":30,"parent":"square"},{"slug":"40_mm_square","name":"40 x 40 mm","nullable":false,"width":40,"height":40,"parent":"square"},{"slug":"45_mm_square","name":"45 x 45 mm","nullable":false,"width":45,"height":45,"parent":"square"},{"slug":"50_mm_square","name":"50 x 50 mm","nullable":false,"width":50,"height":50,"parent":"square"},{"slug":"75_mm_square","name":"75 x 75 mm","nullable":false,"width":75,"height":75,"parent":"square"},{"slug":"80_x_120_mm_winelabel","name":"80 x 120 mm Etiquette vin","nullable":false,"width":80,"height":120},{"slug":"90_x_110_mm_winelabel","name":"90 x 110 mm Etiquette vin","nullable":false,"width":90,"height":110},{"slug":"100_x_120_mm_winelabel","name":"100 x 120 mm - étiquette vin","nullable":false,"width":100,"height":120},{"slug":"a6","name":"A6 - 105 x 148 mm","nullable":false,"width":"105","height":"148","parent":"a_formaten"},{"slug":"a7","name":"A7 - 74 x 105 mm","nullable":false,"width":"74","height":"105","parent":"a_formaten"},{"slug":"a8","name":"A8 - 52 x 74 mm","nullable":false,"width":"52","height":"74","parent":"a_formaten"},{"slug":"50_x_30_mm_oval","name":"50 x 30 mm oval","nullable":false,"width":50,"height":30,"parent":"oval_beer"},{"slug":"60_x_40_mm_oval","name":"60 x 40 mm oval","nullable":false,"width":60,"height":40,"parent":"oval_beer"},{"slug":"70_x_50_mm_oval","name":"70 x 50 mm oval","nullable":false,"width":70,"height":50,"parent":"oval_beer"},{"slug":"50_x_25_mm","name":"50 x 25 mm","nullable":false,"width":50,"height":25,"parent":"rectangle"},{"slug":"50_x_30_mm_label","name":"50 x 30 mm","nullable":false,"width":50,"height":30,"parent":"rectangle"},{"slug":"50_x_35_mm","name":"50 x 35 mm","nullable":false,"width":50,"height":35,"parent":"rectangle"},{"slug":"50_x_40_mm_label","name":"50 x 40 mm","nullable":false,"width":50,"height":40,"parent":"rectangle"},{"slug":"60_x_25_mm","name":"60 x 25 mm","nullable":false,"width":60,"height":25,"parent":"rectangle"},{"slug":"60_x_30_mm","name":"60 x 30 mm","nullable":false,"width":60,"height":30,"parent":"rectangle"},{"slug":"60_x_40_mm_label","name":"60 x 40 mm","nullable":false,"width":60,"height":40,"parent":"rectangle"},{"slug":"70_x_50_mm","name":"70 x 50 mm","nullable":false,"width":70,"height":50,"parent":"rectangle"},{"slug":"custom","nullable":false,"customSizes":{"minHeight":10,"sizeUnit":"MM","minWidth":10,"maxHeight":600,"maxWidth":600}}],"viewMode":{"reseller":"summary-modal"},"type":"radio","optionsInSummary":["35_mm_circular","40_mm_circular","45_mm_circular","30_mm_square","35_mm_square","40_mm_square","50_x_30_mm_label","60_x_40_mm_label","50_x_30_mm_oval","a6"],"parentOptions":[{"slug":"rond","name":"Rond","nullable":false,"width":1,"height":1},{"slug":"square","name":"Carré","nullable":false,"width":1,"height":1},{"slug":"a_formaten","name":"Format Din A","nullable":false,"width":1,"height":1},{"slug":"oval_beer","name":"Oval","nullable":false,"width":125,"height":95},{"slug":"rectangle","name":"Rectangulaire","nullable":false,"width":1,"height":1}]},{"slug":"roll_diameter","title":"Diamètre de l'enrouleur central","locked":false,"options":[{"slug":"40_mm","name":"40 mm","nullable":false,"eco":false,"enrichments":[]},{"slug":"45_mm","name":"45 mm","nullable":false,"eco":false,"enrichments":[]},{"slug":"76_mm","name":"76 mm","nullable":false,"eco":false,"enrichments":[]}],"viewMode":{"reseller":"default"},"type":"radio","optionsInSummary":[],"parentOptions":[]},{"slug":"material","title":"Support","locked":false,"options":[{"slug":"55gr_pp_white_gloss","name":"PP blanc brillant 55 g/m²","nullable":false,"eco":false,"parent":"1gr_pp","enrichments":[{"propertySlug":"color","optionSlug":"#ffffff"}]},{"slug":"55gr_pp_white_mat","name":"PP blanc mat 55 g/m²","nullable":false,"eco":false,"parent":"1gr_pp","enrichments":[{"propertySlug":"color","optionSlug":"#ffffff"}]},{"slug":"55gr_pp_white_transparant","name":"PP transparent 50 g/m²","nullable":false,"eco":false,"parent":"1gr_pp","enrichments":[{"propertySlug":"color","optionSlug":"#f8feff"}]},{"slug":"70gr_paper_mat","name":"Papier mat 70 g/m²","nullable":false,"eco":false,"parent":"1gr_paper","enrichments":[{"propertySlug":"thickness","optionSlug":"0.15"},{"propertySlug":"color","optionSlug":"#ffffff"}]},{"slug":"80gr_paper_gloss","name":"Papier brillant 80 g/m²","nullable":false,"eco":false,"parent":"1gr_paper","enrichments":[{"propertySlug":"thickness","optionSlug":"0.2"},{"propertySlug":"color","optionSlug":"#ffffff"}]},{"slug":"85gr_zelfklevend_papier_zilver_glans","name":"Papier autocollant 85 g/m² argent brillant","nullable":false,"eco":false,"parent":"1gr_paper","enrichments":[{"propertySlug":"color","optionSlug":"#cdcdcd"}]},{"slug":"80gr_kraft","name":"Papier kraft brun 80 g/m²","nullable":false,"eco":true,"parent":"1gr_paper","enrichments":[{"propertySlug":"color","optionSlug":"#c2a07b"}]},{"slug":"65gr_natureflex_transparent","name":"NatureFlex™ Transparent 65 g/m²","nullable":false,"eco":true,"parent":"1gr_eco","enrichments":[{"propertySlug":"thickness","optionSlug":"0.045"},{"propertySlug":"color","optionSlug":"#f8feff"}]},{"slug":"65gr_natureflex_white","name":"NatureFlex™ Blanc 65 g/m²","nullable":false,"eco":true,"parent":"1gr_eco","enrichments":[{"propertySlug":"thickness","optionSlug":"0.042"},{"propertySlug":"color","optionSlug":"#ffffff"}]},{"slug":"70gr_paperwise_natural","name":"Paperwise® Natural 70 g/m²","nullable":false,"eco":true,"parent":"1gr_eco","enrichments":[{"propertySlug":"thickness","optionSlug":"0.095"},{"propertySlug":"color","optionSlug":"#ece4cf"}]},{"slug":"75gr_paperwise_white","name":"Paperwise® Blanc 75 g/m²","nullable":false,"eco":true,"parent":"1gr_eco","enrichments":[{"propertySlug":"thickness","optionSlug":"0.104"},{"propertySlug":"color","optionSlug":"#ffffff"}]},{"slug":"90gr_coverall","name":"Papier opaque semi-brillant 90 g/m²","nullable":false,"eco":false,"parent":"1gr_specials","enrichments":[{"propertySlug":"color","optionSlug":"#ffffff"}]},{"slug":"90gr_antique_white","name":"Blanc antique 90 g/m²","nullable":false,"eco":false,"parent":"1gr_specials","enrichments":[{"propertySlug":"color","optionSlug":"#f9f5ea"}]},{"slug":"95gr_tintoretto_gesso","nullable":false,"eco":false,"parent":"1gr_specials","enrichments":[{"propertySlug":"thickness","optionSlug":"0.135"},{"propertySlug":"color","optionSlug":"#ffffff"}],"name":"Tintoretto Gesso 95 g/m²"},{"slug":"98gr_pp_holo_rainbow","nullable":false,"eco":false,"parent":"1gr_specials","enrichments":[{"propertySlug":"thickness","optionSlug":"0.112"},{"propertySlug":"color","optionSlug":"linear-gradient(90deg, rgba(255,169,169,1) 5%, rgba(230,230,230,1) 12%, rgba(255,251,184,1) 25%, rgba(230,230,230,1) 37%, rgba(174,247,176,1) 50%, rgba(230,230,230,1) 63%, rgba(230,230,230,1) 72%, rgba(161,166,255,1) 80%, rgba(255,204,250,1) 92%"}],"name":"Holographique PP 98 g/m²"},{"slug":"80gr_neon_paper_green","name":"Papier vert fluo 80 g/m² ","nullable":false,"eco":false,"parent":"1gr_fluoriserend_neon","enrichments":[{"propertySlug":"color","optionSlug":"#0FFF50"}]},{"slug":"80gr_neon_paper_orange","name":"Papier orange fluo 80 g/m²","nullable":false,"eco":false,"parent":"1gr_fluoriserend_neon","enrichments":[{"propertySlug":"color","optionSlug":"#ff7f4c"}]},{"slug":"80gr_neon_paper_yellow","name":"Papier jaune fluo 80 g/m² ","nullable":false,"eco":false,"parent":"1gr_fluoriserend_neon","enrichments":[{"propertySlug":"color","optionSlug":"#EDFF00"}]},{"slug":"80gr_neon_paper_red","name":"Papier rouge  fluo 80 g/m² ","nullable":false,"eco":false,"parent":"1gr_fluoriserend_neon","enrichments":[{"propertySlug":"color","optionSlug":"#EB3C27"}]},{"slug":"80gr_neon_paper_magenta","name":"Papier magenta fluo 80 g/m² ","nullable":false,"eco":false,"parent":"1gr_fluoriserend_neon","enrichments":[{"propertySlug":"color","optionSlug":"#FF2965"}]}],"viewMode":{"reseller":"summary-modal"},"type":"radio","optionsInSummary":["80gr_paper_gloss","70gr_paper_mat","90gr_coverall","55gr_pp_white_gloss","65gr_natureflex_white","70gr_paperwise_natural","95gr_tintoretto_gesso","98gr_pp_holo_rainbow"],"parentOptions":[{"slug":"1gr_paper","name":"Papier","nullable":false,"eco":false,"enrichments":[]},{"slug":"1gr_pp","name":"Plastique","nullable":false,"eco":false,"enrichments":[]},{"slug":"1gr_specials","name":"Spécial","nullable":false,"eco":false,"enrichments":[]},{"slug":"1gr_fluoriserend_neon","name":"Néon fluorescent","nullable":false,"eco":false,"enrichments":[]},{"slug":"1gr_eco","name":"Aspect Eco/recyclé","nullable":false,"eco":true,"enrichments":[]}]},{"slug":"type_glue","title":"Type de colle","locked":false,"options":[{"slug":"permanent","name":"Permante","nullable":false,"eco":false,"enrichments":[]},{"slug":"detachable","name":"Enlevable","nullable":false,"eco":false,"enrichments":[]},{"slug":"extra_permanent","name":"Extra permanente","nullable":false,"eco":false,"enrichments":[]},{"slug":"freezer_resistant","name":"Résistante au gel","nullable":false,"eco":false,"enrichments":[]}],"viewMode":{"reseller":"default"},"type":"radio","optionsInSummary":[],"parentOptions":[]},{"slug":"printtype","title":"Impression","locked":false,"options":[{"slug":"40","name":"4/0 quadri recto","nullable":false,"eco":false,"pages":[{"numberOfColors":4,"colorspace":"cmyk"}],"enrichments":[]},{"slug":"50_full_color_plus_white","name":"5/0 quadri + blanc","nullable":false,"eco":false,"pages":[{"numberOfColors":5,"colorspace":"indexed"}],"enrichments":[]},{"slug":"10_pms_black","name":"1/0 Pantone noir","nullable":false,"eco":false,"pages":[{"numberOfColors":1,"colorspace":"indexed"}],"enrichments":[]}],"viewMode":{"reseller":"default"},"type":"radio","optionsInSummary":[],"parentOptions":[]},{"slug":"finish","title":"Pelliculage ou vernis","locked":false,"options":[{"slug":"geen","name":"Sans","nullable":true,"eco":false,"enrichments":[]},{"slug":"single_sided_vernis_gloss","name":"Vernis brillant recto seul","nullable":false,"eco":false,"enrichments":[]}],"viewMode":{"reseller":"default"},"type":"radio","optionsInSummary":[],"parentOptions":[]},{"slug":"spot_finish","title":"Dorure repérée","locked":false,"options":[{"slug":"none","name":"Sans","nullable":true,"eco":false,"enrichments":[]},{"slug":"single_sided_foil_gold","name":"Dorure or recto","nullable":false,"eco":false,"enrichments":[]},{"slug":"single_sided_foil_silver","name":"Dorure argent recto","nullable":false,"eco":false,"enrichments":[]},{"slug":"single_sided_foil_copper","name":"Dorure cuivre recto","nullable":false,"eco":false,"enrichments":[]},{"slug":"single_sided_foil_rose","name":"Dorure à chaud or rosé recto","nullable":false,"eco":false,"enrichments":[]}],"viewMode":{"reseller":"default"},"type":"checkbox","optionsInSummary":[],"parentOptions":[]},{"slug":"copies","title":"Quantité","locked":false,"options":[{"slug":100,"nullable":false,"type":"digital"},{"slug":250,"nullable":false,"type":"digital"},{"slug":300,"nullable":false,"type":"digital"},{"slug":400,"nullable":false,"type":"digital"},{"slug":500,"nullable":false,"type":"digital"},{"slug":700,"nullable":false,"type":"digital"},{"slug":1000,"nullable":false,"type":"digital"},{"slug":2500,"nullable":false,"type":"digital"},{"slug":5000,"nullable":false,"type":"digital"},{"slug":10000,"nullable":false,"type":"digital"}],"viewMode":{"reseller":"copies"},"optionsInSummary":[],"copiesInSummary":{"digital":10},"rangeSets":[{"options":[{"steps":1,"max":100000,"min":100},{"max":350000,"steps":1,"min":100001}],"summary":[100,250,300,400,500,1000,10000,50000,150000,200000],"printingmethod":"digital"}],"copyLimit":{"digital":150000},"parentOptions":[]},{"slug":"number_of_rolls","title":"Nombre de rouleaux","locked":false,"options":[{"slug":"divide_equally","name":"Répartition uniforme (le nombre d'autocollants est indiqué sur le rouleau)","nullable":false,"eco":false,"enrichments":[]},{"slug":"1","name":"1","description":"Nombre de rouleaux: 1","nullable":false,"eco":false,"parent":"number_of_rolls","enrichments":[]},{"slug":"2","name":"2","description":"Nombre de rouleaux: 2","nullable":false,"eco":false,"parent":"number_of_rolls","enrichments":[]},{"slug":"3","name":"3","description":"Nombre de rouleaux: 3","nullable":false,"eco":false,"parent":"number_of_rolls","enrichments":[]},{"slug":"4","name":"4","description":"Nombre de rouleaux: 4","nullable":false,"eco":false,"parent":"number_of_rolls","enrichments":[]},{"slug":"5","name":"5","description":"Nombre de rouleaux: 5","nullable":false,"eco":false,"parent":"number_of_rolls","enrichments":[]},{"slug":"6","name":"6","description":"Nombre de rouleaux: 6","nullable":false,"eco":false,"parent":"number_of_rolls","enrichments":[]},{"slug":"7","name":"7","description":"Nombre de rouleaux: 7","nullable":false,"eco":false,"parent":"number_of_rolls","enrichments":[]},{"slug":"8","name":"8","description":"Nombre de rouleaux: 8","nullable":false,"eco":false,"parent":"number_of_rolls","enrichments":[]},{"slug":"9","name":"9","description":"Nombre de rouleaux: 9","nullable":false,"eco":false,"parent":"number_of_rolls","enrichments":[]},{"slug":"10","name":"10","description":"Nombre de rouleaux: 10","nullable":false,"eco":false,"parent":"number_of_rolls","enrichments":[]},{"slug":"11","name":"11","description":"Nombre de rouleaux: 11","nullable":false,"eco":false,"parent":"number_of_rolls","enrichments":[]},{"slug":"12","name":"12","description":"Nombre de rouleaux: 12","nullable":false,"eco":false,"parent":"number_of_rolls","enrichments":[]},{"slug":"13","name":"13","description":"Nombre de rouleaux: 13","nullable":false,"eco":false,"parent":"number_of_rolls","enrichments":[]},{"slug":"14","name":"14","description":"Nombre de rouleaux: 14","nullable":false,"eco":false,"parent":"number_of_rolls","enrichments":[]},{"slug":"15","name":"15","description":"Nombre de rouleaux: 15","nullable":false,"eco":false,"parent":"number_of_rolls","enrichments":[]},{"slug":"16","name":"16","description":"Nombre de rouleaux: 16","nullable":false,"eco":false,"parent":"number_of_rolls","enrichments":[]},{"slug":"17","name":"17","description":"Nombre de rouleaux: 17","nullable":false,"eco":false,"parent":"number_of_rolls","enrichments":[]},{"slug":"18","name":"18","description":"Nombre de rouleaux: 18","nullable":false,"eco":false,"parent":"number_of_rolls","enrichments":[]},{"slug":"19","name":"19","description":"Nombre de rouleaux: 19","nullable":false,"eco":false,"parent":"number_of_rolls","enrichments":[]},{"slug":"20","name":"20","description":"Nombre de rouleaux: 20","nullable":false,"eco":false,"parent":"number_of_rolls","enrichments":[]},{"slug":"21","name":"21","description":"Nombre de rouleaux: 21","nullable":false,"eco":false,"parent":"number_of_rolls","enrichments":[]},{"slug":"22","name":"22","description":"Nombre de rouleaux: 22","nullable":false,"eco":false,"parent":"number_of_rolls","enrichments":[]},{"slug":"23","name":"23","description":"Nombre de rouleaux: 23","nullable":false,"eco":false,"parent":"number_of_rolls","enrichments":[]},{"slug":"24","name":"24","description":"Nombre de rouleaux: 24","nullable":false,"eco":false,"parent":"number_of_rolls","enrichments":[]},{"slug":"25","name":"25","description":"Nombre de rouleaux: 25","nullable":false,"eco":false,"parent":"number_of_rolls","enrichments":[]},{"slug":"27","name":"27","description":"Nombre de rouleaux: 27","nullable":false,"eco":false,"parent":"number_of_rolls","enrichments":[]},{"slug":"26","name":"26","description":"Nombre de rouleaux: 26","nullable":false,"eco":false,"parent":"number_of_rolls","enrichments":[]},{"slug":"28","name":"28","description":"Nombre de rouleaux: 28","nullable":false,"eco":false,"parent":"number_of_rolls","enrichments":[]},{"slug":"29","name":"29","description":"Nombre de rouleaux: 29","nullable":false,"eco":false,"parent":"number_of_rolls","enrichments":[]},{"slug":"30","name":"30","description":"Nombre de rouleaux: 30","nullable":false,"eco":false,"parent":"number_of_rolls","enrichments":[]},{"slug":"32","nullable":false,"eco":false,"parent":"number_of_rolls","enrichments":[],"name":"32"},{"slug":"35","name":"35","description":"Nombre de rouleaux: 35","nullable":false,"eco":false,"parent":"number_of_rolls","enrichments":[]},{"slug":"40","name":"40","description":"Nombre de rouleaux: 40","nullable":false,"eco":false,"parent":"number_of_rolls","enrichments":[]},{"slug":"41","name":"41","description":"Nombre de rouleaux: 41","nullable":false,"eco":false,"parent":"number_of_rolls","enrichments":[]},{"slug":"46","name":"46","description":"Nombre de rouleaux: 46","nullable":false,"eco":false,"parent":"number_of_rolls","enrichments":[]},{"slug":"50","name":"50","description":"Nombre de rouleaux: 50","nullable":false,"eco":false,"parent":"number_of_rolls","enrichments":[]},{"slug":"55","name":"55","description":"Nombre de rouleaux: 55","nullable":false,"eco":false,"parent":"number_of_rolls","enrichments":[]},{"slug":"60","name":"60","description":"Nombre de rouleaux: 60","nullable":false,"eco":false,"parent":"number_of_rolls","enrichments":[]},{"slug":"61","name":"61","description":"Nombre de rouleaux: 61","nullable":false,"eco":false,"parent":"number_of_rolls","enrichments":[]},{"slug":"66","name":"66","description":"Nombre de rouleaux: 66","nullable":false,"eco":false,"parent":"number_of_rolls","enrichments":[]},{"slug":"67","name":"67","description":"Nombre de rouleaux: 67","nullable":false,"eco":false,"parent":"number_of_rolls","enrichments":[]},{"slug":"77","name":"77","description":"Nombre de rouleaux: 77","nullable":false,"eco":false,"parent":"number_of_rolls","enrichments":[]},{"slug":"80","name":"80","description":"Nombre de rouleaux: 80","nullable":false,"eco":false,"parent":"number_of_rolls","enrichments":[]},{"slug":"84","name":"84","description":"Nombre de rouleaux: 84","nullable":false,"eco":false,"parent":"number_of_rolls","enrichments":[]},{"slug":"87","nullable":false,"eco":false,"parent":"number_of_rolls","enrichments":[],"name":"87"},{"slug":"100","name":"100","description":"Nombre de rouleaux: 100","nullable":false,"eco":false,"parent":"number_of_rolls","enrichments":[]},{"slug":"120","name":"120","description":"Nombre de rouleaux: 120","nullable":false,"eco":false,"parent":"number_of_rolls","enrichments":[]},{"slug":"131","name":"131","description":"Nombre de rouleaux: 131","nullable":false,"eco":false,"parent":"number_of_rolls","enrichments":[]},{"slug":"150","name":"150","description":"Nombre de rouleaux: 150","nullable":false,"eco":false,"parent":"number_of_rolls","enrichments":[]},{"slug":"180","name":"180","description":"Nombre de rouleaux: 180","nullable":false,"eco":false,"parent":"number_of_rolls","enrichments":[]},{"slug":"200","name":"200","description":"Nombre de rouleaux: 200","nullable":false,"eco":false,"parent":"number_of_rolls","enrichments":[]},{"slug":"204","nullable":false,"eco":false,"parent":"number_of_rolls","enrichments":[],"name":"204"},{"slug":"250","name":"250","description":"Nombre de rouleaux: 250","nullable":false,"eco":false,"parent":"number_of_rolls","enrichments":[]},{"slug":"300","name":"300","description":"Nombre de rouleaux: 300","nullable":false,"eco":false,"parent":"number_of_rolls","enrichments":[]},{"slug":"500","name":"500","description":"Nombre de rouleaux: 500","nullable":false,"eco":false,"parent":"number_of_rolls","enrichments":[]}],"viewMode":{"reseller":"summary-modal"},"type":"radio","optionsInSummary":["divide_equally","1","2","3","4","5","10","15"],"parentOptions":[{"slug":"number_of_rolls","name":"Nombre de rouleaux souhaité","nullable":false,"eco":false,"enrichments":[]}]},{"slug":"roll_length","title":"Longueur d'un rouleau","locked":false,"options":[],"viewMode":{"reseller":"measurement"},"type":"radio","optionsInSummary":[],"parentOptions":[]},{"slug":"total_length","title":"Longueur totale","locked":false,"options":[],"viewMode":{"reseller":"measurement"},"type":"radio","optionsInSummary":[],"parentOptions":[]},{"slug":"copies_per_roll","title":"Nombre d'étiquettes par rouleau","locked":false,"options":[],"viewMode":{"reseller":"default"},"type":"radio","optionsInSummary":[],"parentOptions":[]},{"slug":"label_dispenser","title":"Boîte pour distributions d´étiquettes","locked":false,"options":[{"slug":"none","name":"Sans","nullable":true,"eco":false,"enrichments":[]},{"slug":"label_dispenser_1","name":"1 boîte","nullable":false,"eco":false,"enrichments":[]},{"slug":"label_dispenser_2","name":"2 boîtes","nullable":false,"eco":false,"enrichments":[]},{"slug":"label_dispenser_3","name":"3 boîtes","nullable":false,"eco":false,"enrichments":[]},{"slug":"label_dispenser_4","name":"4 boîtes","nullable":false,"eco":false,"enrichments":[]},{"slug":"label_dispenser_5","name":"5 boîtes","nullable":false,"eco":false,"enrichments":[]},{"slug":"label_dispenser_6","name":"6 boîtes","nullable":false,"eco":false,"enrichments":[]},{"slug":"label_dispenser_7","name":"7 boîtes","nullable":false,"eco":false,"enrichments":[]},{"slug":"label_dispenser_8","name":"8 boîtes","nullable":false,"eco":false,"enrichments":[]},{"slug":"label_dispenser_9","name":"9 boîtes","nullable":false,"eco":false,"enrichments":[]},{"slug":"label_dispenser_10","name":"10 boîtes","nullable":false,"eco":false,"enrichments":[]},{"slug":"label_dispenser_12","name":"12 boîtes","nullable":false,"eco":false,"enrichments":[]},{"slug":"label_dispenser_20","name":"20 boîtes","nullable":false,"eco":false,"enrichments":[]},{"slug":"label_dispenser_30","name":"30 boîtes","nullable":false,"eco":false,"enrichments":[]},{"slug":"label_dispenser_60","name":"60 boîtes","nullable":false,"eco":false,"enrichments":[]},{"slug":"label_dispenser_78","nullable":false,"eco":false,"enrichments":[],"name":"78 boîtes"},{"slug":"label_dispenser_87","nullable":false,"eco":false,"enrichments":[],"name":"87 boîtes"}],"viewMode":{"reseller":"dropdown"},"type":"radio","optionsInSummary":[],"parentOptions":[]},{"slug":"printingmethod","title":"Méthode d'impression","locked":false,"options":[{"slug":"digital","name":"Digital","nullable":false,"eco":false,"enrichments":[]}],"viewMode":{"reseller":"default"},"type":"radio","optionsInSummary":[],"parentOptions":[]},{"slug":"urgency","title":"Urgence","locked":false,"options":[{"slug":"quick","name":"Rapide","nullable":false,"eco":false,"enrichments":[]},{"slug":"urgent","name":"Urgent","nullable":false,"eco":false,"enrichments":[]},{"slug":"standard","name":"Standard","nullable":false,"eco":false,"enrichments":[]}],"viewMode":{"reseller":"default"},"type":"radio","optionsInSummary":[],"parentOptions":[]},{"slug":"handling_costs","title":"Frais de manutention","locked":false,"options":[{"slug":"handling_roll_labels","name":"Forfait fixe pour propre quantité ","nullable":false,"eco":false,"enrichments":[]}],"viewMode":{"reseller":"default"},"type":"radio","optionsInSummary":[],"parentOptions":[]}],"maxDesigns":5,"bleed":"1.5","hsCode":"4821101000","isAvailableInUserRegion":true,"hasAccessories":false,"accessoryExcludes":[],"propertyGroups":[{"slug":"labels-on-roll-yqpgiovv","columnWidth":{"reseller":"full"},"properties":["output_direction"]},{"slug":"labels-on-roll-oznmnfgu","columnWidth":{"reseller":"third"},"properties":["shape","size","roll_diameter"],"title":"Format (largeur x hauteur)"},{"slug":"labels-on-roll-ajxdvzuy","columnWidth":{"reseller":"third"},"properties":["material","type_glue","printtype","finish","spot_finish"]},{"slug":"labels-on-roll-zydxzcpy","columnWidth":{"reseller":"third"},"properties":["copies","number_of_rolls"],"title":"Quantité"},{"slug":"labels-on-roll-cnlvwseg","columnWidth":{"reseller":"meta"},"title":"Caractéristiques des rouleaux","properties":["roll_length","total_length","copies_per_roll"]},{"slug":"labels-on-roll-hmvidsav","columnWidth":{"reseller":"extras-three-columns"},"columnHeight":{},"properties":["label_dispenser"],"title":"Extras"},{"slug":"labels-on-roll-mnyyyjnp","columnWidth":{"reseller":"hidden"},"properties":["printingmethod","urgency","handling_costs"],"title":"Hidden"}],"excludes":[[{"options":["geen"],"property":"finish"},{"property":"material","options":["55gr_pp_white_gloss","85gr_zelfklevend_papier_zilver_glans","80gr_paper_gloss","98gr_pp_holo_rainbow"]}],[{"options":["single_sided_vernis_mat"],"property":"finish"},{"options":["80gr_paper_gloss","55gr_pp_white_gloss","85gr_zelfklevend_papier_zilver_glans","80gr_neon_paper_green","80gr_neon_paper_orange","80gr_neon_paper_yellow","80gr_neon_paper_red","80gr_neon_paper_magenta","90gr_antique_white","98gr_pp_holo_rainbow"],"property":"material"}],[{"options":["single_sided_vernis_gloss"],"property":"finish"},{"options":["70gr_paper_mat","80gr_neon_paper_green","80gr_neon_paper_orange","80gr_neon_paper_yellow","80gr_neon_paper_red","80gr_neon_paper_magenta","55gr_pp_white_mat","75gr_paperwise_white","70gr_paperwise_natural","95gr_tintoretto_gesso"],"property":"material"}],[{"options":["55gr_pp_white_gloss","55gr_pp_white_mat","70gr_paper_mat","80gr_paper_gloss","90gr_coverall","90gr_antique_white","80gr_neon_paper_green","80gr_neon_paper_orange","80gr_neon_paper_yellow","80gr_neon_paper_red","80gr_neon_paper_magenta","65gr_natureflex_white","75gr_paperwise_white","95gr_tintoretto_gesso"],"property":"material"},{"options":["50_full_color_plus_white"],"property":"printtype"}],[{"options":["80gr_neon_paper_green","80gr_neon_paper_orange","80gr_neon_paper_yellow","80gr_neon_paper_red","80gr_neon_paper_magenta"],"property":"material"},{"options":["40","50_full_color_plus_white"],"property":"printtype"}],[{"options":["outer_180","outer_0","inner_180","inner_0"],"property":"output_direction"},{"options":["custom:width:10-305","custom:height:10-600"],"property":"size"}],[{"options":["outer_270","outer_90","inner_270","inner_90"],"property":"output_direction"},{"options":["custom:width:10-600","custom:height:10-305"],"property":"size"}],[{"options":["10_pms_black"],"property":"printtype"},{"property":"material","options":["80gr_paper_gloss","55gr_pp_white_mat","55gr_pp_white_transparant","70gr_paper_mat","90gr_coverall","90gr_antique_white","85gr_zelfklevend_papier_zilver_glans","80gr_kraft","55gr_pp_white_gloss","65gr_natureflex_transparent","65gr_natureflex_white","70gr_paperwise_natural","75gr_paperwise_white","98gr_pp_holo_rainbow","95gr_tintoretto_gesso"]}],[{"options":["custom_shape"],"property":"shape"},{"options":["00"],"property":"printtype"}],[{"options":["custom_shape","rectangle_sticker_90_degree_angle","rectangle_sticker__2mm_rounded_corners"],"property":"shape"},{"property":"size","options":["130_mm_circular","35_mm_circular","40_mm_circular","45_mm_circular","50_mm_circular","75_mm_circular","60_x_40_mm_oval","50_x_30_mm_oval","70_x_50_mm_oval","30_mm_circular"]}],[{"options":["circle_label"],"property":"shape"},{"options":["35_mm_square","30_mm_square","40_mm_square","45_mm_square","50_mm_square","75_mm_square","80_x_120_mm_winelabel","90_x_110_mm_winelabel","100_x_120_mm_winelabel","a6","a7","a8","50_x_25_mm","50_x_30_mm_label","50_x_35_mm","50_x_40_mm_label","60_x_25_mm","60_x_30_mm","60_x_40_mm_label","70_x_50_cm"],"property":"size"}],[{"property":"spot_finish","options":["foil_gold","foil_silver","foil_copper"]},{"property":"shape","options":["rectangle_sticker_90_degree_angle","circle_label","rectangle_sticker__2mm_rounded_corners"]}],[{"options":["detachable","extra_permanent"],"property":"type_glue"},{"options":["55gr_pp_white_gloss","55gr_pp_white_mat","55gr_pp_white_transparant","80gr_kraft","90gr_coverall","90gr_antique_white","85gr_zelfklevend_papier_zilver_glans","80gr_neon_paper_orange","80gr_neon_paper_green","80gr_neon_paper_yellow","80gr_neon_paper_red","80gr_neon_paper_magenta","98gr_pp_holo_rainbow"],"property":"material"}],[{"property":"type_glue","options":["freezer_resistant"]},{"options":["55gr_pp_white_mat","55gr_pp_white_gloss","55gr_pp_white_transparant","80gr_kraft","90gr_coverall","90gr_antique_white","85gr_zelfklevend_papier_zilver_glans","80gr_neon_paper_green","80gr_neon_paper_orange","80gr_neon_paper_yellow","80gr_neon_paper_red","80gr_neon_paper_magenta","98gr_pp_holo_rainbow"],"property":"material"}],[{"options":["custom:width:20-220","custom:height:20-220"],"property":"size","description":"Afmeting cliche"},{"options":["single_sided_foil_gold","single_sided_foil_silver","single_sided_foil_copper"],"property":"spot_finish"}],[{"options":["label_dispenser_1","label_dispenser_2","label_dispenser_3","label_dispenser_4","label_dispenser_5","label_dispenser_6","label_dispenser_7","label_dispenser_8","label_dispenser_9","label_dispenser_10","label_dispenser_30","label_dispenser_60","label_dispenser_12","label_dispenser_20"],"property":"label_dispenser"},{"property":"output_direction","options":["outer_180","outer_0","inner_180","inner_0"]},{"property":"size","options":["custom:width:10-118","custom:height:10-600","130_mm_circular"]}],[{"options":["label_dispenser_1","label_dispenser_2","label_dispenser_3","label_dispenser_4","label_dispenser_5","label_dispenser_6","label_dispenser_7","label_dispenser_8","label_dispenser_9","label_dispenser_10","label_dispenser_30","label_dispenser_60","label_dispenser_12","label_dispenser_20"],"property":"label_dispenser"},{"property":"output_direction","options":["outer_270","outer_90","inner_270","inner_90"]},{"property":"size","options":["custom:width:10-600","custom:height:10-118","130_mm_circular","a6"]}],[{"options":["detachable","extra_permanent","freezer_resistant"],"property":"type_glue"},{"property":"material","options":["70gr_paperwise_natural","75gr_paperwise_white","65gr_natureflex_transparent","65gr_natureflex_white","95gr_tintoretto_gesso"]}]],"warnings":[]}