{"sku":"letterbox-toner","active":true,"titleSingle":"Boîte spéciale \"boîtes aux lettres\" en papier carte 350 g/m²- digital","titlePlural":"Boîtes spéciales \"boîtes aux lettres\" en papier carte 350 g/m² - digital","createdAt":"2023-09-19T06:49:10.477Z","updatedAt":"2024-10-21T09:52:48.443Z","properties":[{"slug":"summary_image","title":"summary image","locked":false,"options":[{"slug":"letterbox-toner","nullable":true,"eco":false,"enrichments":[],"name":"letterbox-toner"}],"viewMode":{"reseller":"default"},"type":"checkbox","optionsInSummary":[],"parentOptions":[]},{"slug":"size","title":"Format intérieur (largeur x longueur x hauteur)","locked":false,"options":[{"slug":"90_x_140_x_30_mm","name":"XS (90 x 140 x 30 mm)","nullable":false,"width":"269","height":"281","parent":"group_standard"},{"slug":"167_x_121_x_17_mm","name":"A6 (167 x 121 x 17 mm)","nullable":false,"width":"239.5","height":"300.5","parent":"group_standard"},{"slug":"141_x_192_x_24_mm","name":"A6+ (141 x 192 x 24 mm)","nullable":false,"width":"295","height":"369","parent":"group_standard"},{"slug":"152_x_152_x_24_mm","name":"Carré (152 x 152 x 24 mm)","nullable":false,"width":"258","height":"390","parent":"group_standard"},{"slug":"165_x_265_x_29_mm","name":"A5 (165 x 265 x 29 mm)","nullable":false,"width":"289.5","height":"629.5","parent":"group_standard"},{"slug":"212_x_178_x_17_mm","name":"XL (212 x 178 x 17 mm)","nullable":false,"width":"254","height":"486","parent":"group_standard"},{"slug":"181_x_291_x_28_mm","name":"XXL (181 x 291 x 28 mm)","nullable":false,"width":"677.3","height":"299.9","parent":"group_standard"}],"viewMode":{"reseller":"summary-modal"},"type":"radio","optionsInSummary":["90_x_140_x_30_mm","167_x_121_x_17_mm","152_x_152_x_24_mm","165_x_265_x_29_mm"],"parentOptions":[{"slug":"group_standard","nullable":false,"width":1,"height":1,"name":"Standard sizes"}]},{"slug":"material","title":"Support","locked":false,"options":[{"slug":"350gr_incada_silk_coated_folding_cardboard","name":"350 g/m² Incada Silk carton couché ","nullable":false,"eco":false,"enrichments":[{"propertySlug":"color","optionSlug":"#ffffff"},{"propertySlug":"thickness","optionSlug":"0.590"}]}],"viewMode":{"reseller":"default"},"type":"radio","optionsInSummary":[],"parentOptions":[]},{"slug":"printtype","title":"Impression","locked":false,"options":[{"slug":"40","name":"4/0 quadri recto","nullable":false,"eco":false,"pages":[{"numberOfColors":4,"colorspace":"cmyk"}],"enrichments":[]},{"slug":"44","name":"4/4 quadri recto/verso","nullable":false,"eco":false,"pages":[{"numberOfColors":4,"colorspace":"cmyk"},{"numberOfColors":4,"colorspace":"cmyk"}],"enrichments":[]},{"slug":"00","name":"Non imprimé","nullable":false,"eco":false,"pages":[{"numberOfColors":1,"colorspace":"indexed"}],"enrichments":[]}],"viewMode":{"reseller":"default"},"type":"radio","optionsInSummary":[],"parentOptions":[]},{"slug":"personalize","title":"Personnaliser","locked":false,"options":[{"slug":"none","name":"Sans","nullable":true,"eco":false,"enrichments":[]},{"slug":"personalize_from_excel","name":"A partir d'un fichier Excel ","nullable":false,"eco":false,"enrichments":[]}],"viewMode":{"reseller":"default"},"type":"radio","optionsInSummary":[],"parentOptions":[]},{"slug":"finish","title":"Pelliculage ou vernis à l'extérieur","locked":false,"options":[{"slug":"none","name":"Sans","nullable":true,"eco":false,"enrichments":[]},{"slug":"single_sided_matt_lamination","name":"Pelliculage mat recto seul","nullable":false,"eco":false,"enrichments":[]},{"slug":"single_sided_gloss_lamination","name":"Pelliculage brillant recto seul","nullable":false,"eco":false,"enrichments":[]}],"viewMode":{"reseller":"default"},"type":"radio","optionsInSummary":[],"parentOptions":[]},{"slug":"copies","title":"Quantité","locked":false,"options":[],"viewMode":{"reseller":"copies"},"optionsInSummary":[],"copiesInSummary":{},"rangeSets":[{"options":[{"steps":1,"max":100,"min":25},{"max":200,"steps":5,"min":100},{"steps":10,"max":1000,"min":200},{"max":2500,"steps":25,"min":1000}],"summary":[25,50,75,100,250,500,1000],"printingmethod":"toner"},{"summary":[1],"options":[{"steps":1,"max":2,"min":1}],"printingmethod":"sample"}],"copyLimit":{},"parentOptions":[]},{"slug":"designs","title":"Design","locked":false,"options":[],"viewMode":{"reseller":"default"},"type":"radio","optionsInSummary":[],"parentOptions":[]},{"slug":"printingmethod","title":"Méthode d'impression","locked":false,"options":[{"slug":"toner","name":"Toner","nullable":false,"eco":false,"enrichments":[]},{"slug":"sample","name":"Échantillon non imprimé","description":"Sample","nullable":false,"eco":false,"enrichments":[]}],"viewMode":{"reseller":"default"},"type":"radio","optionsInSummary":[],"parentOptions":[]},{"slug":"urgency","title":"Urgence","locked":false,"options":[{"slug":"standard","name":"Standard","nullable":false,"eco":false,"enrichments":[]},{"slug":"moderate","nullable":false,"eco":false,"enrichments":[],"name":"Moderate"},{"slug":"quick","name":"Rapide","nullable":false,"eco":false,"enrichments":[]},{"slug":"urgent","name":"Urgent","nullable":false,"eco":false,"enrichments":[]}],"viewMode":{"reseller":"default"},"type":"radio","optionsInSummary":[],"parentOptions":[]},{"slug":"article_number","title":"Numéro d'article","locked":false,"options":[{"slug":"ar1132","name":"AR1132","nullable":false,"eco":false,"enrichments":[]},{"slug":"ar1331","name":"AR1331","nullable":false,"eco":false,"enrichments":[]},{"slug":"ar1373","name":"AR1373","nullable":false,"eco":false,"enrichments":[]},{"slug":"ar1397","name":"AR1397","nullable":false,"eco":false,"enrichments":[]},{"slug":"ar1416","name":"AR1416","nullable":false,"eco":false,"enrichments":[]},{"slug":"ar1430","name":"AR1430","nullable":false,"eco":false,"enrichments":[]},{"slug":"ar1433","name":"AR1433","nullable":false,"eco":false,"enrichments":[]}],"viewMode":{"reseller":"default"},"type":"radio","optionsInSummary":[],"parentOptions":[]},{"slug":"sheet_size","title":"Format fini (Largeur x Hauteur)","locked":false,"options":[{"slug":"a3+","name":"SRA3","nullable":false,"eco":false,"enrichments":[]},{"slug":"xl","name":"XL","nullable":false,"eco":false,"enrichments":[]}],"viewMode":{"reseller":"default"},"type":"radio","optionsInSummary":[],"parentOptions":[]}],"maxDesigns":50,"bleed":"3","hsCode":"4819400000","isAvailableInUserRegion":true,"hasAccessories":false,"accessoryExcludes":[],"propertyGroups":[{"slug":"letterbox-toner-kxofhzbq","columnWidth":{"reseller":"summary"},"columnHeight":{},"properties":["summary_image"]},{"slug":"letterbox-toner-qepieoir","columnWidth":{"reseller":"third"},"properties":["size","material","printtype","personalize"]},{"slug":"letterbox-toner-ldvuvaun","columnWidth":{"reseller":"third"},"properties":["finish","copies","designs"]},{"slug":"letterbox-toner-uyrcfwjy","columnWidth":{"reseller":"third"},"columnHeight":{},"properties":[]},{"slug":"letterbox-toner-jzbezayc","columnWidth":{"reseller":"hidden"},"columnHeight":{},"properties":["printingmethod","urgency","article_number","sheet_size"],"title":"Hidden"}],"excludes":[[{"property":"printtype","options":["40","44"]},{"property":"printingmethod","options":["sample"]}],[{"property":"printtype","options":["00"]},{"property":"printingmethod","options":["toner"]}],[{"options":["sample"],"property":"printingmethod"},{"property":"personalize","options":["personalize_from_excel"]}],[{"options":["sample"],"property":"printingmethod"},{"property":"finish","options":["single_sided_matt_lamination","single_sided_gloss_lamination"]}]],"warnings":[]}