{"sku":"loose-inserts-pavement-boards","active":true,"titleSingle":"Feuille PVC de protection pour stop-trottoir","titlePlural":"Feuilles PVC de protection pour stop-trottoir","createdAt":"2024-02-14T10:50:10.073Z","updatedAt":"2024-10-11T07:10:49.115Z","introductionDate":"2024-02-14T10:50:10.073Z","properties":[{"slug":"summary_image","locked":false,"options":[{"slug":"loose-inserts-pavement-boards","nullable":true,"eco":false,"enrichments":[],"name":"loose-inserts-pavement-boards"}],"viewMode":{"reseller":"default"},"type":"checkbox","optionsInSummary":[],"parentOptions":[],"required":false,"title":"summary_image"},{"slug":"material","title":"Support","locked":false,"options":[{"slug":"0.5mm_pvc","name":"PVC 0,5 mm pour stop trottoir avec réservoir d'eau","nullable":false,"eco":false,"enrichments":[{"propertySlug":"weight","optionSlug":"600"}]}],"viewMode":{"reseller":"default"},"type":"radio","optionsInSummary":[],"parentOptions":[],"required":true},{"slug":"printtype","title":"Impression","locked":false,"options":[{"slug":"00","name":"Non imprimé","nullable":false,"eco":false,"pages":[{"numberOfColors":1,"colorspace":"indexed"}],"enrichments":[]}],"viewMode":{"reseller":"default"},"type":"radio","optionsInSummary":[],"parentOptions":[],"required":true},{"slug":"size","title":"Format (largeur x hauteur)","locked":false,"options":[{"slug":"a0_plus","name":"A0 stop trottoir - 870 x 1219 mm","nullable":false,"width":"870","height":"1219"},{"slug":"a1_plus","name":"A1 stop trottoir - 624 x 870 mm","nullable":false,"width":"624","height":870},{"slug":"b1_plus","name":"B1 stop trottoir - 730 x 1030 mm","nullable":false,"width":730,"height":1030},{"slug":"b2_plus","name":"B2 stop trottoir - 530 x 730 mm","nullable":false,"width":530,"height":730},{"slug":"a2_plus","name":"A2 stop trottoir - 450 x 624 mm","nullable":false,"width":450,"height":624}],"viewMode":{"reseller":"default"},"type":"radio","optionsInSummary":[],"parentOptions":[],"required":true},{"slug":"copies","title":"Quantité","locked":false,"options":[],"viewMode":{"reseller":"copies"},"optionsInSummary":[],"copiesInSummary":{},"rangeSets":[{"summary":[1,2,3,4,5],"options":[{"max":100,"steps":1,"min":0},{"max":200,"steps":5,"min":100}],"printingmethod":"raw_material"}],"copyLimit":{},"parentOptions":[],"required":true},{"slug":"printingmethod","title":"Méthode d'impression","locked":false,"options":[{"slug":"raw_material","name":"Sans impression","nullable":false,"eco":false,"enrichments":[]}],"viewMode":{"reseller":"default"},"type":"radio","optionsInSummary":[],"parentOptions":[],"required":true},{"slug":"urgency","title":"Urgence","locked":false,"options":[{"slug":"quick","name":"Rapide","nullable":false,"eco":false,"enrichments":[]},{"slug":"standard","name":"Standard","nullable":false,"eco":false,"enrichments":[]},{"slug":"urgent","name":"Urgent","nullable":false,"eco":false,"enrichments":[]},{"slug":"moderate","nullable":false,"eco":false,"enrichments":[],"name":"Moderate"}],"viewMode":{"reseller":"default"},"type":"radio","optionsInSummary":[],"parentOptions":[],"required":true},{"slug":"article_number","title":"Numéro d'article","locked":false,"options":[{"slug":"12004-a0","nullable":false,"eco":false,"enrichments":[],"name":"12004-a0"},{"slug":"12004-a1","nullable":false,"eco":false,"enrichments":[],"name":"12004-a1"},{"slug":"12004-b1","nullable":false,"eco":false,"enrichments":[],"name":"12004-b1"},{"slug":"12004-b2","nullable":false,"eco":false,"enrichments":[],"name":"12004-b2"},{"slug":"9090-a2","nullable":false,"eco":false,"enrichments":[],"name":"9090-a2"}],"viewMode":{"reseller":"default"},"type":"radio","optionsInSummary":[],"parentOptions":[],"required":true}],"maxDesigns":1,"bleed":"3","hsCode":"4911100000","isAvailableInUserRegion":true,"hasAccessories":false,"accessoryExcludes":[],"category":[],"flexibleprintingmethod":false,"propertyGroups":[{"slug":"loose-inserts-pavement-boards-kigsvscc","columnWidth":{"reseller":"summary"},"properties":["summary_image","material","printtype"],"title":"Support"},{"slug":"loose-inserts-pavement-boards-kiniuwbf","columnWidth":{"reseller":"third"},"properties":["size"],"title":"Size"},{"slug":"loose-inserts-pavement-boards-uelldxao","columnWidth":{"reseller":"third"},"properties":["copies"],"title":"Amount"},{"slug":"loose-inserts-pavement-boards-etposnrv","columnWidth":{"reseller":"hidden"},"properties":["printingmethod","urgency","article_number"],"title":"Hidden"}],"excludes":[],"warnings":[]}