{"sku":"luxury-paper-bag","active":true,"titleSingle":"Sac en papier \"Luxe\" - offset","titlePlural":"Sacs en papier \"Luxe\" - offset","createdAt":"2023-12-06T13:42:23.251Z","updatedAt":"2024-10-22T12:58:50.892Z","properties":[{"slug":"summary_image","title":"summary image","locked":false,"options":[{"slug":"luxury-paper-bag-offset","nullable":true,"eco":false,"enrichments":[],"name":"luxury-paper-bag-offset"}],"viewMode":{"reseller":"default"},"type":"checkbox","optionsInSummary":[],"parentOptions":[]},{"slug":"carrying_capacity","locked":false,"options":[{"slug":"max_4_kg","name":"4 kg max.","nullable":true,"eco":false,"enrichments":[]},{"slug":"max_6_kg","name":"6 kg max.","nullable":true,"eco":false,"enrichments":[]},{"slug":"max_8_kg","name":"8 kg max.","nullable":true,"eco":false,"enrichments":[]},{"slug":"max_9_kg","name":"9 kg max.","nullable":true,"eco":false,"enrichments":[]}],"viewMode":{"reseller":"default"},"type":"radio","optionsInSummary":[],"parentOptions":[],"title":"Capacité de charge"},{"slug":"size","title":"Format (largeur x profondeur  x hauteur)","locked":false,"options":[{"slug":"paper_bag_cat1_15x8x20cm","name":"Portrait (15 x 8 x 20 cm)","nullable":false,"width":"480","height":"295","parent":"group_small"},{"slug":"paper_bag_cat1_16x8x25cm","name":"Portrait (16 x 8 x 25 cm)","nullable":false,"width":"500","height":"355","parent":"group_small"},{"slug":"paper_bag_cat2_11x9x35cm","name":"Bouteille de vin (11.5 x 9.5 x 35 cm)","nullable":false,"width":"440","height":"462","parent":"group_winebox"},{"slug":"paper_bag_cat2_20x8x26cm","name":"Portrait (20 x 8 x 26 cm)","nullable":false,"width":"580","height":"365","parent":"group_small"},{"slug":"paper_bag_cat3_20x16x20cm","name":"Portrait (20 x 16 x 20 cm)","nullable":false,"width":"740","height":"345","parent":"group_medium"},{"slug":"paper_bag_cat3_24x10x30cm","name":"Portrait (24 x 10 x 30 cm)","nullable":false,"width":"700","height":"415","parent":"group_medium"},{"slug":"paper_bag_cat4_30x15x20cm","name":"Paysage (30 x 15 x 20 cm)","nullable":false,"width":"920","height":"340","parent":"group_medium"},{"slug":"paper_bag_cat4_35x10x24cm","name":"Paysage (35 x 10 x 24 cm)","nullable":false,"width":"920","height":"355","parent":"group_medium"},{"slug":"paper_bag_cat5_26x12x36cm","name":"Portrait (26 x 12 x 36 cm)","nullable":false,"width":"780","height":"485","parent":"group_large"},{"slug":"paper_bag_cat5_31x10x40cm","name":"Portrait (31 x 10 x 40 cm)","nullable":false,"width":"840","height":"515","parent":"group_large"},{"slug":"paper_bag_cat5_40x10x33cm","name":"Paysage (40 x 10 x 33 cm)","nullable":false,"width":"1020","height":"445","parent":"group_large"},{"slug":"paper_bag_cat6_32x18x39cm","name":"Portrait (32 x 18 x 39 cm)","nullable":false,"width":"1020","height":"545","parent":"group_xlarge"},{"slug":"paper_bag_cat7_47x17x47cm","name":"Portrait","nullable":false,"width":"1300","height":"620","parent":"group_xlarge"},{"slug":"paper_bag_cat6_42x20x30cm","name":"Paysage (42 x 20 x 30 cm)","nullable":false,"width":"1260","height":"465","parent":"group_xlarge"},{"slug":"paper_bag_cat6_44x14x36cm","name":"Paysage (44 x 14 x 36 cm)","nullable":false,"width":"1180","height":"495","parent":"group_xlarge"},{"slug":"paper_bag_cat7_54x14x45cm","name":"Paysage (54 x 14 x 45 cm)","nullable":false,"width":"1380","height":"585","parent":"group_xlarge"}],"viewMode":{"reseller":"summary-modal"},"type":"radio","optionsInSummary":["paper_bag_cat2_11x9x35cm","paper_bag_cat2_20x8x26cm","paper_bag_cat5_31x10x40cm"],"parentOptions":[{"slug":"group_small","name":"Petit","nullable":false,"width":1,"height":1},{"slug":"group_winebox","name":"Bouteille de vin","nullable":false,"width":1,"height":1},{"slug":"group_medium","name":"Moyen","nullable":false,"width":1,"height":1},{"slug":"group_xlarge","name":"Très grand","nullable":false,"width":1,"height":1},{"slug":"group_large","name":"Grand","nullable":false,"width":1,"height":1}]},{"slug":"material","title":"Support","locked":false,"options":[{"slug":"170gr_kraft_white_paper_bag","name":"Papier kraft blanc 170 g/m²","nullable":false,"eco":false,"enrichments":[]},{"slug":"170gr_kraft_white_paper_bag_fsc","name":"Papier kraft blanc 170 g/m², label FSC (MetsäBoard Prime Bright)","nullable":false,"eco":true,"enrichments":[]}],"viewMode":{"reseller":"default"},"type":"radio","optionsInSummary":[],"parentOptions":[]},{"slug":"printtype","title":"Impression","locked":false,"options":[{"slug":"10","name":"1/0 Pantone","nullable":false,"eco":false,"pages":[{"numberOfColors":1,"colorspace":"indexed"}],"enrichments":[]},{"slug":"20","name":"2/0 Pantone","nullable":false,"eco":false,"pages":[{"numberOfColors":2,"colorspace":"indexed"}],"enrichments":[]},{"slug":"40","name":"4/0 quadri recto","nullable":false,"eco":false,"pages":[{"numberOfColors":4,"colorspace":"cmyk"}],"enrichments":[]},{"slug":"00","name":"Non imprimé","nullable":false,"eco":false,"pages":[{"numberOfColors":1,"colorspace":"indexed"}],"enrichments":[]}],"viewMode":{"reseller":"default"},"type":"radio","optionsInSummary":[],"parentOptions":[]},{"slug":"bag_extras","title":"Extra","locked":false,"options":[{"slug":"none","name":"Sans","nullable":true,"eco":false,"enrichments":[]},{"slug":"glued_closing_ribbons_white","name":"Rubans de fermeture en satin blanc","nullable":false,"eco":false,"enrichments":[]},{"slug":"glued_closing_ribbons_black","name":"Rubans de fermeture en satin noir","nullable":false,"eco":false,"enrichments":[]}],"viewMode":{"reseller":"default"},"type":"radio","optionsInSummary":[],"parentOptions":[]},{"slug":"finish","title":"Pelliculage","locked":false,"options":[{"slug":"geen","name":"Sans","nullable":true,"eco":false,"enrichments":[]},{"slug":"single_sided_gloss_lamination","name":"Pelliculage brillant recto seul","nullable":false,"eco":false,"enrichments":[]},{"slug":"single_sided_matt_lamination","name":"Pelliculage mat recto seul","nullable":false,"eco":false,"enrichments":[]}],"viewMode":{"reseller":"default"},"type":"radio","optionsInSummary":[],"parentOptions":[]},{"slug":"spot_finish","title":"Dorure ou vernis repéré","locked":false,"options":[{"slug":"none","name":"Sans","nullable":true,"eco":false,"enrichments":[]},{"slug":"double_sided_partial_gloss","name":"Vernis UV sélectif recto/verso","nullable":false,"eco":false,"enrichments":[]},{"slug":"double_sided_foil_gold","name":"Dorure or recto/verso","nullable":false,"eco":false,"enrichments":[]},{"slug":"double_sided_foil_silver","name":"Dorure argent recto/verso","nullable":false,"eco":false,"enrichments":[]}],"viewMode":{"reseller":"default"},"type":"checkbox","optionsInSummary":[],"parentOptions":[]},{"slug":"copies","title":"Quantité","locked":false,"options":[],"viewMode":{"reseller":"copies"},"optionsInSummary":[],"copiesInSummary":{},"rangeSets":[{"options":[{"steps":250,"max":5000,"min":250},{"max":10500,"steps":500,"min":5000}],"summary":[250,500,750,1000,1500,2500,5000,7500,10000],"printingmethod":"offset"},{"options":[{"max":2,"steps":1,"min":1}],"summary":[1],"printingmethod":"sample"}],"copyLimit":{},"parentOptions":[]},{"slug":"color","title":"Couleur de la corde","locked":false,"options":[{"slug":"cord_white","name":"Blanc ","nullable":false,"eco":false,"parent":"cord_cotton","enrichments":[{"propertySlug":"color","optionSlug":"#ffffff"},{"propertySlug":"pantone","optionSlug":"white"}]},{"slug":"cord_black","name":"Noir ","nullable":false,"eco":false,"parent":"cord_cotton","enrichments":[{"propertySlug":"color","optionSlug":"#1e1e1e"},{"propertySlug":"pantone","optionSlug":"black"}]},{"slug":"cord_grey","name":"Gris clair ","nullable":false,"eco":false,"parent":"cord_cotton","enrichments":[{"propertySlug":"pantone","optionSlug":"428 C"},{"propertySlug":"color","optionSlug":"#c1c6c8"}]},{"slug":"cord_darkgrey","name":"Gris foncé","nullable":false,"eco":false,"parent":"cord_cotton","enrichments":[{"propertySlug":"color","optionSlug":"#45484f"}]},{"slug":"cord_navyblue","name":"Blue marine ","nullable":false,"eco":false,"parent":"cord_cotton","enrichments":[{"propertySlug":"color","optionSlug":"#192c5d"}]},{"slug":"cord_cyan","name":"Bleu clair ","nullable":false,"eco":false,"parent":"cord_cotton","enrichments":[{"propertySlug":"color","optionSlug":"#277bb7"}]},{"slug":"cord_brown","name":"Brun ","nullable":false,"eco":false,"parent":"cord_cotton","enrichments":[{"propertySlug":"pantone","optionSlug":"438 C"},{"propertySlug":"color","optionSlug":"#584139"}]},{"slug":"cord_red","name":"Rouge ","nullable":false,"eco":false,"parent":"cord_cotton","enrichments":[{"propertySlug":"pantone","optionSlug":"186 C"},{"propertySlug":"color","optionSlug":"#c8102e"}]},{"slug":"cord_yellow","name":"Jaune ","nullable":false,"eco":false,"parent":"cord_cotton","enrichments":[{"propertySlug":"color","optionSlug":"#ffeb68"},{"propertySlug":"pantone","optionSlug":"114 C"}]},{"slug":"cord_magenta","name":"Magenta","nullable":false,"eco":false,"parent":"cord_cotton","enrichments":[{"propertySlug":"Pantone","optionSlug":"214 C"},{"propertySlug":"color","optionSlug":"#e64175"}]},{"slug":"cord_cream","name":"Crème ","nullable":false,"eco":false,"parent":"cord_cotton","enrichments":[{"propertySlug":"color","optionSlug":"#e8dcbb"}]},{"slug":"cord_lightgreen","name":"Vert clair ","nullable":false,"eco":false,"parent":"cord_cotton","enrichments":[{"propertySlug":"pantone","optionSlug":"360 C"},{"propertySlug":"color","optionSlug":"#6CC24A"}]},{"slug":"cord_darkgreen","name":"Vert foncé ","nullable":false,"eco":false,"parent":"cord_cotton","enrichments":[{"propertySlug":"color","optionSlug":"#185d4c"}]},{"slug":"cord_reflexblue","name":"Bleu ","nullable":false,"eco":false,"parent":"cord_cotton","enrichments":[{"propertySlug":"pantone","optionSlug":"543 C"},{"propertySlug":"color","optionSlug":"#0047BB"}]},{"slug":"cord_beige","name":"Beige ","nullable":false,"eco":false,"parent":"cord_cotton","enrichments":[{"propertySlug":"color","optionSlug":"#c6a673"}]},{"slug":"cord_red2","name":"Rouge foncé","nullable":false,"eco":false,"parent":"cord_cotton","enrichments":[{"propertySlug":"color","optionSlug":"#b24349"}]},{"slug":"cord_bordeaux","name":"Bordeaux ","nullable":false,"eco":false,"parent":"cord_cotton","enrichments":[{"propertySlug":"color","optionSlug":"#A32638"},{"propertySlug":"pantone","optionSlug":"194 C"}]},{"slug":"cord_orange","name":"Orange ","nullable":false,"eco":false,"parent":"cord_cotton","enrichments":[{"propertySlug":"color","optionSlug":"#ff6c2f"},{"propertySlug":"pantone","optionSlug":"1655 C"}]}],"viewMode":{"reseller":"summary-modal"},"type":"radio","optionsInSummary":["cord_white","cord_black","cord_red","cord_cyan"],"parentOptions":[{"slug":"cord_cotton","name":"Corde coton","nullable":false,"eco":false,"enrichments":[]}]},{"slug":"length_material","title":"Longueur de la corde","locked":false,"options":[{"slug":"35_cm_cord","name":"Corde courte (ca. 50 cm)","nullable":false,"eco":false,"enrichments":[]},{"slug":"80_cm_cord","name":"Corde 80 cm, à passer autour de l'épaule ","nullable":false,"eco":false,"enrichments":[]}],"viewMode":{"reseller":"default"},"type":"radio","optionsInSummary":[],"parentOptions":[]},{"slug":"printingmethod","title":"Méthode d'impression","locked":false,"options":[{"slug":"offset","name":"Offset","nullable":false,"eco":false,"enrichments":[]},{"slug":"sample","name":"Échantillon non imprimé","nullable":false,"eco":false,"enrichments":[]}],"viewMode":{"reseller":"default"},"type":"radio","optionsInSummary":[],"parentOptions":[]},{"slug":"urgency","title":"Urgence","locked":false,"options":[{"slug":"standard","name":"Standard","nullable":false,"eco":false,"enrichments":[]}],"viewMode":{"reseller":"default"},"type":"radio","optionsInSummary":[],"parentOptions":[]},{"slug":"bag_type","title":"Type de sac","locked":false,"options":[{"slug":"premium_paper_bag","name":"Sac papier luxe","nullable":false,"eco":false,"enrichments":[]}],"viewMode":{"reseller":"icons"},"type":"radio","optionsInSummary":[],"parentOptions":[]},{"slug":"color_material","title":"Couleur du matériel ","locked":false,"options":[{"slug":"cord_cyan","name":"Cyan","nullable":false,"eco":false,"enrichments":[]},{"slug":"cord_red2","name":"Red 2","nullable":false,"eco":false,"enrichments":[]},{"slug":"cord_beige","name":"Beige","nullable":false,"eco":false,"enrichments":[]},{"slug":"cord_black","name":"Noir","nullable":false,"eco":false,"enrichments":[]},{"slug":"cord_brown","name":"Brun","nullable":false,"eco":false,"enrichments":[]},{"slug":"cord_burgundy","name":"Burgundy","nullable":false,"eco":false,"enrichments":[]},{"slug":"cord_darkgreen","name":"Vert foncé","nullable":false,"eco":false,"enrichments":[]},{"slug":"cord_cream","name":"Crème","nullable":false,"eco":false,"enrichments":[]},{"slug":"cord_darkgray","name":"Gris foncé","nullable":false,"eco":false,"enrichments":[]},{"slug":"cord_orange","name":"Orange","nullable":false,"eco":false,"enrichments":[]},{"slug":"cord_lightgreen","name":"Vert clair","nullable":false,"eco":false,"enrichments":[]},{"slug":"cord_reflex","name":"Reflex","nullable":false,"eco":false,"enrichments":[]},{"slug":"cord_yellow","name":"Jaune","nullable":false,"eco":false,"enrichments":[]},{"slug":"cord_red","name":"Rouge","nullable":false,"eco":false,"enrichments":[]},{"slug":"cord_magenta","name":"Magenta","nullable":false,"eco":false,"enrichments":[]},{"slug":"cord_lightgray","name":"Gris clair","nullable":false,"eco":false,"enrichments":[]},{"slug":"cord_navyblue","name":"Bleu navy","nullable":false,"eco":false,"enrichments":[]},{"slug":"cord_white","name":"Blanc","nullable":false,"eco":false,"enrichments":[]}],"viewMode":{"reseller":"default"},"type":"radio","optionsInSummary":[],"parentOptions":[]},{"slug":"packaging_quantity","title":"Quantités d'emballage","locked":false,"options":[{"slug":"packed_per_120","name":"Par 120","nullable":true,"eco":false,"enrichments":[]}],"viewMode":{"reseller":"default"},"type":"radio","optionsInSummary":[],"parentOptions":[]},{"slug":"article_number","title":"Numéro d'article","locked":false,"options":[{"slug":"luxury-paper-bag-offset","name":"luxury-paper-bag-offset","nullable":false,"eco":false,"enrichments":[]},{"slug":"sp-offset","name":"SP-offset","nullable":false,"eco":false,"enrichments":[]}],"viewMode":{"reseller":"default"},"type":"radio","optionsInSummary":[],"parentOptions":[]}],"maxDesigns":1,"bleed":0,"hsCode":"4819400000","isAvailableInUserRegion":true,"hasAccessories":false,"accessoryExcludes":[],"propertyGroups":[{"slug":"luxury-paper-bag-uhonkeey","columnWidth":{"reseller":"summary"},"columnHeight":{},"properties":["summary_image","carrying_capacity"]},{"slug":"luxury-paper-bag-hcisqpny","columnWidth":{"reseller":"third"},"columnHeight":{"reseller":"2block"},"properties":["size","material","printtype","bag_extras"],"title":"Support"},{"slug":"luxury-paper-bag-vydprbss","columnWidth":{"reseller":"third"},"columnHeight":{"reseller":"2block"},"title":"Quantité","properties":["finish","spot_finish","copies"]},{"slug":"luxury-paper-bag-btjtmbzv","columnWidth":{"reseller":"third"},"columnHeight":{},"properties":["color","length_material"]},{"slug":"luxury-paper-bag-zmgbwdxo","columnWidth":{"reseller":"hidden"},"properties":["printingmethod","urgency","bag_type","color_material","packaging_quantity","article_number"],"title":"Hidden"}],"excludes":[[{"property":"printingmethod","options":["offset"]},{"property":"printtype","options":["00"]}],[{"property":"printingmethod","options":["sample"]},{"property":"printtype","options":["10","20","40"]}],[{"options":["sample"],"property":"printingmethod"},{"property":"material","options":["170gr_kraft_white_paper_bag_fsc"]}],[{"property":"printingmethod","options":["sample"]},{"property":"bag_extras","options":["glued_closing_ribbons_white","glued_closing_ribbons_black"]}],[{"options":["sample"],"property":"printingmethod"},{"property":"spot_finish","options":["double_sided_partial_gloss","double_sided_foil_gold","double_sided_foil_silver"]}],[{"property":"printingmethod","options":["sample"]},{"property":"length_material","options":["80_cm_cord"]}],[{"property":"printingmethod","options":["sample"]},{"property":"size","options":["paper_bag_cat1_15x8x20cm","paper_bag_cat1_16x8x25cm","paper_bag_cat2_11x9x35cm","paper_bag_cat3_20x16x20cm","paper_bag_cat4_30x15x20cm","paper_bag_cat4_35x10x24cm","paper_bag_cat5_26x12x36cm","paper_bag_cat5_31x10x40cm","paper_bag_cat5_40x10x33cm","paper_bag_cat6_32x18x39cm","paper_bag_cat7_47x17x47cm","paper_bag_cat6_42x20x30cm","paper_bag_cat7_54x14x45cm","paper_bag_cat6_44x14x36cm","paper_bag_cat2_20x8x26cm"]}]],"warnings":[]}