{"sku":"luxurious-folder-displays","active":true,"titleSingle":"Présentoir de luxe pour document ou brochure","titlePlural":"Présentoirs de luxe pour document ou brochure","createdAt":"2023-09-21T07:46:17.453Z","updatedAt":"2024-02-14T10:50:16.548Z","introductionDate":"2023-09-21T07:46:17.453Z","properties":[{"slug":"summary_image","title":"summary image","locked":false,"options":[{"slug":"luxurious-folder-display","nullable":true,"eco":false,"enrichments":[],"name":"luxurious-folder-display"}],"viewMode":{"reseller":"default"},"type":"checkbox","optionsInSummary":["luxurious-folder-display"],"parentOptions":[]},{"slug":"size","title":"Adapté au format","locked":false,"options":[{"slug":"a4","name":"A4 - 210 x 297 mm","nullable":false,"width":"210","height":"297"}],"viewMode":{"reseller":"default"},"type":"radio","optionsInSummary":["a4"],"parentOptions":[]},{"slug":"material","title":"Matériau du support","locked":false,"options":[{"slug":"anodized_aluminum","name":"Aluminum anodisé","nullable":false,"eco":false,"enrichments":[]}],"viewMode":{"reseller":"default"},"type":"radio","optionsInSummary":["anodized_aluminum"],"parentOptions":[]},{"slug":"copies","title":"Quantité","locked":false,"options":[],"viewMode":{"reseller":"copies"},"optionsInSummary":[],"copiesInSummary":{},"rangeSets":[{"options":[{"max":100,"steps":1,"min":1}],"summary":[1,2,3,4,5,10,15],"printingmethod":"raw_material"}],"copyLimit":{},"parentOptions":[]},{"slug":"printtype","title":"Impression","locked":false,"options":[{"slug":"00","name":"Non imprimé","nullable":false,"eco":false,"pages":[{"numberOfColors":1,"colorspace":"indexed"}],"enrichments":[]}],"viewMode":{"reseller":"default"},"type":"radio","optionsInSummary":[],"parentOptions":[]},{"slug":"printingmethod","title":"Méthode d'impression","locked":false,"options":[{"slug":"raw_material","name":"Sans impression","nullable":false,"eco":false,"enrichments":[]}],"viewMode":{"reseller":"default"},"type":"radio","optionsInSummary":[],"parentOptions":[]},{"slug":"urgency","title":"Urgence","locked":false,"options":[{"slug":"quick","name":"Rapide","nullable":false,"eco":false,"enrichments":[]},{"slug":"standard","name":"Standard","nullable":false,"eco":false,"enrichments":[]},{"slug":"urgent","name":"Urgent","nullable":false,"eco":false,"enrichments":[]}],"viewMode":{"reseller":"default"},"type":"radio","optionsInSummary":[],"parentOptions":[]},{"slug":"article_number","title":"Numéro d'article","locked":false,"options":[{"slug":"7200-6","nullable":false,"eco":false,"enrichments":[],"name":"7200-6"}],"viewMode":{"reseller":"default"},"type":"radio","optionsInSummary":["7200-6"],"parentOptions":[]}],"maxDesigns":1,"hsCode":"3926909700","isAvailableInUserRegion":true,"hasAccessories":false,"accessoryExcludes":[],"propertyGroups":[{"slug":"luxurious-folder-displays-slsbwxbw","columnWidth":{"reseller":"summary"},"columnHeight":{},"properties":["summary_image"]},{"slug":"luxurious-folder-displays-ntsmcqqd","columnWidth":{"reseller":"third"},"columnHeight":{},"properties":["size","material"]},{"slug":"luxurious-folder-displays-xdsgeliv","columnWidth":{"reseller":"third"},"columnHeight":{},"properties":["copies"]},{"slug":"luxurious-folder-displays-ewheaqur","columnWidth":{"reseller":"hidden"},"columnHeight":{},"properties":["printtype","printingmethod","urgency","article_number"],"title":"Hidden"}],"excludes":[],"warnings":[]}