{"sku":"metal-baseplate-fiberglass-poles","active":true,"titleSingle":"Plaque de base 6 kg","titlePlural":"Plaques de base 6 kg","createdAt":"2023-10-06T15:00:24.902Z","updatedAt":"2024-04-02T10:01:26.348Z","introductionDate":"2023-10-06T15:00:24.902Z","properties":[{"slug":"summary_image","locked":false,"options":[{"slug":"ground_plate_light","name":"Ground plate light","nullable":true,"eco":false,"enrichments":[]}],"viewMode":{"reseller":"icons"},"type":"checkbox","optionsInSummary":[],"parentOptions":[],"title":"summary_image"},{"slug":"size","title":"Format (largeur x hauteur)","locked":false,"options":[{"slug":"baseplate_40_40_cm","name":"40 x 40 cm","nullable":false,"width":400,"height":400}],"viewMode":{"reseller":"default"},"type":"radio","optionsInSummary":[],"parentOptions":[]},{"slug":"material","title":"Support","locked":false,"options":[{"slug":"500gr_powder_coated_steel","name":"Acier peint au four","nullable":false,"eco":false,"enrichments":[]}],"viewMode":{"reseller":"default"},"type":"radio","optionsInSummary":[],"parentOptions":[]},{"slug":"weight","title":"Poids","locked":false,"options":[{"slug":"6000_grams","name":"6 kg","nullable":false,"eco":false,"enrichments":[]}],"viewMode":{"reseller":"default"},"type":"radio","optionsInSummary":[],"parentOptions":[]},{"slug":"copies","title":"Quantité","locked":false,"options":[],"viewMode":{"reseller":"copies"},"optionsInSummary":[],"copiesInSummary":{},"rangeSets":[{"summary":[1,2,3,4,5],"options":[{"max":100,"steps":1,"min":1}],"printingmethod":"raw_material"}],"copyLimit":{},"parentOptions":[]},{"slug":"printingmethod","title":"Méthode d'impression","locked":false,"options":[{"slug":"raw_material","name":"Sans impression","nullable":false,"eco":false,"enrichments":[]}],"viewMode":{"reseller":"default"},"type":"radio","optionsInSummary":[],"parentOptions":[]},{"slug":"accessories_flags","title":"Accessoires drapeaux","locked":false,"options":[{"slug":"ground_plate_light","name":"Plaque de base métallique noire","nullable":false,"eco":false,"enrichments":[{"propertySlug":"weightpercopy","optionSlug":"1000"}]}],"viewMode":{"reseller":"icons"},"type":"radio","optionsInSummary":[],"parentOptions":[]},{"slug":"printtype","title":"Impression","locked":false,"options":[{"slug":"00","name":"Non imprimé","nullable":false,"eco":false,"pages":[{"numberOfColors":1,"colorspace":"indexed"}],"enrichments":[]}],"viewMode":{"reseller":"default"},"type":"radio","optionsInSummary":[],"parentOptions":[]},{"slug":"urgency","title":"Urgence","locked":false,"options":[{"slug":"standard","name":"Standard","nullable":false,"eco":false,"enrichments":[]},{"slug":"moderate","nullable":false,"eco":false,"enrichments":[],"name":"Moderate"},{"slug":"quick","name":"Rapide","nullable":false,"eco":false,"enrichments":[]},{"slug":"urgent","name":"Urgent","nullable":false,"eco":false,"enrichments":[]}],"viewMode":{"reseller":"default"},"type":"radio","optionsInSummary":[],"parentOptions":[]}],"maxDesigns":1,"bleed":3,"hsCode":"7616999090","isAvailableInUserRegion":true,"hasAccessories":false,"accessoryExcludes":[],"propertyGroups":[{"slug":"metal-baseplate-fiberglass-poles-oyzefazk","columnWidth":{"reseller":"summary"},"properties":["summary_image","size","material","weight"]},{"slug":"metal-baseplate-fiberglass-poles-pnfgbqcm","columnWidth":{"reseller":"two-columns"},"properties":["copies"],"title":"Amount"},{"slug":"metal-baseplate-fiberglass-poles-rzmgogym","columnWidth":{"reseller":"hidden"},"properties":["printingmethod","accessories_flags","printtype","urgency"],"title":"Hidden"}],"excludes":[],"warnings":[]}