{"sku":"namebadges","active":true,"createdAt":"2024-12-10T15:33:14.813Z","updatedAt":"2025-03-17T15:28:03.446Z","introductionDate":"2024-12-10T15:33:14.813Z","properties":[{"slug":"summary_image","title":"summary image","locked":false,"options":[{"slug":"namebagdes","nullable":true,"eco":false,"enrichments":[],"name":"Namebagdes"}],"viewMode":{"reseller":"default"},"type":"checkbox","optionsInSummary":[],"parentOptions":[],"required":false},{"slug":"printtype","title":"Impression","locked":false,"options":[{"slug":"00","name":"Non imprimé","nullable":false,"eco":false,"pages":[{"numberOfColors":1,"colorspace":"indexed"}],"enrichments":[]}],"viewMode":{"reseller":"default"},"type":"radio","optionsInSummary":[],"parentOptions":[],"required":true},{"slug":"size","title":"Format (largeur x hauteur)","locked":false,"options":[{"slug":"90_x_60_mm_name_badge","nullable":false,"eco":false,"width":60,"height":90,"enrichments":[],"name":"90 x 60 mm"},{"slug":"90_x_55_mm_name_badge","nullable":false,"eco":false,"width":55,"height":90,"enrichments":[],"name":"90 x 55 mm"},{"slug":"75_x_40_mm_name_badge","nullable":false,"eco":false,"width":40,"height":75,"enrichments":[],"name":"75 x 40 mm"},{"slug":"60_x_40_mm_name_badge","nullable":false,"eco":false,"width":40,"height":60,"enrichments":[],"name":"60 x 40 mm"}],"viewMode":{"reseller":"default"},"type":"radio","optionsInSummary":[],"parentOptions":[],"required":true},{"slug":"material","title":"Support","locked":false,"options":[{"slug":"transparant_pvc","nullable":false,"eco":false,"enrichments":[{"propertySlug":"color","optionSlug":"#f8feff"}],"name":"PVC Transparent"}],"viewMode":{"reseller":"default"},"type":"radio","optionsInSummary":[],"parentOptions":[],"required":true},{"slug":"lock","title":"Fixation","locked":false,"options":[{"slug":"pin","nullable":false,"eco":false,"enrichments":[],"name":"Pin"},{"slug":"magnet","nullable":false,"eco":false,"enrichments":[],"name":"Magnet"}],"viewMode":{"reseller":"default"},"type":"radio","optionsInSummary":[],"parentOptions":[],"required":true},{"slug":"copies","title":"Quantité","locked":false,"options":[],"viewMode":{"reseller":"copies"},"optionsInSummary":[],"rangeSets":[{"options":[{"max":960,"steps":24,"min":24}],"summary":[24,48,72,96,120,144,168,192,216,240],"printingmethod":"raw_material"}],"parentOptions":[],"required":true},{"slug":"printingmethod","title":"Méthode d'impression","locked":false,"options":[{"slug":"raw_material","name":"Sans impression","nullable":false,"eco":false,"enrichments":[]}],"viewMode":{"reseller":"default"},"type":"radio","optionsInSummary":[],"parentOptions":[],"required":true},{"slug":"urgency","title":"Urgence","locked":false,"options":[{"slug":"standard","name":"Standard","nullable":false,"eco":false,"enrichments":[]}],"viewMode":{"reseller":"default"},"type":"radio","optionsInSummary":[],"parentOptions":[],"required":true},{"slug":"article_number","title":"Numéro d'article","locked":false,"options":[{"slug":"121264","nullable":false,"eco":false,"enrichments":[],"name":"121264"},{"slug":"121263","nullable":false,"eco":false,"enrichments":[],"name":"121263"},{"slug":"121262","nullable":false,"eco":false,"enrichments":[],"name":"121262"},{"slug":"121267","nullable":false,"eco":false,"enrichments":[],"name":"121267"},{"slug":"121268","nullable":false,"eco":false,"enrichments":[],"name":"121268"}],"viewMode":{"reseller":"default"},"type":"radio","optionsInSummary":[],"parentOptions":[],"required":true}],"maxDesigns":1,"bleed":"0","hsCode":"4911998000","isAvailableInUserRegion":true,"hasAccessories":false,"accessoryExcludes":[],"category":["paper-print","paper-print-accessoires"],"flexibleprintingmethod":false,"propertyGroups":[{"slug":"1268e6d0-b70c-11ef-880b-118d397e7405","columnWidth":{"reseller":"summary"},"columnHeight":{"reseller":"1block"},"properties":["summary_image","printtype"]},{"slug":"e97ec840-b70e-11ef-92af-83d8c1e7d972","columnWidth":{"reseller":"third"},"columnHeight":{},"properties":["size","material","lock"]},{"slug":"e97ec841-b70e-11ef-92af-83d8c1e7d972","columnWidth":{"reseller":"third"},"properties":["copies"]},{"slug":"e97ec842-b70e-11ef-92af-83d8c1e7d972","columnWidth":{"reseller":"hidden"},"columnHeight":{},"properties":["printingmethod","urgency","article_number"]}],"excludes":[[{"property":"lock","options":["pin"]},{"property":"size","options":["90_x_55_mm_name_badge"]}],[{"property":"lock","options":["magnet"]},{"property":"size","options":["60_x_40_mm_name_badge","90_x_60_mm_name_badge"]}]],"warnings":[],"titlePlural":"Porte-badges","titleSingle":"Porte-badge"}