{"sku":"nameplate-holders","active":true,"createdAt":"2024-09-09T12:41:09.607Z","updatedAt":"2024-09-30T09:57:27.810Z","introductionDate":"2024-09-09T12:41:09.607Z","properties":[{"slug":"summary_image","title":"summary image","locked":false,"options":[{"slug":"signclamp-holders","nullable":false,"eco":false,"enrichments":[],"name":"Signclamp holders"}],"viewMode":{"reseller":"default"},"type":"checkbox","optionsInSummary":[],"parentOptions":[],"required":false},{"slug":"display_type","title":"Mounting method","locked":false,"options":[{"slug":"vertically_on_the_wall","nullable":true,"eco":false,"enrichments":[],"name":"Vertically on the wall"},{"slug":"horizontally_on_the_wall","nullable":true,"eco":false,"enrichments":[],"name":"Horizontally on the wall"}],"viewMode":{"reseller":"default"},"type":"radio","optionsInSummary":[],"parentOptions":[],"required":false},{"slug":"signclamp","locked":false,"options":[{"slug":"classic_aluminium","nullable":false,"name":"Aluminium classique"},{"slug":"classic_black","nullable":false,"name":"Noir classique"}],"viewMode":{"reseller":"default"},"type":"radio","optionsInSummary":[],"parentOptions":[],"required":true,"title":"Signclamp"},{"slug":"length_material","title":"Length","locked":false,"options":[{"slug":"80_mm","nullable":false,"eco":false,"enrichments":[],"name":"80 mm"},{"slug":"120_mm","nullable":false,"eco":false,"enrichments":[],"name":"120 mm"},{"slug":"180_mm","nullable":false,"eco":false,"enrichments":[],"name":"180 mm"}],"viewMode":{"reseller":"default"},"type":"radio","optionsInSummary":[],"parentOptions":[],"required":true},{"slug":"copies","title":"Quantité","locked":false,"options":[],"viewMode":{"reseller":"copies"},"optionsInSummary":[],"rangeSets":[{"summary":[1,2,3,4,5,6,7,8,9,10],"options":[{"max":1000,"steps":1,"min":1}],"printingmethod":"raw_material"}],"parentOptions":[],"required":true},{"slug":"size","title":"Format (largeur x hauteur)","locked":false,"options":[{"slug":"accessories","name":"Accessories","nullable":false,"width":1,"height":1}],"viewMode":{"reseller":"default"},"type":"radio","optionsInSummary":[],"parentOptions":[],"required":true},{"slug":"printtype","title":"Impression","locked":false,"options":[{"slug":"00","name":"Non imprimé","nullable":false,"eco":false,"pages":[{"numberOfColors":1,"colorspace":"indexed"}],"enrichments":[]}],"viewMode":{"reseller":"default"},"type":"radio","optionsInSummary":[],"parentOptions":[],"required":true},{"slug":"printingmethod","title":"Méthode d'impression","locked":false,"options":[{"slug":"raw_material","name":"Sans impression","nullable":false,"eco":false,"enrichments":[]}],"viewMode":{"reseller":"default"},"type":"radio","optionsInSummary":[],"parentOptions":[],"required":true},{"slug":"article_number","title":"Numéro d'article","locked":false,"options":[{"slug":"sc080alh","nullable":false,"eco":false,"enrichments":[],"name":"sc080alh"},{"slug":"sc080alhb","nullable":false,"eco":false,"enrichments":[],"name":"sc080alhb"},{"slug":"sc080alm","nullable":false,"eco":false,"enrichments":[],"name":"sc080alm"},{"slug":"sc080almb","nullable":false,"eco":false,"enrichments":[],"name":"sc080almb"},{"slug":"sc120alh","nullable":false,"eco":false,"enrichments":[],"name":"sc120alh"},{"slug":"sc120alhb","nullable":false,"eco":false,"enrichments":[],"name":"sc120alhb"},{"slug":"sc120alm","nullable":false,"eco":false,"enrichments":[],"name":"sc120alm"},{"slug":"sc120almb","nullable":false,"eco":false,"enrichments":[],"name":"sc120almb"},{"slug":"sc180alh","nullable":false,"eco":false,"enrichments":[],"name":"sc180alh"},{"slug":"sc180alhb","nullable":false,"eco":false,"enrichments":[],"name":"sc180alhb"},{"slug":"sc180alm","nullable":false,"eco":false,"enrichments":[],"name":"sc180alm"},{"slug":"sc180almb","nullable":false,"eco":false,"enrichments":[],"name":"sc180almb"}],"viewMode":{"reseller":"default"},"type":"radio","optionsInSummary":[],"parentOptions":[],"required":true},{"slug":"material","title":"Support","locked":false,"options":[{"slug":"accessories","name":"Accessoires","nullable":false,"eco":false,"enrichments":[]}],"viewMode":{"reseller":"default"},"type":"radio","optionsInSummary":[],"parentOptions":[],"required":true},{"slug":"urgency","title":"Urgence","locked":false,"options":[{"slug":"moderate","nullable":false,"eco":false,"enrichments":[],"name":"Moderate"},{"slug":"quick","name":"Rapide","nullable":false,"eco":false,"enrichments":[]},{"slug":"standard","name":"Standard","nullable":false,"eco":false,"enrichments":[]},{"slug":"urgent","name":"Urgent","nullable":false,"eco":false,"enrichments":[]}],"viewMode":{"reseller":"default"},"type":"radio","optionsInSummary":[],"parentOptions":[],"required":true}],"maxDesigns":1,"hsCode":"7318159000","isAvailableInUserRegion":true,"hasAccessories":false,"accessoryExcludes":[],"category":[],"flexibleprintingmethod":false,"propertyGroups":[{"slug":"ca1a7f70-6ea8-11ef-b798-35413c26a4e7","columnWidth":{"reseller":"summary"},"columnHeight":{"reseller":"2block"},"properties":["summary_image"]},{"slug":"af646100-6eb2-11ef-9523-17b0d767ae1a","columnWidth":{"reseller":"third"},"columnHeight":{"reseller":"2block"},"properties":["display_type","signclamp","length_material"]},{"slug":"af646101-6eb2-11ef-9523-17b0d767ae1a","columnWidth":{"reseller":"third"},"columnHeight":{"reseller":"2block"},"properties":["copies"]},{"slug":"af646103-6eb2-11ef-9523-17b0d767ae1a","columnWidth":{"reseller":"hidden"},"columnHeight":{},"properties":["size","printtype","printingmethod","article_number","material","urgency"]}],"excludes":[[{"property":"signclamp","options":["basic_aluminium","basic_black"]},{"property":"length_material","options":["80_mm","120_mm","180_mm"]}],[{"property":"signclamp","options":["classic_aluminium","classic_black"]},{"property":"length_material","options":["100_mm","150_mm","210_mm","297_mm"]}],[{"property":"signclamp","options":["premium_aluminium","premium_black"]},{"property":"length_material","options":["100_mm","150_mm","210_mm","297_mm"]}],[{"property":"display_type","options":["vertically_on_the_wall"]},{"property":"signclamp","options":["premium_aluminium","premium_black"]}],[{"property":"display_type","options":["horizontally_on_the_wall"]},{"options":["basic_aluminium","basic_black"],"property":"signclamp"}]],"warnings":[],"titlePlural":"Nameplate holders","titleSingle":"Porte-plaque"}