{"sku":"nylon-spacers","active":true,"titleSingle":"Entretoises en Nylon","titlePlural":"Entretoises en Nylon","createdAt":"2024-02-14T10:49:45.789Z","updatedAt":"2024-08-22T12:27:29.200Z","introductionDate":"2024-02-14T10:49:45.789Z","properties":[{"slug":"summary_image","title":"summary image","locked":false,"options":[{"slug":"spacers_nylon","nullable":true,"eco":false,"enrichments":[],"name":"spacers_nylon"}],"viewMode":{"reseller":"default"},"type":"checkbox","optionsInSummary":[],"parentOptions":[]},{"slug":"size","title":"Format (largeur x hauteur)","locked":false,"options":[{"slug":"spacer_s","name":"Entretoises (petites)","nullable":false,"width":1,"height":1},{"slug":"spacer_m","name":"Entretoises (moyennes)","nullable":false,"width":2,"height":2},{"slug":"spacer_l","name":"Entretoises (grandes)","nullable":false,"width":3,"height":3}],"viewMode":{"reseller":"default"},"type":"radio","optionsInSummary":[],"parentOptions":[]},{"slug":"copies","title":"Quantité","locked":false,"options":[],"viewMode":{"reseller":"copies"},"optionsInSummary":[],"rangeSets":[{"options":[{"max":1000,"steps":1,"min":1}],"summary":[1,2,3,4,5,10],"printingmethod":"raw_material"}],"parentOptions":[]},{"slug":"printingmethod","title":"Méthode d'impression","locked":false,"options":[{"slug":"raw_material","name":"Sans impression","nullable":false,"eco":false,"enrichments":[]}],"viewMode":{"reseller":"default"},"type":"radio","optionsInSummary":[],"parentOptions":[]},{"slug":"material","title":"Support","locked":false,"options":[{"slug":"nylon","name":"nylon","nullable":false,"eco":false,"enrichments":[]}],"viewMode":{"reseller":"default"},"type":"radio","optionsInSummary":[],"parentOptions":[]},{"slug":"urgency","title":"Urgence","locked":false,"options":[{"slug":"standard","name":"Standard","nullable":false,"eco":false,"enrichments":[]},{"slug":"quick","name":"Rapide","nullable":false,"eco":false,"enrichments":[]},{"slug":"moderate","nullable":false,"eco":false,"enrichments":[],"name":"Moderate"},{"slug":"urgent","name":"Urgent","nullable":false,"eco":false,"enrichments":[]}],"viewMode":{"reseller":"default"},"type":"radio","optionsInSummary":[],"parentOptions":[]},{"slug":"printtype","title":"Impression","locked":false,"options":[{"slug":"00","name":"Non imprimé","nullable":false,"eco":false,"pages":[{"numberOfColors":1,"colorspace":"indexed"}],"enrichments":[]}],"viewMode":{"reseller":"default"},"type":"radio","optionsInSummary":[],"parentOptions":[]}],"maxDesigns":1,"bleed":"0","hsCode":"3926909700","isAvailableInUserRegion":true,"hasAccessories":false,"accessoryExcludes":[],"propertyGroups":[{"slug":"nylon-spacers-wzwmgliw","columnWidth":{"reseller":"summary"},"properties":["summary_image"]},{"slug":"nylon-spacers-ejwsectt","columnWidth":{"reseller":"third"},"properties":["size"]},{"slug":"nylon-spacers-cyavrmgm","columnWidth":{"reseller":"third"},"properties":["copies"]},{"slug":"nylon-spacers-gzcvevrq","columnWidth":{"reseller":"hidden"},"properties":["printingmethod","material","urgency","printtype"]}],"excludes":[],"warnings":[]}