{"sku":"nylon-spacers-glue","active":true,"createdAt":"2024-02-14T10:50:33.480Z","updatedAt":"2025-01-27T12:59:22.600Z","introductionDate":"2024-02-14T10:50:33.480Z","properties":[{"slug":"summary_image","title":"summary image","locked":false,"options":[{"slug":"nylon-spacers-glue","nullable":true,"eco":false,"enrichments":[],"name":"nylon-spacers-glue"}],"viewMode":{"reseller":"default"},"type":"checkbox","optionsInSummary":[],"parentOptions":[]},{"slug":"accessories","title":"Accessoires","locked":false,"options":[{"slug":"spacers_glue","nullable":false,"eco":false,"enrichments":[],"name":"Colle pour entretoises (20 mg)"}],"viewMode":{"reseller":"default"},"type":"radio","optionsInSummary":[],"parentOptions":[]},{"slug":"copies","title":"Quantité","locked":false,"options":[{"slug":1,"nullable":false,"type":"raw_material"},{"slug":2,"nullable":false,"type":"raw_material"},{"slug":3,"nullable":false,"type":"raw_material"},{"slug":4,"nullable":false,"type":"raw_material"},{"slug":5,"nullable":false,"type":"raw_material"},{"slug":6,"nullable":false,"type":"raw_material"},{"slug":7,"nullable":false,"type":"raw_material"},{"slug":8,"nullable":false,"type":"raw_material"},{"slug":9,"nullable":false,"type":"raw_material"},{"slug":10,"nullable":false,"type":"raw_material"}],"viewMode":{"reseller":"copies"},"optionsInSummary":[],"rangeSets":[{"options":[{"max":1000,"steps":1,"min":1}],"summary":[1,2,3,4,5,10],"printingmethod":"raw_material"}],"parentOptions":[]},{"slug":"printtype","title":"Impression","locked":false,"options":[{"slug":"00","name":"Non imprimé","nullable":false,"eco":false,"pages":[{"numberOfColors":1,"colorspace":"indexed"}],"enrichments":[]}],"viewMode":{"reseller":"default"},"type":"radio","optionsInSummary":[],"parentOptions":[]},{"slug":"size","title":"Format (largeur x hauteur)","locked":false,"options":[{"slug":"accessories","name":"Accessories","nullable":false,"width":1,"height":1}],"viewMode":{"reseller":"default"},"type":"radio","optionsInSummary":[],"parentOptions":[]},{"slug":"material","title":"Support","locked":false,"options":[{"slug":"accessories","name":"Accessoires","nullable":false,"eco":false,"enrichments":[]}],"viewMode":{"reseller":"default"},"type":"radio","optionsInSummary":[],"parentOptions":[]},{"slug":"urgency","title":"Urgence","locked":false,"options":[{"slug":"standard","name":"Standard","nullable":false,"eco":false,"enrichments":[]},{"slug":"moderate","nullable":false,"eco":false,"enrichments":[],"name":"Moderate"},{"slug":"quick","name":"Rapide","nullable":false,"eco":false,"enrichments":[]},{"slug":"urgent","name":"Urgent","nullable":false,"eco":false,"enrichments":[]}],"viewMode":{"reseller":"default"},"type":"radio","optionsInSummary":[],"parentOptions":[]},{"slug":"printingmethod","title":"Méthode d'impression","locked":false,"options":[{"slug":"raw_material","name":"Sans impression","nullable":false,"eco":false,"enrichments":[]}],"viewMode":{"reseller":"default"},"type":"radio","optionsInSummary":[],"parentOptions":[]}],"bleed":"0","hsCode":"3926909790","isAvailableInUserRegion":true,"hasAccessories":false,"accessoryExcludes":[],"propertyGroups":[{"slug":"99cdb2f0-12b5-11ef-8b59-b56f173542cf","columnWidth":{"reseller":"summary"},"columnHeight":{},"properties":["summary_image","accessories"]},{"slug":"99cdb2f1-12b5-11ef-8b59-b56f173542cf","columnWidth":{"reseller":"two-columns"},"columnHeight":{},"properties":["copies"]},{"slug":"99cdb2f2-12b5-11ef-8b59-b56f173542cf","columnWidth":{"reseller":"hidden"},"columnHeight":{},"properties":["printtype","size","material","urgency","printingmethod"]}],"excludes":[],"warnings":[],"titlePlural":"Glue for spacers","titleSingle":"Glue for spacer"}