{"sku":"oracal-squeegee","active":true,"titleSingle":"Raclette","titlePlural":"Raclettes","createdAt":"2024-02-14T10:50:45.530Z","updatedAt":"2024-02-14T10:50:45.530Z","introductionDate":"2024-02-14T10:50:45.530Z","properties":[{"slug":"summary_image","locked":false,"options":[{"slug":"squeegee_plastic","name":"squeegee_plastic","nullable":true,"eco":false,"enrichments":[]}],"viewMode":{"reseller":"icons"},"type":"checkbox","optionsInSummary":[],"parentOptions":[],"title":"summary_image"},{"slug":"size","title":"Format (largeur x hauteur)","locked":false,"options":[{"slug":"squeegee","name":"10 x 7 cm","nullable":false,"width":100,"height":70}],"viewMode":{"reseller":"default"},"type":"radio","optionsInSummary":[],"parentOptions":[]},{"slug":"material","title":"Support","locked":false,"options":[{"slug":"200gr_plastic","name":"Plastique","nullable":false,"eco":false,"enrichments":[]}],"viewMode":{"reseller":"default"},"type":"radio","optionsInSummary":[],"parentOptions":[]},{"slug":"copies","title":"Quantité","locked":false,"options":[],"viewMode":{"reseller":"copies"},"optionsInSummary":[],"copiesInSummary":{},"rangeSets":[{"options":[{"max":100,"steps":1,"min":0}],"summary":[1,2,3,4,5],"printingmethod":"raw_material"}],"copyLimit":{},"parentOptions":[]},{"slug":"printingmethod","title":"Méthode d'impression","locked":false,"options":[{"slug":"raw_material","name":"Sans impression","nullable":false,"eco":false,"enrichments":[]}],"viewMode":{"reseller":"default"},"type":"radio","optionsInSummary":[],"parentOptions":[]},{"slug":"accessories","title":"Accessoires","locked":false,"options":[{"slug":"squeegee_plastic","name":"Raclette","nullable":false,"eco":false,"enrichments":[]}],"viewMode":{"reseller":"icons"},"type":"radio","optionsInSummary":[],"parentOptions":[]},{"slug":"printtype","title":"Impression","locked":false,"options":[{"slug":"00","name":"Non imprimé","nullable":false,"eco":false,"pages":[{"numberOfColors":1,"colorspace":"indexed"}],"enrichments":[]}],"viewMode":{"reseller":"default"},"type":"radio","optionsInSummary":[],"parentOptions":[]},{"slug":"urgency","title":"Urgence","locked":false,"options":[{"slug":"standard","name":"Standard","nullable":false,"eco":false,"enrichments":[]},{"slug":"quick","name":"Rapide","nullable":false,"eco":false,"enrichments":[]},{"slug":"urgent","name":"Urgent","nullable":false,"eco":false,"enrichments":[]},{"slug":"moderate","nullable":false,"eco":false,"enrichments":[],"name":"Moderate"}],"viewMode":{"reseller":"default"},"type":"radio","optionsInSummary":[],"parentOptions":[]}],"maxDesigns":1,"hsCode":"9611000000","isAvailableInUserRegion":true,"hasAccessories":false,"accessoryExcludes":[],"propertyGroups":[{"slug":"oracal-squeegee-ykpddlwx","columnWidth":{"reseller":"summary"},"properties":["summary_image","size","material"],"title":"Type"},{"slug":"oracal-squeegee-cpzhxhhb","columnWidth":{"reseller":"two-columns"},"properties":["copies"],"title":"Amount"},{"slug":"oracal-squeegee-jibqzcyq","columnWidth":{"reseller":"hidden"},"properties":["printingmethod","accessories","printtype","urgency"],"title":"Hidden"}],"excludes":[],"warnings":[]}