{"sku":"panel-hanging-plates","active":true,"titleSingle":"Plaque de fixation","titlePlural":"Plaques de fixation","createdAt":"2024-02-14T10:49:44.621Z","updatedAt":"2024-11-07T07:43:52.773Z","introductionDate":"2024-02-14T10:49:44.621Z","properties":[{"slug":"summary_image","locked":false,"options":[{"slug":"panel-hanging-plates","nullable":true,"eco":false,"enrichments":[],"name":"panel-hanging-plates"}],"viewMode":{"reseller":"default"},"type":"checkbox","optionsInSummary":[],"parentOptions":[],"title":"summary_image"},{"slug":"panel_hanging_plate","title":"Format (largeur x hauteur)","locked":false,"options":[{"slug":"panel_hanging_plate_45_x_45","name":"Plaque de fixation de 4,5 x 4,5 cm","nullable":false,"eco":false,"enrichments":[]},{"slug":"panel_hanging_plate_70_x_70","name":"Plaque de fixation de 7 x 7 cm","nullable":false,"eco":false,"enrichments":[]},{"slug":"panel_hanging_plate_100_x_100","name":"Plaque de fixation de 10 x 10 cm","nullable":false,"eco":false,"enrichments":[]},{"slug":"panel_hanging_plate_100_x_200","name":"Plaque de fixation de 10 x 20 cm","nullable":false,"eco":false,"enrichments":[]}],"viewMode":{"reseller":"default"},"type":"radio","optionsInSummary":[],"parentOptions":[]},{"slug":"copies","title":"Quantité","locked":false,"options":[],"viewMode":{"reseller":"copies"},"optionsInSummary":[],"copiesInSummary":{},"rangeSets":[{"summary":[1,2,3,4,5],"options":[{"max":200,"steps":1,"min":1}],"printingmethod":"raw_material"}],"copyLimit":{},"parentOptions":[]},{"slug":"size","title":"Format (largeur x hauteur)","locked":false,"options":[{"slug":"4.5_x_4.5_cm","name":"4,5 x 4,5 cm","nullable":false,"width":45,"height":45},{"slug":"7_x_7_cm","name":"7 x 7 cm","nullable":false,"width":70,"height":70},{"slug":"10_x_10_cm","name":"10 x 10 cm","nullable":false,"width":100,"height":100},{"slug":"10_x_20_cm","name":"10 x 20 cm","nullable":false,"width":100,"height":200}],"viewMode":{"reseller":"default"},"type":"radio","optionsInSummary":[],"parentOptions":[]},{"slug":"material","title":"Support","locked":false,"options":[{"slug":"1000gr_metal","name":"Métal","nullable":false,"eco":false,"enrichments":[]}],"viewMode":{"reseller":"default"},"type":"radio","optionsInSummary":[],"parentOptions":[]},{"slug":"printingmethod","title":"Méthode d'impression","locked":false,"options":[{"slug":"raw_material","name":"Sans impression","nullable":false,"eco":false,"enrichments":[]}],"viewMode":{"reseller":"default"},"type":"radio","optionsInSummary":[],"parentOptions":[]},{"slug":"printtype","title":"Impression","locked":false,"options":[{"slug":"00","name":"Non imprimé","nullable":false,"eco":false,"pages":[{"numberOfColors":1,"colorspace":"indexed"}],"enrichments":[]}],"viewMode":{"reseller":"default"},"type":"radio","optionsInSummary":[],"parentOptions":[]},{"slug":"urgency","title":"Urgence","locked":false,"options":[{"slug":"standard","name":"Standard","nullable":false,"eco":false,"enrichments":[]},{"slug":"quick","name":"Rapide","nullable":false,"eco":false,"enrichments":[]},{"slug":"urgent","name":"Urgent","nullable":false,"eco":false,"enrichments":[]},{"slug":"moderate","nullable":false,"eco":false,"enrichments":[],"name":"Moderate"}],"viewMode":{"reseller":"default"},"type":"radio","optionsInSummary":[],"parentOptions":[]}],"maxDesigns":1,"bleed":null,"hsCode":"3926909700","isAvailableInUserRegion":true,"hasAccessories":false,"accessoryExcludes":[],"propertyGroups":[{"slug":"panel-hanging-plates-rblwesht","columnWidth":{"reseller":"summary"},"properties":["summary_image"]},{"slug":"panel-hanging-plates-zmlfxzrj","columnWidth":{"reseller":"third"},"properties":["panel_hanging_plate"]},{"slug":"panel-hanging-plates-khfbmapd","columnWidth":{"reseller":"third"},"properties":["copies"]},{"slug":"panel-hanging-plates-ngmdunwi","columnWidth":{"reseller":"hidden"},"properties":["size","material","printingmethod","printtype","urgency"],"title":"Hidden"}],"excludes":[],"warnings":[]}