{"sku":"polystone-block-stand","active":true,"titleSingle":"Porte-cartes en polystone","titlePlural":"Porte-cartes en polystone","createdAt":"2024-03-06T10:14:52.683Z","updatedAt":"2024-04-30T12:33:11.113Z","introductionDate":"2024-03-06T10:14:52.683Z","properties":[{"slug":"summary_image","title":"summary image","locked":false,"options":[{"slug":"polystone-block-stand","nullable":true,"eco":false,"enrichments":[],"name":"polystone-block-stand "}],"viewMode":{"reseller":"default"},"type":"checkbox","optionsInSummary":[],"parentOptions":[]},{"slug":"size","title":"Format (largeur x hauteur)","locked":false,"options":[{"slug":"a5","name":"A5 - 148 x 210 mm","nullable":false,"width":"148","height":"210"},{"slug":"a4","name":"A4 - 210 x 297 mm","nullable":false,"width":"210","height":"297"}],"viewMode":{"reseller":"default"},"type":"radio","optionsInSummary":["a4","a5"],"parentOptions":[]},{"slug":"color","title":"Couleurs","locked":false,"options":[{"slug":"anthracite","name":"Anthracite","nullable":false,"eco":false,"enrichments":[{"propertySlug":"color","optionSlug":"#383E42"}]},{"slug":"white","name":"Blanc","nullable":false,"eco":false,"enrichments":[{"propertySlug":"color","optionSlug":"#ffffff"}]}],"viewMode":{"reseller":"default"},"type":"radio","optionsInSummary":["anthracite","white"],"parentOptions":[]},{"slug":"material","title":"Support","locked":false,"options":[{"slug":"polystone","name":"Polystone","nullable":false,"eco":false,"enrichments":[]}],"viewMode":{"reseller":"default"},"type":"radio","optionsInSummary":["polystone"],"parentOptions":[]},{"slug":"copies","title":"Quantité","locked":false,"options":[{"slug":1,"nullable":false},{"slug":2,"nullable":false},{"slug":3,"nullable":false},{"slug":4,"nullable":false},{"slug":5,"nullable":false}],"viewMode":{"reseller":"copies"},"optionsInSummary":[],"rangeSets":[{"summary":[1,2,3,4,5],"options":[{"max":1000,"steps":1,"min":0}],"printingmethod":"raw_material"}],"parentOptions":[]},{"slug":"printtype","title":"Impression","locked":false,"options":[{"slug":"00","name":"Non imprimé","nullable":false,"eco":false,"pages":[{"numberOfColors":1,"colorspace":"indexed"}],"enrichments":[]}],"viewMode":{"reseller":"default"},"type":"radio","optionsInSummary":[],"parentOptions":[]},{"slug":"printingmethod","title":"Méthode d'impression","locked":false,"options":[{"slug":"raw_material","name":"Sans impression","nullable":false,"eco":false,"enrichments":[]}],"viewMode":{"reseller":"default"},"type":"radio","optionsInSummary":[],"parentOptions":[]},{"slug":"article_number","title":"Numéro d'article","locked":false,"options":[{"slug":"351020","nullable":false,"eco":false,"enrichments":[],"name":"351020"},{"slug":"351021","nullable":false,"eco":false,"enrichments":[],"name":"351021"},{"slug":"351022","nullable":false,"eco":false,"enrichments":[],"name":"351022"},{"slug":"351023","nullable":false,"eco":false,"enrichments":[],"name":"351023"}],"viewMode":{"reseller":"default"},"type":"radio","optionsInSummary":[],"parentOptions":[]},{"slug":"urgency","title":"Urgence","locked":false,"options":[{"slug":"standard","name":"Standard","nullable":false,"eco":false,"enrichments":[]}],"viewMode":{"reseller":"default"},"type":"radio","optionsInSummary":["standard"],"parentOptions":[]}],"maxDesigns":1,"hsCode":"3926909700","isAvailableInUserRegion":true,"hasAccessories":false,"accessoryExcludes":[],"propertyGroups":[{"slug":"polystone-block-stand-pctmylyd","columnWidth":{"reseller":"summary"},"columnHeight":{},"properties":["summary_image"]},{"slug":"polystone-block-stand-jkhrcsah","columnWidth":{"reseller":"third"},"properties":["size","color","material"]},{"slug":"polystone-block-stand-pjdqvvze","columnWidth":{"reseller":"third"},"properties":["copies"]},{"slug":"polystone-block-stand-aubrugrf","columnWidth":{"reseller":"hidden"},"columnHeight":{},"properties":["printtype","printingmethod","article_number","urgency"]}],"excludes":[],"warnings":[]}