{"sku":"polypropylene","active":true,"titleSingle":"Panneau polypropylène alvéolaire","titlePlural":"Panneau polypropylène alvéolaire","createdAt":"2024-02-14T10:50:19.132Z","updatedAt":"2024-10-09T13:18:38.142Z","properties":[{"slug":"summary_image","title":"summary image","locked":false,"options":[{"slug":"polypropylene","nullable":true,"eco":false,"enrichments":[],"name":"Polypropylene"}],"viewMode":{"reseller":"default"},"type":"checkbox","optionsInSummary":[],"parentOptions":[]},{"slug":"material","title":"Support","locked":false,"options":[{"slug":"3.5mm_polypropylene_board_horizontal","name":"Akilux - Panneau alvéolaire en polypropylène 3,5 mm (horizontal)","nullable":false,"eco":true,"enrichments":[{"propertySlug":"rigid","optionSlug":"true"},{"propertySlug":"thickness","optionSlug":"3.5"},{"propertySlug":"weight","optionSlug":"600"}]},{"slug":"3.5mm_polypropylene_board_vertical","name":"Akilux - Panneau alvéolaire en polypropylène 3,5 mm (vertical)","nullable":false,"eco":true,"enrichments":[{"propertySlug":"rigid","optionSlug":"true"},{"propertySlug":"thickness","optionSlug":"3.5"},{"propertySlug":"weight","optionSlug":"600"}]}],"viewMode":{"reseller":"default"},"type":"radio","optionsInSummary":[],"parentOptions":[]},{"slug":"printtype","title":"Impression","locked":false,"options":[{"slug":"00","name":"Non imprimé","nullable":false,"eco":false,"pages":[{"numberOfColors":1,"colorspace":"indexed"}],"enrichments":[]},{"slug":"40","name":"4/0 quadri recto","nullable":false,"eco":false,"pages":[{"numberOfColors":4,"colorspace":"cmyk"}],"enrichments":[]},{"slug":"44","name":"4/4 quadri recto/verso","nullable":false,"eco":false,"pages":[{"numberOfColors":4,"colorspace":"cmyk"},{"numberOfColors":4,"colorspace":"cmyk"}],"enrichments":[]}],"viewMode":{"reseller":"default"},"type":"radio","optionsInSummary":[],"parentOptions":[]},{"slug":"size","title":"Format (largeur x hauteur)","locked":false,"options":[{"slug":"100_x100_cm","name":"100 x 100 cm","nullable":false,"width":1000,"height":1000},{"slug":"custom","nullable":false,"customSizes":{"minHeight":50,"sizeUnit":"CM","minWidth":50,"maxHeight":3010,"dimensionalAccuracy":"MM","maxWidth":3010}}],"viewMode":{"reseller":"default"},"type":"radio","optionsInSummary":[],"parentOptions":[]},{"slug":"copies","title":"Quantité","locked":false,"options":[{"slug":1,"nullable":false,"type":"lfp_uv"},{"slug":2,"nullable":false,"type":"lfp_uv"},{"slug":3,"nullable":false,"type":"lfp_uv"},{"slug":4,"nullable":false,"type":"lfp_uv"},{"slug":5,"nullable":false,"type":"lfp_uv"},{"slug":10,"nullable":false,"type":"lfp_uv"},{"slug":25,"nullable":false,"type":"lfp_uv"},{"slug":50,"nullable":false,"type":"lfp_uv"}],"viewMode":{"reseller":"copies"},"optionsInSummary":[],"copiesInSummary":{"lfp_uv":100},"rangeSets":[{"summary":[1,2,3,4,5,10,25,50],"options":[{"steps":1,"max":10000,"min":1}],"printingmethod":"lfp_uv"}],"copyLimit":{"lfp_uv":10000},"parentOptions":[]},{"slug":"custom_shape","title":"Forme personnalisée","locked":false,"options":[{"slug":"clean_cut","name":"Coupe droite","nullable":false,"eco":false,"enrichments":[]},{"slug":"custom_shape_simple","name":"Découpe suivant un contour personnalisé (1 forme simple)","nullable":false,"eco":false,"enrichments":[]},{"slug":"custom_shape_complex","name":"Découpe suivant un contour personnalisé (1 forme complexe)","nullable":false,"eco":false,"enrichments":[]},{"slug":"custom_shape_multiple","name":"Découpe suivant un contour personnalisé (max. 5 formes)","nullable":false,"eco":false,"enrichments":[]}],"viewMode":{"reseller":"default"},"type":"radio","optionsInSummary":[],"parentOptions":[]},{"slug":"drillholes","title":"Trous","locked":false,"options":[{"slug":"none","name":"Sans","nullable":true,"eco":false,"enrichments":[]},{"slug":"drillholes_corner_6mm","name":"Dans chaque coin (6 mm)","nullable":false,"eco":false,"enrichments":[]},{"slug":"drillholes_corner_8mm","name":"Dans chaque coin (8 mm)","nullable":false,"eco":false,"enrichments":[]},{"slug":"drillholes_corner_9mm","name":"Dans chaque coin (9 mm)","nullable":false,"eco":false,"enrichments":[]},{"slug":"drillholes_corner_10mm","name":"Dans chaque coin (10 mm)","nullable":false,"eco":false,"enrichments":[]},{"slug":"one_drillhole_custom","name":"1 trou","nullable":false,"eco":false,"enrichments":[]},{"slug":"two_drillholes_custom","name":"2 trous","nullable":false,"eco":false,"enrichments":[]},{"slug":"three_drillholes_custom","name":"3 trous","nullable":false,"eco":false,"enrichments":[]},{"slug":"four_drillholes_custom","name":"4 trous","nullable":false,"eco":false,"enrichments":[]},{"slug":"five_drillholes_custom","name":"5 trous","nullable":false,"eco":false,"enrichments":[]},{"slug":"six_drillholes_custom","name":"6 trous","nullable":false,"eco":false,"enrichments":[]},{"slug":"seven_drillholes_custom","name":"7 trous","nullable":false,"eco":false,"enrichments":[]},{"slug":"eight_drillholes_custom","name":"8 trous","nullable":false,"eco":false,"enrichments":[]},{"slug":"nine_drillholes_custom","name":"9 trous","nullable":false,"eco":false,"enrichments":[]},{"slug":"ten_drillholes_custom","name":"10 trous","nullable":false,"eco":false,"enrichments":[]}],"viewMode":{"reseller":"default"},"type":"radio","optionsInSummary":[],"parentOptions":[]},{"slug":"score","title":"Incision (découpe pour pliage)","locked":false,"options":[{"slug":"none","name":"Sans","nullable":true,"enrichments":[]},{"slug":"front","name":"Devant","nullable":false,"enrichments":[]},{"slug":"back","name":"Dos","nullable":false,"enrichments":[]}],"viewMode":{"reseller":"default"},"type":"radio","optionsInSummary":[],"parentOptions":[]},{"slug":"printingmethod","title":"Méthode d'impression","locked":false,"options":[{"slug":"lfp_uv","name":"Durst P5 350","description":"Durst P5 350","nullable":false,"eco":false,"enrichments":[]}],"viewMode":{"reseller":"default"},"type":"radio","optionsInSummary":[],"parentOptions":[]},{"slug":"packaging_extras","title":"Emballage","locked":false,"options":[{"slug":"packaging_plate","name":"packaging_plate","nullable":false,"eco":false,"enrichments":[]}],"viewMode":{"reseller":"default"},"type":"radio","optionsInSummary":[],"parentOptions":[]},{"slug":"urgency","title":"Urgence","locked":false,"options":[{"slug":"quick","name":"Rapide","nullable":false,"eco":false,"enrichments":[]},{"slug":"standard","name":"Standard","nullable":false,"eco":false,"enrichments":[]},{"slug":"urgent","name":"Urgent","nullable":false,"eco":false,"enrichments":[]},{"slug":"moderate","nullable":false,"eco":false,"enrichments":[],"name":"Moderate"}],"viewMode":{"reseller":"default"},"type":"radio","optionsInSummary":[],"parentOptions":[]}],"maxDesigns":50,"bleed":"10","hsCode":"3902100000","isAvailableInUserRegion":true,"hasAccessories":true,"accessoryExcludes":[],"propertyGroups":[{"slug":"polypropylene-zgfnchmi","columnWidth":{"reseller":"summary"},"columnHeight":{"reseller":"1block"},"properties":["summary_image"]},{"slug":"polypropylene-nibdfzrd","columnWidth":{"reseller":"third"},"columnHeight":{"reseller":"2block"},"properties":["material","printtype"]},{"slug":"polypropylene-yrdpyhfk","columnWidth":{"reseller":"third"},"columnHeight":{"reseller":"2block"},"properties":["size","copies"]},{"slug":"polypropylene-wtkufiys","columnWidth":{"reseller":"third"},"properties":["custom_shape"]},{"slug":"polypropylene-jvnxujar","columnWidth":{"reseller":"extras-three-columns"},"columnHeight":{},"title":"Options complémentaires","properties":["drillholes","score"]},{"slug":"polypropylene-lnzbivuh","columnWidth":{"reseller":"hidden"},"columnHeight":{},"properties":["printingmethod","packaging_extras","urgency"],"title":"Hidden"}],"excludes":[[{"property":"material","options":["3.5mm_polypropylene_board_horizontal"]},{"options":["custom:width:50-3010","custom:height:50-1510"],"property":"size"}],[{"property":"material","options":["3.5mm_polypropylene_board_vertical"]},{"property":"size","options":["custom:width:50-1510","custom:height:50-3010"]}],[{"property":"score","options":["front","back"]},{"property":"custom_shape","options":["clean_cut"]}],[{"property":"drillholes","options":["drillholes_corner_6mm","drillholes_corner_8mm","drillholes_corner_9mm","drillholes_corner_10mm"]},{"property":"custom_shape","options":["custom_shape_simple","custom_shape_complex","custom_shape_multiple"]}]],"warnings":[]}