{"sku":"posterclamp","active":true,"titleSingle":"Rail de suspension avec clips","titlePlural":"Rails de suspension avec clips","createdAt":"2023-08-22T07:44:28.690Z","updatedAt":"2025-08-11T09:19:35.137Z","introductionDate":"2023-08-22T07:44:28.690Z","properties":[{"slug":"summary_image","locked":false,"options":[{"slug":"posterclamp","nullable":true,"eco":false,"enrichments":[],"name":"Pinces de fixation pour bannières"}],"viewMode":{"reseller":"default"},"type":"checkbox","optionsInSummary":[],"parentOptions":[],"required":false,"title":"summary_image"},{"slug":"material","title":"Support","locked":false,"options":[{"slug":"660gr_posterclamp_aluminum","name":"Aluminium","nullable":false,"eco":false,"enrichments":[]}],"viewMode":{"reseller":"default"},"type":"radio","optionsInSummary":[],"parentOptions":[],"required":true},{"slug":"size","title":"Format (largeur)","locked":false,"options":[{"slug":"posterclamp_42","name":"42 cm","nullable":false,"width":420,"height":80},{"slug":"posterclamp_50","name":"50 cm","nullable":false,"width":500,"height":80},{"slug":"posterclamp_70","name":"70 cm","nullable":false,"width":700,"height":80},{"slug":"posterclamp_85","name":"85 cm","nullable":false,"width":850,"height":80},{"slug":"posterclamp_100","name":"100 cm","nullable":false,"width":1000,"height":80},{"slug":"posterclamp_120","name":"120 cm","nullable":false,"width":1200,"height":80},{"slug":"posterclamp_150","name":"150 cm","nullable":false,"width":1500,"height":80}],"viewMode":{"reseller":"default"},"type":"radio","optionsInSummary":[],"parentOptions":[],"required":true},{"slug":"copies","title":"Quantité","locked":false,"options":[],"viewMode":{"reseller":"copies"},"optionsInSummary":[],"copiesInSummary":{},"rangeSets":[{"options":[{"max":100,"steps":1,"min":1}],"summary":[1,2,3,4,5,6,7,8,9,10],"printingmethod":"raw_material"}],"copyLimit":{},"parentOptions":[],"required":true},{"slug":"printingmethod","title":"Méthode d'impression","locked":false,"options":[{"slug":"raw_material","name":"Sans impression","nullable":false,"eco":false,"enrichments":[]}],"viewMode":{"reseller":"default"},"type":"radio","optionsInSummary":[],"parentOptions":[],"required":true},{"slug":"printtype","title":"Impression","locked":false,"options":[{"slug":"00","name":"Non imprimé","nullable":false,"eco":false,"pages":[{"numberOfColors":1,"colorspace":"indexed"}],"enrichments":[]}],"viewMode":{"reseller":"default"},"type":"radio","optionsInSummary":[],"parentOptions":[],"required":true},{"slug":"urgency","title":"Urgence","locked":false,"options":[{"slug":"standard","name":"Standard","nullable":false,"eco":false,"enrichments":[]},{"slug":"moderate","nullable":false,"eco":false,"enrichments":[],"name":"Moderate"},{"slug":"quick","name":"Rapide","nullable":false,"eco":false,"enrichments":[]},{"slug":"urgent","name":"Urgent","nullable":false,"eco":false,"enrichments":[]}],"viewMode":{"reseller":"default"},"type":"radio","optionsInSummary":[],"parentOptions":[],"required":true}],"maxDesigns":1,"bleed":3,"hsCode":"8302490000","isAvailableInUserRegion":true,"hasAccessories":false,"accessoryExcludes":[],"category":["accessories-posters"],"flexibleprintingmethod":false,"propertyGroups":[{"slug":"posterclamp-wjmqnyii","columnWidth":{"reseller":"summary"},"properties":["summary_image","material"]},{"slug":"posterclamp-akqwzncg","columnWidth":{"reseller":"third"},"properties":["size"],"title":"Size"},{"slug":"posterclamp-immwpvjw","columnWidth":{"reseller":"third"},"properties":["copies"],"title":"Amount"},{"slug":"posterclamp-cmnjjmlz","columnWidth":{"reseller":"hidden"},"properties":["printingmethod","printtype","urgency"],"title":"Hidden"}],"excludes":[],"warnings":[]}