{"sku":"posters","active":true,"titleSingle":"Affiche","titlePlural":"Affiches","createdAt":"2023-08-21T12:07:20.823Z","updatedAt":"2024-09-18T08:27:19.820Z","properties":[{"slug":"summary_image","title":"summary image","locked":false,"options":[{"slug":"posters","nullable":true,"eco":false,"enrichments":[],"name":"posters"}],"viewMode":{"reseller":"default"},"type":"checkbox","optionsInSummary":[],"parentOptions":[]},{"slug":"material","title":"Support","locked":false,"options":[{"slug":"95gr_neon_papier_geel","name":"Papier jaune fluo 95 g/m²","nullable":false,"eco":false,"parent":"1gr_fluoriserend_neon","enrichments":[{"propertySlug":"color","optionSlug":"#fffa30"}]},{"slug":"95gr_neon_papier_groen","name":"Papier fluo 95 g/m² vert","nullable":false,"eco":false,"parent":"1gr_fluoriserend_neon","enrichments":[{"propertySlug":"color","optionSlug":"#5aef00"}]},{"slug":"95gr_neon_papier_magenta","name":"Papier fluo 95 g/m² magenta","nullable":false,"eco":false,"parent":"1gr_fluoriserend_neon","enrichments":[{"propertySlug":"color","optionSlug":"#ff00c7"}]},{"slug":"95gr_neon_papier_oranje","name":"Papier orange fluo 95 g/m² ","nullable":false,"eco":false,"parent":"1gr_fluoriserend_neon","enrichments":[{"propertySlug":"color","optionSlug":"#ff8300"}]},{"slug":"115gr_blueback","name":"Dos Bleu 115 g/m²","nullable":false,"eco":false,"parent":"1gr_waterproof","enrichments":[{"propertySlug":"thickness","optionSlug":"0.15"},{"propertySlug":"color","optionSlug":"#ffffff"},{"propertySlug":"weight","optionSlug":"115"}]},{"slug":"135gr_gesatineerd_mc","name":"Couché brillant 135 g/m²","nullable":false,"eco":false,"parent":"1gr_gesatineerd_mc","enrichments":[{"propertySlug":"color","optionSlug":"#ffffff"},{"propertySlug":"weight","optionSlug":"130"},{"propertySlug":"thickness","optionSlug":"0.095"}]},{"slug":"250gr_gesatineerd_mc","name":"Couché brillant 250 g/m²","nullable":false,"eco":false,"parent":"1gr_gesatineerd_mc","enrichments":[{"propertySlug":"color","optionSlug":"#ffffff"},{"propertySlug":"thickness","optionSlug":"0.185"}]},{"slug":"135gr_silk_mc","name":"Couché demi-mat (silk) 135 g/m²","nullable":false,"eco":false,"parent":"1gr_mat","enrichments":[{"propertySlug":"color","optionSlug":"#ffffff"},{"propertySlug":"thickening","optionSlug":"0.75"},{"propertySlug":"weight","optionSlug":"135"},{"propertySlug":"thickness","optionSlug":"0.111"}]},{"slug":"170gr_silk_mc","name":"Couché demi-mat (silk) 170 g/m²","nullable":false,"eco":false,"parent":"1gr_mat","enrichments":[{"propertySlug":"color","optionSlug":"#ffffff"},{"propertySlug":"thickening","optionSlug":"0.92"},{"propertySlug":"thickness","optionSlug":"0.141"}]},{"slug":"250gr_silk_mc","name":"Couché demi-mat (silk) 250 g/m²","nullable":false,"eco":false,"parent":"1gr_mat","enrichments":[{"propertySlug":"color","optionSlug":"#ffffff"},{"propertySlug":"thickness","optionSlug":"0.225"}]},{"slug":"150gr_citylight","name":"Citylight 150 g/m²","nullable":false,"eco":false,"parent":"1gr_specials","enrichments":[{"propertySlug":"color","optionSlug":"#ffffff"}]},{"slug":"170gr_synaps","name":"Synapse® 170 g/m² - résistant à l'eau et aux déchirures","nullable":false,"eco":false,"parent":"1gr_waterproof","enrichments":[{"propertySlug":"color","optionSlug":"#ffff"}]},{"slug":"160gr_ijm814_uncoated","name":"Papier non couché premium blanc 160 g/m² ","nullable":false,"eco":false,"parent":"1gr_premium","enrichments":[{"propertySlug":"color","optionSlug":"#ffffff"},{"propertySlug":"thickness","optionSlug":"0.197"}]},{"slug":"230gr_premium_matt","name":"Couché mat premium 230 g/m²","nullable":false,"eco":false,"parent":"1gr_premium","enrichments":[{"propertySlug":"color","optionSlug":"#ffffff"},{"propertySlug":"thickness","optionSlug":"0.305"},{"propertySlug":"weight","optionSlug":"0.230"}]},{"slug":"280gr_backlit_polyester","name":"Backlit translucide  280 g/m² ","nullable":false,"eco":false,"parent":"1gr_specials","enrichments":[{"propertySlug":"color","optionSlug":"#ffffff"}]},{"slug":"510gr_pvc","name":"Frontlit M1 - 510 g/m² (pvc)","nullable":false,"eco":false,"parent":"1gr_waterproof","enrichments":[{"propertySlug":"color","optionSlug":"#ffffff"},{"propertySlug":"thickness","optionSlug":"0.4"}]},{"slug":"120gr_recystar","name":"BalancePure® 120 g/m²","nullable":false,"eco":true,"parent":"1gr_eco","enrichments":[{"propertySlug":"color","optionSlug":"#fdfdfd"},{"propertySlug":"thickness","optionSlug":"0.144"}]},{"slug":"120gr_recystar_nature","name":"Recystar Nature 120 g/m²","nullable":false,"eco":true,"parent":"1gr_eco","enrichments":[{"propertySlug":"color","optionSlug":"#f5f4ed"},{"propertySlug":"thickness","optionSlug":"0.145"}]},{"slug":"120gr_biotop","name":"Bio Top 3® naturel 120 g/m²","nullable":false,"eco":true,"parent":"1gr_eco","enrichments":[{"propertySlug":"color","optionSlug":"#f9f5ea"},{"propertySlug":"thickness","optionSlug":"0.153"}]}],"viewMode":{"reseller":"summary-modal","storefront":"default"},"type":"radio","optionsInSummary":["115gr_blueback","135gr_gesatineerd_mc","250gr_gesatineerd_mc","135gr_silk_mc","250gr_silk_mc","230gr_premium_matt"],"parentOptions":[{"slug":"1gr_gesatineerd_mc","name":"Couché brillant","nullable":false,"eco":false,"enrichments":[]},{"slug":"1gr_premium","name":"Premium","nullable":false,"eco":false,"enrichments":[]},{"slug":"1gr_mat","name":"Couché demi-mat (silk)","nullable":false,"eco":false,"enrichments":[]},{"slug":"1gr_waterproof","name":"Résistant à l'eau","nullable":false,"eco":false,"enrichments":[]},{"slug":"1gr_specials","name":"Spécial","nullable":false,"eco":false,"enrichments":[]},{"slug":"1gr_fluoriserend_neon","name":"Néon fluorescent","nullable":false,"eco":false,"enrichments":[]},{"slug":"1gr_eco","name":"Aspect Eco/recyclé","nullable":false,"eco":true,"enrichments":[]}]},{"slug":"finish","title":"Pelliculage","locked":false,"options":[{"slug":"geen","name":"Sans","nullable":true,"eco":false,"enrichments":[]},{"slug":"single_sided_gloss_lamination","name":"Pelliculage brillant recto seul","nullable":false,"eco":false,"enrichments":[]},{"slug":"single_sided_matt_lamination","name":"Pelliculage mat recto seul","nullable":false,"eco":false,"enrichments":[]},{"slug":"double_sided_gloss_lamination","name":"Pelliculage brillant recto/verso","nullable":false,"eco":false,"enrichments":[]},{"slug":"double_sided_matt_lamination","name":"Pelliculage mat recto/verso","nullable":false,"eco":false,"enrichments":[]}],"viewMode":{"reseller":"default","storefront":"default"},"type":"radio","parentOptions":[]},{"slug":"printtype","title":"Impression","locked":false,"options":[{"slug":"10_pms_black","name":"1/0 Pantone noir","nullable":false,"eco":false,"pages":[{"numberOfColors":1,"colorspace":"indexed"}],"enrichments":[]},{"slug":"40","name":"4/0 quadri recto","nullable":false,"eco":false,"pages":[{"numberOfColors":4,"colorspace":"cmyk"}],"enrichments":[]},{"slug":"44","name":"4/4 quadri recto/verso","nullable":false,"eco":false,"pages":[{"numberOfColors":4,"colorspace":"cmyk"},{"numberOfColors":4,"colorspace":"cmyk"}],"enrichments":[]}],"viewMode":{"reseller":"default","storefront":"default"},"type":"radio","optionsInSummary":[],"parentOptions":[]},{"slug":"copies","title":"Quantité","locked":false,"options":[{"slug":1,"nullable":false,"type":"digital"},{"slug":5,"nullable":false,"type":"digital"},{"slug":10,"nullable":false,"type":"digital"},{"slug":25,"nullable":false,"type":"digital"},{"slug":50,"nullable":false,"type":"digital"}],"viewMode":{"reseller":"copies"},"optionsInSummary":[],"copiesInSummary":{"digital":7},"rangeSets":[{"summary":[50,100,250,500,1000],"options":[{"max":60,"steps":5,"min":50},{"max":100,"steps":25,"min":50},{"max":500,"steps":50,"min":100},{"max":500,"steps":100,"min":100},{"max":2500,"steps":100,"min":500},{"max":10000,"steps":250,"min":2500}],"printingmethod":"offset"},{"options":[{"max":5000,"steps":1,"min":0}],"summary":[5,10,15,25,50],"printingmethod":"nano_print"},{"summary":[1,5,10,25,50],"options":[{"max":50000,"steps":1,"min":1}],"printingmethod":"digital"}],"copyLimit":{"digital":5000},"parentOptions":[]},{"slug":"size","title":"Format (largeur x hauteur)","locked":false,"options":[{"slug":"abri","name":"Abri - 1185 x 1750 mm","nullable":false,"width":1185,"height":1750,"parent":"a_formaten"},{"slug":"a0","name":"A0 - 840 x 1189 mm","nullable":false,"width":"840","height":"1189","parent":"a_formaten"},{"slug":"a1","name":"A1 - 594 x 840 mm","nullable":false,"width":"594","height":"840","parent":"a_formaten"},{"slug":"a2","name":"A2 - 420 x 594 mm","nullable":false,"width":"420","height":"594","parent":"a_formaten"},{"slug":"a3","name":"A3 - 297 x 420 mm","nullable":false,"width":297,"height":420,"parent":"a_formaten"},{"slug":"a4","name":"A4 - 210 x 297 mm","nullable":false,"width":"210","height":"297","parent":"a_formaten"},{"slug":"b0","name":"B0 - 1000 x 1400 mm","nullable":false,"width":1000,"height":1400,"parent":"b_formaten"},{"slug":"b1","name":"B1 - 700 x 1000 mm","nullable":false,"width":700,"height":1000,"parent":"b_formaten"},{"slug":"b2","name":"B2 - 500 x 700 mm","nullable":false,"width":500,"height":700,"parent":"b_formaten"},{"slug":"b3","name":"B3 - 350 x 500 mm","nullable":false,"width":"350","height":"500","parent":"b_formaten"},{"slug":"a1_large","name":"A1 large - 420 x 1189 mm","nullable":false,"width":420,"height":1189,"parent":"specials"},{"slug":"a2_large","name":"A2 large - 297 x 840 mm","nullable":false,"width":297,"height":840,"parent":"specials"},{"slug":"a3_large","name":"A3 large - 210 x 597 mm","nullable":false,"width":210,"height":597,"parent":"specials"},{"slug":"a4_large","name":"A4 large - 148 x 420 mm","nullable":false,"width":"148","height":420,"parent":"specials"},{"slug":"b1_large","name":"B1 large - 500 x 1400 mm","nullable":false,"width":500,"height":1400,"parent":"specials"},{"slug":"b2_large","name":"B2 large - 350 x 1000 mm","nullable":false,"width":350,"height":1000,"parent":"specials"},{"slug":"b3_large","name":"B3 large - 250 x 700 mm","nullable":false,"width":250,"height":700,"parent":"specials"},{"slug":"custom","nullable":false,"customSizes":{"minHeight":100,"sizeUnit":"MM","minWidth":100,"maxHeight":5000,"maxWidth":1230}},{"slug":"b1_plus","name":"B1 stop trottoir - 730 x 1030 mm","nullable":false,"width":730,"height":1030}],"viewMode":{"reseller":"summary-modal","storefront":"default"},"type":"radio","optionsInSummary":["a0","a1","a2","a3","b0","b1","b2"],"parentOptions":[{"slug":"a_formaten","name":"Format Din A","nullable":false,"width":1,"height":1},{"slug":"specials","name":"Formats spéciaux","nullable":false,"width":1,"height":1},{"slug":"b_formaten","name":"Formats DIN B","nullable":false,"width":1,"height":1}]},{"slug":"urgency","title":"Urgence","locked":false,"options":[{"slug":"quick","name":"Rapide","nullable":false,"eco":false,"enrichments":[]},{"slug":"standard","name":"Standard","nullable":false,"eco":false,"enrichments":[]},{"slug":"urgent","name":"Urgent","nullable":false,"eco":false,"enrichments":[]},{"slug":"moderate","nullable":false,"eco":false,"enrichments":[],"name":"Moderate"}],"viewMode":{"reseller":"default","storefront":"default"},"type":"radio","parentOptions":[]},{"slug":"packaging_extras","title":"Emballage","locked":false,"options":[{"slug":"packaging_handling","name":"packaging_handling","nullable":false,"eco":false,"enrichments":[]}],"viewMode":{"reseller":"default"},"type":"radio","optionsInSummary":[],"parentOptions":[]},{"slug":"printingmethod","title":"Méthode d'impression","locked":false,"options":[{"slug":"digital","name":"Digital","nullable":false,"eco":false,"enrichments":[]},{"slug":"nano_print","name":"Nanography print","description":"Landa Nano","nullable":false,"eco":false,"enrichments":[]},{"slug":"offset","name":"Offset","nullable":false,"eco":false,"enrichments":[]}],"viewMode":{"reseller":"default"},"type":"radio","optionsInSummary":[],"parentOptions":[]},{"slug":"sheet_size","title":"Format fini (Largeur x Hauteur)","locked":false,"options":[{"slug":"large_indigo_sheet","name":"grande feuille d'indigo","nullable":false,"eco":false,"enrichments":[]},{"slug":"not_defined","name":"non défini","nullable":false,"eco":false,"enrichments":[]},{"slug":"small_indigo_sheet","name":"petite feuille d'indigo","nullable":false,"eco":false,"enrichments":[]}],"viewMode":{"reseller":"default"},"type":"radio","optionsInSummary":[],"parentOptions":[]},{"slug":"clean_cut","title":"Coupe au format","locked":true,"options":[{"slug":"yes","name":"Oui","nullable":false,"eco":false,"enrichments":[]},{"slug":"no","name":"Non","nullable":true,"eco":false,"enrichments":[]}],"viewMode":{"reseller":"dropdown"},"type":"checkbox","optionsInSummary":[],"parentOptions":[]},{"slug":"delivery","title":"Emballage standard","locked":true,"options":[{"slug":"none","name":"Sans","nullable":true,"eco":false,"enrichments":[]},{"slug":"delivered_flat_in_box","name":"A plat en boîte","nullable":false,"eco":false,"enrichments":[]},{"slug":"default","name":"Roulé, en boîte","nullable":false,"eco":false,"enrichments":[]},{"slug":"luxury_poster_packaging","name":"Enroulé sur tube, puis dans du papier et en boîte","nullable":false,"eco":false,"parent":"luxury_poster_packaging_epia","enrichments":[]},{"slug":"pallet_delivery","name":"A plat sur palette (voir les frais de livraison)","nullable":false,"eco":false,"enrichments":[]}],"viewMode":{"reseller":"default"},"type":"radio","optionsInSummary":[],"parentOptions":[{"slug":"luxury_poster_packaging_epia","name":"Roulé sur tube, emballé sous papier et puis en boîte","nullable":false,"eco":false,"enrichments":[]}]},{"slug":"customer_packing_option","title":"Choisir soi-même l'emballage","locked":false,"options":[{"slug":"none","name":"Non","nullable":true,"eco":false,"enrichments":[]},{"slug":"rolled_up_in_box","name":"Roulé, en boîte","nullable":false,"eco":false,"enrichments":[]},{"slug":"luxury_poster_packaging","name":"Enroulé sur tube, puis dans du papier et en boîte","nullable":false,"eco":false,"enrichments":[]},{"slug":"flat_in_box","name":"A plat en boîte","nullable":false,"eco":false,"enrichments":[]},{"slug":"pallet_delivery","name":"A plat sur palette (voir les frais de livraison)","nullable":false,"eco":false,"enrichments":[]}],"viewMode":{"reseller":"default"},"type":"radio","optionsInSummary":[],"parentOptions":[]}],"maxDesigns":50,"bleed":"1.5","hsCode":"4911100000","isAvailableInUserRegion":true,"hasAccessories":false,"accessoryExcludes":[],"propertyGroups":[{"slug":"posters-tpnhkcyz","columnWidth":{"reseller":"summary","storefront":"third"},"columnHeight":{"reseller":"1block"},"properties":["summary_image"]},{"slug":"posters-ysatscnl","columnWidth":{"reseller":"third","storefront":"third"},"columnHeight":{"reseller":"2block"},"properties":["material","finish","printtype"],"title":"Support"},{"slug":"posters-tqhmtfjc","columnWidth":{"reseller":"third","storefront":"third"},"columnHeight":{"reseller":"2block"},"title":"Quantité","properties":["copies"]},{"slug":"8d31cc30-f658-11ee-8311-99a38b221cac","columnWidth":{"reseller":"third"},"columnHeight":{"reseller":"1block"},"properties":["size"]},{"slug":"posters-ajfaeldk","columnWidth":{"reseller":"hidden","storefront":"third"},"properties":["urgency","packaging_extras","printingmethod","sheet_size","clean_cut"],"title":"Hidden"},{"slug":"posters-uxezxoyg","columnWidth":{"reseller":"extras-three-columns"},"title":"Livraison","properties":["delivery","customer_packing_option"]}],"excludes":[[{"options":["150gr_citylight","170gr_synaps","510gr_pvc","280gr_backlit_polyester","95gr_neon_papier_geel","95gr_neon_papier_groen","95gr_neon_papier_magenta","95gr_neon_papier_oranje","170gr_silk_mc","170gr_gesatineerd_mc","135gr_silk_mc","150gr_silk_mc","250gr_silk_mc","120gr_biotop","120gr_recystar","120gr_recystar_nature"],"property":"material"},{"options":["offset"],"property":"printingmethod"}],[{"options":["single_sided_gloss_lamination","single_sided_matt_lamination","double_sided_matt_lamination","double_sided_gloss_lamination","single_sided_whiteboard_laminate"],"property":"finish"},{"options":["offset","nano_print"],"property":"printingmethod"}],[{"options":["510gr_pvc","115gr_blueback","170gr_synaps","95gr_neon_papier_geel","95gr_neon_papier_groen","95gr_neon_papier_magenta","95gr_neon_papier_oranje","150gr_citylight"],"property":"material"},{"options":["single_sided_gloss_lamination","single_sided_matt_lamination","double_sided_gloss_lamination","double_sided_matt_lamination","single_sided_whiteboard_laminate"],"property":"finish"}],[{"options":["yes"],"property":"poster_fold"},{"options":["abri","a4","b0","b1","b2","b3","a1_large","a2_large","a3_large","a4_large","b1_large","b2_large","b3_large","a0"],"property":"size"}],[{"options":["yes"],"property":"poster_fold"},{"options":["digital"],"property":"printingmethod"}],[{"options":["yes"],"property":"poster_fold"},{"options":["115gr_blueback","150gr_silk_mc","510gr_pvc","150gr_citylight","170gr_silk_mc","135gr_mat_mc"],"property":"material"}],[{"options":["double_sided_gloss_lamination","single_sided_matt_lamination","double_sided_matt_lamination","single_sided_whiteboard_laminate","single_sided_gloss_lamination"],"property":"finish"},{"options":["280gr_backlit_polyester","120gr_biotop","120gr_recystar_nature","120gr_recystar"],"property":"material"}],[{"options":["10_pms_black"],"property":"printtype"},{"options":["115gr_blueback","135gr_gesatineerd_mc","150gr_citylight","170gr_silk_mc","250gr_gesatineerd_mc","510gr_pvc","170gr_synaps","280gr_backlit_polyester","135gr_mat_mc","135gr_silk_mc","150gr_silk_mc","170gr_gesatineerd_mc","250gr_silk_mc","120gr_biotop","120gr_recystar","120gr_recystar_nature"],"property":"material"}],[{"options":["95gr_neon_papier_geel","95gr_neon_papier_groen","95gr_neon_papier_magenta","95gr_neon_papier_oranje"],"property":"material"},{"options":["40","44_abri","43","42"],"property":"printtype"}],[{"options":["44"],"property":"printtype"},{"options":["abri","a0","b0","a1_large","a2_large","b1_large","b1"],"property":"size"}],[{"options":["42","43","44_abri"],"property":"printtype"},{"options":["95gr_neon_papier_geel","95gr_neon_papier_groen","95gr_neon_papier_magenta","95gr_neon_papier_oranje","115gr_blueback","150gr_citylight","280gr_backlit_polyester","510gr_pvc","170gr_synaps","170gr_silk_mc","250gr_gesatineerd_mc","135gr_gesatineerd_mc","150gr_silk_mc","250gr_silk_mc","230gr_premium_matt","160gr_ijm814_uncoated"],"property":"material"}],[{"options":["double_sided_gloss_lamination","double_sided_matt_lamination"],"property":"finish"},{"options":["abri","a0","a1","b0","b1","a1_large","a2_large","b1_large","b2_large","b1_plus","b2_plus","a0_plus","a1_plus"],"property":"size"}],[{"options":["135gr_mat_mc"],"property":"material"},{"options":["offset"],"property":"printingmethod"},{"options":["a0","a1","a2","a4","b0","b1","b2","b3","a1_large","a2_large","a3_large","a4_large","b1_large","b2_large","b3_large","a2_plus","a1_plus","a0_plus","b2_plus","b1_plus","a3"],"property":"size"}],[{"options":["abri"],"property":"size"},{"options":["offset"],"property":"printingmethod"},{"options":["135gr_gesatineerd_mc","150gr_citylight","170gr_silk_mc","170gr_synaps","280gr_backlit_polyester","250gr_gesatineerd_mc","510gr_pvc","160gr_ijm814_uncoated","250gr_silk_mc","150gr_silk_mc","230gr_premium_matt"],"property":"material"}],[{"options":["42","43","44_abri"],"property":"printtype"},{"options":["digital"],"property":"printingmethod"}],[{"options":["44"],"property":"printtype"},{"options":["95gr_neon_papier_geel","95gr_neon_papier_groen","95gr_neon_papier_magenta","95gr_neon_papier_oranje","115gr_blueback","150gr_citylight","170gr_synaps","280gr_backlit_polyester","510gr_pvc","135gr_mat_mc"],"property":"material"}],[{"options":["44"],"property":"printtype"},{"options":["single_sided_gloss_lamination","single_sided_matt_lamination","single_sided_whiteboard_laminate"],"property":"finish"}],[{"options":["b0_plus","b1_plus","b2_plus","a0_plus","a1_plus"],"property":"size"},{"options":["offset"],"property":"printingmethod"}],[{"options":["a1","b2_large","b1_plus","b2_plus","a0_plus","a1_plus"],"property":"size"},{"options":["digital"],"property":"printingmethod"},{"options":["44"],"property":"printtype"}],[{"options":["95gr_neon_papier_geel","95gr_neon_papier_groen","95gr_neon_papier_magenta","95gr_neon_papier_oranje","135gr_gesatineerd_mc","115gr_blueback","135gr_mat_mc","135gr_silk_mc","150gr_silk_mc","170gr_silk_mc"],"property":"material"},{"options":["single_sided_gloss_lamination","single_sided_matt_lamination","single_sided_whiteboard_laminate","double_sided_gloss_lamination","double_sided_matt_lamination"],"property":"finish"}],[{"options":["offset"],"property":"printingmethod"},{"options":["luxury_poster_packaging"],"property":"delivery"}],[{"options":["280gr_backlit_polyester"],"property":"material"},{"options":["single_sided_gloss_lamination","single_sided_matt_lamination","single_sided_whiteboard_laminate","double_sided_gloss_lamination","double_sided_matt_lamination"],"property":"finish"}],[{"options":["a0","abri","a1","b0","b1","a1_large","b1_large","b2_large","a2_large","b1_plus","b2_plus","a0_plus","a1_plus"],"property":"size"},{"options":["170gr_gesatineerd_mc"],"property":"material"}],[{"options":["custom:width:-500","custom:height:-700"],"property":"size"},{"options":["double_sided_gloss_lamination","double_sided_matt_lamination"],"property":"finish"}],[{"options":["135gr_mat_mc"],"property":"material"},{"options":["digital"],"property":"printingmethod"}],[{"options":["custom:width:-500","custom:height:-700"],"property":"size"},{"options":["digital"],"property":"printingmethod"},{"options":["44"],"property":"printtype"}],[{"options":["offset"],"property":"printingmethod"},{"options":["135gr_mat_mc"],"property":"material"},{"options":["custom:width:-1150","custom:height:-1750"],"property":"size"}],[{"options":["115gr_blueback"],"property":"material"},{"options":["offset"],"property":"printingmethod"},{"options":["custom:width:148-1400","custom:height:148-1000"],"property":"size"}],[{"options":[50,75,100,150,0,"25","10","5",1,200,250,300,350,400,450],"property":"copies"},{"options":["offset"],"property":"printingmethod"},{"options":["custom:width:420-","custom:height:594-","a4","a3_large","a4_large"],"property":"size"}],[{"options":["160gr_ijm814_uncoated","230gr_premium_matt"],"property":"material"},{"options":["offset"],"property":"printingmethod"}],[{"options":["160gr_ijm814_uncoated","230gr_premium_matt"],"property":"material"},{"options":["single_sided_gloss_lamination","single_sided_matt_lamination","double_sided_gloss_lamination","double_sided_matt_lamination","single_sided_whiteboard_laminate"],"property":"finish"}],[{"options":["160gr_ijm814_uncoated","230gr_premium_matt"],"property":"material"},{"options":["10_pms_black","42","43","44","44_abri"],"property":"printtype"}],[{"options":["double_sided_matt_lamination","double_sided_gloss_lamination"],"property":"finish"},{"options":["95gr_neon_papier_geel","95gr_neon_papier_groen","95gr_neon_papier_magenta","95gr_neon_papier_oranje","115gr_blueback","135gr_gesatineerd_mc","135gr_mat_mc","150gr_silk_mc","170gr_silk_mc","150gr_citylight","170gr_synaps","160gr_ijm814_uncoated","280gr_backlit_polyester","510gr_pvc","230gr_premium_matt"],"property":"material"}],[{"options":["offset"],"property":"printingmethod"},{"options":["250gr_gesatineerd_mc"],"property":"material"},{"options":["a0","a1","a2","a1_large","b2","b1","b0"],"property":"size"},{"options":["none","delivered_flat_in_box","default","luxury_poster_packaging","pallet_delivery","luxury_poster_packaging_epia"],"property":"delivery"}],[{"options":["custom:width:-500","custom:height:-700"],"property":"size"},{"options":["250gr_gesatineerd_mc"],"property":"material"},{"options":["offset","nano_print"],"property":"printingmethod"},{"options":["default"],"property":"delivery"}],[{"options":["abri"],"property":"size"},{"options":["160gr_ijm814_uncoated","230gr_premium_matt"],"property":"material"}],[{"options":["abri"],"property":"size"},{"options":["offset"],"property":"printingmethod"},{"options":["rolled_up_in_box","luxury_poster_packaging","flat_in_box"],"property":"customer_packing_option"}],[{"options":["rolled_up_in_box","luxury_poster_packaging"],"property":"customer_packing_option"},{"options":["offset","nano_print"],"property":"printingmethod"},{"options":["250gr_gesatineerd_mc"],"property":"material"}],[{"options":["flat_in_box"],"property":"customer_packing_option"},{"options":[1,2,3,4,5,6,7,8,9,10,11,12,13,14,15,16,17,18,19,20,21,22,23,24],"property":"copies"}],[{"options":["luxury_poster_packaging"],"property":"customer_packing_option"},{"options":["offset"],"property":"printingmethod"}],[{"options":["115gr_blueback"],"property":"material"},{"options":["digital"],"property":"printingmethod"},{"property":"size","options":["custom:width:148-1230","custom:height:148-"]}],[{"property":"copies","options":[1,5,10,25,50,75,100,150,200,250,300,350,400,450]},{"property":"printingmethod","options":["offset"]},{"property":"printtype","options":["44"]}],[{"property":"size","options":["abri","a0","b0","b1","a1_large","a2_large","b1_large","b2_large","b3_large","b1_plus","b2_plus","a0_plus","a1_plus","a2_plus","a1","custom:width:50-500","custom:height:50-700"]},{"property":"customer_packing_option","options":["flat_in_box"]}],[{"property":"printingmethod","options":["nano_print"]},{"property":"size","options":["abri","a0","a4","b0","b3","a1_large","a3_large","a4_large","b1_large","b3_large","b1_plus","a0_plus"]}],[{"property":"printingmethod","options":["nano_print"]},{"property":"material","options":["95gr_neon_papier_geel","95gr_neon_papier_groen","95gr_neon_papier_magenta","95gr_neon_papier_oranje","115gr_blueback","135gr_mat_mc","150gr_citylight","170gr_synaps","250gr_silk_mc","160gr_ijm814_uncoated","230gr_premium_matt","280gr_backlit_polyester","510gr_pvc","135gr_silk_mc","120gr_biotop","120gr_recystar","120gr_recystar_nature"]}],[{"property":"customer_packing_option","options":["pallet_delivery"]},{"property":"material","options":["150gr_citylight","95gr_neon_papier_geel","95gr_neon_papier_groen","95gr_neon_papier_magenta","95gr_neon_papier_oranje"]}],[{"property":"customer_packing_option","options":["luxury_poster_packaging"]},{"property":"printingmethod","options":["nano_print"]}],[{"property":"size","options":["custom:width:1000-1185","custom:height:1400-1750"]},{"property":"printingmethod","options":["offset"]},{"property":"material","options":["135gr_mat_mc"]}],[{"property":"printtype","options":["42","43","44_abri","44","10_pms_black"]},{"property":"printingmethod","options":["nano_print"]}],[{"property":"customer_packing_option","options":["rolled_up_in_box","flat_in_box","luxury_poster_packaging"]},{"property":"printingmethod","options":["offset"]},{"property":"copies","options":[1500,2000,2500,3000,3500,4000,4500,5000,5500,6000,6500,7000,7500,8000,8500,9000,9500,10000,10500,11000,11500,12000,12500,13500,13000,14000,14500,15000,15500,16000,16500,17000,17500,18000,18500,19000,19500,20000,20500,21000,21500,22000,22500,23500,23000,24000,24500]}],[{"property":"size","options":["b1_plus"]},{"property":"material","options":["135gr_mat_mc"]}],[{"property":"size","options":["b1_plus","b3_large","b2_large","b1_large","a4_large","a1_large","a2_large","a3_large","b3","b2","b1","a3","a4","b0","a2","a1","abri","custom:width:1-1200","custom:height:1-1600"]},{"property":"printingmethod","options":["offset"]},{"property":"copies","options":[55,60]}],[{"property":"material","options":["160gr_ijm814_uncoated"]},{"property":"size","options":["custom:width:100-1027","custom:height:100-5000"]}],[{"property":"material","options":["95gr_neon_papier_groen","95gr_neon_papier_magenta","95gr_neon_papier_oranje","95gr_neon_papier_geel"]},{"property":"size","options":["custom:width:210-841","custom:height:297-5000","abri","b0"]}],[{"property":"size","options":["abri","a0","a1","b0","b1","a1_large","a2_large","b1_large","b2_large","custom:width:-500","custom:height:-700"]},{"property":"material","options":["135gr_silk_mc"]}],[{"property":"printingmethod","options":["nano_print"]},{"property":"size","options":["custom:width:297-700","custom:height:420-1000"]}],[{"property":"printingmethod","options":["offset"]},{"property":"material","options":["135gr_gesatineerd_mc","170gr_silk_mc","150gr_citylight","170gr_synaps","250gr_gesatineerd_mc","280gr_backlit_polyester","510gr_pvc"]},{"property":"size","options":["custom:width:-1000","custom:height:-1400"]}],[{"property":"material","options":["120gr_recystar_nature","120gr_recystar","120gr_biotop"]},{"property":"customer_packing_option","options":["rolled_up_in_box","luxury_poster_packaging"]}],[{"property":"size","options":["abri","a0","a1","b0","b1","b2","a1_large","a2_large","a3_large","b1_large","b2_large","custom:width:297-420","custom:height:420-594"]},{"property":"material","options":["120gr_biotop","120gr_recystar","120gr_recystar_nature"]},{"property":"printingmethod","options":["digital"]}]],"warnings":[{"warningSlug":"scratch_silk","combination":[{"property":"material","options":["170gr_silk_mc","250gr_silk_mc"]},{"property":"finish","options":["geen"]}]}]}