{"sku":"printing-paper","active":true,"titleSingle":"Ramette de papier","titlePlural":"Ramettes de papier","createdAt":"2024-02-13T15:08:32.336Z","updatedAt":"2024-02-14T10:50:44.758Z","introductionDate":"2024-02-13T15:08:32.336Z","properties":[{"slug":"summary_image","title":"summary_image","locked":false,"options":[{"slug":"printing-paper","name":"printing-paper","nullable":true,"eco":false,"enrichments":[]}],"viewMode":{"reseller":"default"},"type":"checkbox","optionsInSummary":[],"parentOptions":[]},{"slug":"material","title":"Support","locked":false,"options":[{"slug":"75gr_printing_paper","name":"Papier pour imprimante 75 g/m²","nullable":false,"eco":false,"enrichments":[]},{"slug":"80gr_printing_paper_happy_office","name":"Papier pour imprimante 80 g/m² - Happy Office","nullable":false,"eco":false,"enrichments":[]}],"viewMode":{"reseller":"default"},"type":"radio","optionsInSummary":[],"parentOptions":[]},{"slug":"size","title":"Format (largeur x hauteur)","locked":false,"options":[{"slug":"a4","name":"A4 - 210 x 297 mm","nullable":false,"width":"210","height":"297"}],"viewMode":{"reseller":"default"},"type":"radio","optionsInSummary":[],"parentOptions":[]},{"slug":"copies","title":"Quantité","locked":false,"options":[],"viewMode":{"reseller":"copies"},"optionsInSummary":[],"copiesInSummary":{},"rangeSets":[{"options":[{"max":40,"steps":1,"min":20},{"max":200,"steps":40,"min":40}],"summary":[20,40,80,120,160],"printingmethod":"raw_material"}],"copyLimit":{},"parentOptions":[]},{"slug":"printingmethod","title":"Méthode d'impression","locked":false,"options":[{"slug":"raw_material","name":"Sans impression","nullable":false,"eco":false,"enrichments":[]}],"viewMode":{"reseller":"default"},"type":"radio","optionsInSummary":[],"parentOptions":[]},{"slug":"urgency","title":"Urgence","locked":false,"options":[{"slug":"standard","name":"Standard","nullable":false,"eco":false,"enrichments":[]},{"slug":"quick","name":"Rapide","nullable":false,"eco":false,"enrichments":[]},{"slug":"urgent","name":"Urgent","nullable":false,"eco":false,"enrichments":[]},{"slug":"moderate","nullable":false,"eco":false,"enrichments":[],"name":"Moderate"}],"viewMode":{"reseller":"default"},"type":"radio","optionsInSummary":[],"parentOptions":[]},{"slug":"printtype","title":"Impression","locked":false,"options":[{"slug":"00","name":"Non imprimé","nullable":false,"eco":false,"pages":[{"numberOfColors":1,"colorspace":"indexed"}],"enrichments":[]}],"viewMode":{"reseller":"default"},"type":"radio","optionsInSummary":[],"parentOptions":[]},{"slug":"packaging_quantity_box","title":"Quantité par boîte","locked":false,"options":[{"slug":"2500_box","nullable":false,"eco":false,"enrichments":[],"name":"2500 papers per box (5 x 500 carton)"}],"viewMode":{"reseller":"default"},"type":"radio","optionsInSummary":[],"parentOptions":[]}],"maxDesigns":1,"bleed":"0","hsCode":"4802560000","isAvailableInUserRegion":true,"hasAccessories":false,"accessoryExcludes":[],"propertyGroups":[{"slug":"printing-paper-lhzhpvpn","columnWidth":{"reseller":"summary"},"properties":["summary_image"],"title":"Résumé"},{"slug":"printing-paper-vrxcnzlm","columnWidth":{"reseller":"third"},"properties":["material","size"],"title":"Taille"},{"slug":"printing-paper-wrdxyigf","columnWidth":{"reseller":"third"},"properties":["copies"],"title":"Copies"},{"slug":"printing-paper-kkfcwfry","columnWidth":{"reseller":"hidden"},"properties":["printingmethod","urgency","printtype","packaging_quantity_box"],"title":"hidden"}],"excludes":[],"warnings":[]}