{"sku":"pvc-510","active":true,"titleSingle":"Bâche frontlit","titlePlural":"Bâche frontlit","createdAt":"2023-10-30T15:42:51.907Z","updatedAt":"2024-09-10T14:19:38.025Z","properties":[{"slug":"summary_image","title":"summary image","locked":false,"options":[{"slug":"pvc-510","nullable":true,"eco":false,"enrichments":[],"name":"pvc-510"}],"viewMode":{"reseller":"default"},"type":"checkbox","optionsInSummary":[],"parentOptions":[]},{"slug":"all_sides_equal_finish","title":"Finition identique des 4 bords","locked":false,"options":[{"slug":"yes","name":"Oui","nullable":false,"eco":false,"enrichments":[]},{"slug":"no","name":"Non","nullable":false,"eco":false,"enrichments":[]}],"viewMode":{"reseller":"default"},"type":"checkbox","optionsInSummary":[],"parentOptions":[]},{"slug":"finish_left","title":"Finition bord gauche","locked":false,"options":[{"slug":"trimmed","name":"Coupe au format","nullable":false,"eco":false,"parent":"cutting","enrichments":[]},{"slug":"eyelet_corner","name":"oeillets aux coins","nullable":false,"eco":false,"parent":"eyelets","enrichments":[]},{"slug":"eyelets_20","name":"Œillets tous les 20 cm","nullable":false,"eco":false,"parent":"eyelets","enrichments":[]},{"slug":"eyelets_25","name":"Œillets tous les 25 cm","nullable":false,"eco":false,"parent":"eyelets","enrichments":[]},{"slug":"eyelets_30","name":"Œillets tous les 30 cm","nullable":false,"eco":false,"parent":"eyelets","enrichments":[]},{"slug":"eyelets_50","name":"Œillets tous les 50 cm","nullable":false,"eco":false,"parent":"eyelets","enrichments":[]},{"slug":"hem_eyelet_corner","name":"Ourlet, oeillets aux coins","nullable":false,"eco":false,"parent":"hem_and_eyelets","enrichments":[]},{"slug":"hem_eyelets_20","name":"Ourlet, oeillets tous les 20 cm","nullable":false,"eco":false,"parent":"hem_and_eyelets","enrichments":[]},{"slug":"hem_eyelets_25","name":"Ourlet, oeillets tous les 25 cm","nullable":false,"eco":false,"parent":"hem_and_eyelets","enrichments":[]},{"slug":"hem_eyelets_30","name":"Ourlet, oeillets tous les 30 cm","nullable":false,"eco":false,"parent":"hem_and_eyelets","enrichments":[]},{"slug":"hem_eyelets_50","name":"Ourlet, oeillets tous les 50 cm","nullable":false,"eco":false,"parent":"hem_and_eyelets","enrichments":[]},{"slug":"hemmed","name":"Ourlet de renfort","nullable":false,"eco":false,"parent":"hem","enrichments":[]},{"slug":"sleeve_4_cm","name":"Fourreau 4 cm (plat)","nullable":false,"eco":false,"parent":"sleeves","enrichments":[]},{"slug":"sleeve_5cm","name":"Fourreau 5 cm (plat)","nullable":false,"eco":false,"parent":"sleeves","enrichments":[]},{"slug":"sleeve_6cm","name":"Fourreau 6 cm (plat)","nullable":false,"eco":false,"parent":"sleeves","enrichments":[]},{"slug":"sleeve_7cm","name":"Fourreau 7 cm (plat)","nullable":false,"eco":false,"parent":"sleeves","enrichments":[]},{"slug":"sleeve_8cm","name":"Fourreau 8 cm (plat)","nullable":false,"eco":false,"parent":"sleeves","enrichments":[]},{"slug":"sleeve_10cm","name":"Fourreau 10 cm (plat)","nullable":false,"eco":false,"parent":"sleeves","enrichments":[]},{"slug":"sleeve_12cm","name":"Fourreau 12 cm (plat)","nullable":false,"eco":false,"parent":"sleeves","enrichments":[]},{"slug":"hem_eyelets_20_stormfix","name":"Ourlet, oeillets tous les 20 cm avec 2 anneaux aux coins (stormfix)","nullable":false,"eco":false,"parent":"stormfix","enrichments":[]},{"slug":"hem_eyelets_30_stormfix","name":"Ourlet, oeillets tous les 30 cm avec 2 anneaux aux coins (stormfix)","nullable":false,"eco":false,"parent":"stormfix","enrichments":[]},{"slug":"custom_shape","name":"Découpe à la forme","nullable":false,"eco":false,"parent":"cutting","enrichments":[]}],"viewMode":{"reseller":"summary-modal"},"type":"radio","optionsInSummary":["trimmed","eyelets_30","hem_eyelets_30"],"parentOptions":[{"slug":"cutting","name":"Sans finition","nullable":false,"eco":false,"enrichments":[]},{"slug":"hem","name":"Ourlet ","nullable":false,"eco":false,"enrichments":[]},{"slug":"eyelets","name":"Œillets","nullable":false,"eco":false,"enrichments":[]},{"slug":"sleeves","name":"Fourreau","nullable":false,"eco":false,"enrichments":[]},{"slug":"hem_and_eyelets","name":"Ourlet et œillets","nullable":false,"eco":false,"enrichments":[]},{"slug":"stormfix","name":"Stormfix","nullable":false,"eco":false,"enrichments":[]}]},{"slug":"finish_right","title":"Finition bord droit","locked":false,"options":[{"slug":"eyelet_corner","name":"Oeillets aux coins","nullable":false,"eco":false,"parent":"eyelets","enrichments":[]},{"slug":"trimmed","name":"Coupe au format","nullable":false,"eco":false,"parent":"cutting","enrichments":[]},{"slug":"eyelets_20","name":"Œillets tous les 20 cm","nullable":false,"eco":false,"parent":"eyelets","enrichments":[]},{"slug":"eyelets_25","name":"Œillets tous les 25 cm","nullable":false,"eco":false,"parent":"eyelets","enrichments":[]},{"slug":"eyelets_30","name":"Œillets tous les 30 cm","nullable":false,"eco":false,"parent":"eyelets","enrichments":[]},{"slug":"eyelets_50","name":"Œillets tous les 50 cm","nullable":false,"eco":false,"parent":"eyelets","enrichments":[]},{"slug":"hemmed","name":"Ourlet de renfort","nullable":false,"eco":false,"parent":"hem","enrichments":[]},{"slug":"sleeve_4_cm","name":"Fourreau 4 cm (plat)","nullable":false,"eco":false,"parent":"sleeves","enrichments":[]},{"slug":"sleeve_5cm","name":"Fourreau 5 cm (plat)","nullable":false,"eco":false,"parent":"sleeves","enrichments":[]},{"slug":"sleeve_6cm","name":"Fourreau 6 cm (plat)","nullable":false,"eco":false,"parent":"sleeves","enrichments":[]},{"slug":"sleeve_7cm","name":"Fourreau 7 cm (plat)","nullable":false,"eco":false,"parent":"sleeves","enrichments":[]},{"slug":"sleeve_8cm","name":"Fourreau 8 cm (plat)","nullable":false,"eco":false,"parent":"sleeves","enrichments":[]},{"slug":"sleeve_10cm","name":"Fourreau 10 cm (plat)","nullable":false,"eco":false,"parent":"sleeves","enrichments":[]},{"slug":"sleeve_12cm","name":"Fourreau 12 cm (plat)","nullable":false,"eco":false,"parent":"sleeves","enrichments":[]},{"slug":"hem_eyelet_corner","name":"Ourlet, oeillets aux coins","nullable":false,"eco":false,"parent":"hem_and_eyelets","enrichments":[]},{"slug":"hem_eyelets_20","name":"Ourlet, oeillets tous les 20 cm","nullable":false,"eco":false,"parent":"hem_and_eyelets","enrichments":[]},{"slug":"hem_eyelets_25","name":"Ourlet, oeillets tous les 25 cm","nullable":false,"eco":false,"parent":"hem_and_eyelets","enrichments":[]},{"slug":"hem_eyelets_30","name":"Ourlet, oeillets tous les 30 cm","nullable":false,"eco":false,"parent":"hem_and_eyelets","enrichments":[]},{"slug":"hem_eyelets_50","name":"Ourlet, oeillets tous les 50 cm","nullable":false,"eco":false,"parent":"hem_and_eyelets","enrichments":[]},{"slug":"hem_eyelets_20_stormfix","name":"Ourlet, oeillets tous les 20 cm avec 2 anneaux aux coins (stormfix)","nullable":false,"eco":false,"parent":"stormfix","enrichments":[]},{"slug":"hem_eyelets_30_stormfix","name":"Ourlet, œillet tous les 30 cm, 2 anneaux aux coins (stormfix)","nullable":false,"eco":false,"parent":"stormfix","enrichments":[]},{"slug":"custom_shape","name":"Découpe à la forme","nullable":false,"eco":false,"parent":"cutting","enrichments":[]}],"viewMode":{"reseller":"summary-modal"},"type":"radio","optionsInSummary":["trimmed"],"parentOptions":[{"slug":"cutting","name":"Sans finition","nullable":false,"eco":false,"enrichments":[]},{"slug":"hem","name":"Ourlet ","nullable":false,"eco":false,"enrichments":[]},{"slug":"eyelets","name":"Œillets","nullable":false,"eco":false,"enrichments":[]},{"slug":"sleeves","name":"Fourreau","nullable":false,"eco":false,"enrichments":[]},{"slug":"hem_and_eyelets","name":"Ourlet et œillets","nullable":false,"eco":false,"enrichments":[]},{"slug":"stormfix","name":"Stormfix","nullable":false,"eco":false,"enrichments":[]}]},{"slug":"finish_top","title":"Finition bord supérieur","locked":false,"options":[{"slug":"trimmed","name":"Coupe au format","nullable":false,"eco":false,"parent":"cutting","enrichments":[]},{"slug":"eyelet_corner","name":"oeillets aux coins","nullable":false,"eco":false,"parent":"eyelets","enrichments":[]},{"slug":"eyelets_20","name":"Œillets tous les 20 cm","nullable":false,"eco":false,"parent":"eyelets","enrichments":[]},{"slug":"eyelets_25","name":"Œillets tous les 25 cm","nullable":false,"eco":false,"parent":"eyelets","enrichments":[]},{"slug":"eyelets_30","name":"Œillets tous les 30 cm","nullable":false,"eco":false,"parent":"eyelets","enrichments":[]},{"slug":"eyelets_50","name":"Œillets tous les 50 cm","nullable":false,"eco":false,"parent":"eyelets","enrichments":[]},{"slug":"hemmed","name":"Ourlet de renfort","nullable":false,"eco":false,"parent":"hem","enrichments":[]},{"slug":"sleeve_4_cm","name":"Fourreau 4 cm (plat)","nullable":false,"eco":false,"parent":"sleeves","enrichments":[]},{"slug":"sleeve_5cm","name":"Fourreau 5 cm (plat)","nullable":false,"eco":false,"parent":"sleeves","enrichments":[]},{"slug":"sleeve_6cm","name":"Fourreau 6 cm (plat)","nullable":false,"eco":false,"parent":"sleeves","enrichments":[]},{"slug":"sleeve_7cm","name":"Fourreau 7 cm (plat)","nullable":false,"eco":false,"parent":"sleeves","enrichments":[]},{"slug":"sleeve_8cm","name":"Fourreau 8 cm (plat)","nullable":false,"eco":false,"parent":"sleeves","enrichments":[]},{"slug":"sleeve_10cm","name":"Fourreau 10 cm (plat)","nullable":false,"eco":false,"parent":"sleeves","enrichments":[]},{"slug":"sleeve_12cm","name":"Fourreau 12 cm (plat)","nullable":false,"eco":false,"parent":"sleeves","enrichments":[]},{"slug":"hem_eyelet_corner","name":"Ourlet, oeillets aux coins","nullable":false,"eco":false,"parent":"hem_and_eyelets","enrichments":[]},{"slug":"hem_eyelets_20","name":"Ourlet, oeillets tous les 20 cm","nullable":false,"eco":false,"parent":"hem_and_eyelets","enrichments":[]},{"slug":"hem_eyelets_25","name":"Ourlet, oeillets tous les 25 cm","nullable":false,"eco":false,"parent":"hem_and_eyelets","enrichments":[]},{"slug":"hem_eyelets_30","name":"Ourlet, oeillets tous les 30 cm","nullable":false,"eco":false,"parent":"hem_and_eyelets","enrichments":[]},{"slug":"hem_eyelets_50","name":"Ourlet, oeillets tous les 50 cm","nullable":false,"eco":false,"parent":"hem_and_eyelets","enrichments":[]},{"slug":"hem_eyelets_20_stormfix","name":"Ourlet, oeillets tous les 20 cm avec 2 anneaux aux coins (stormfix)","nullable":false,"eco":false,"parent":"stormfix","enrichments":[]},{"slug":"hem_eyelets_30_stormfix","name":"Ourlet, oeillets tous les 30 cm avec 2 anneaux aux coins (stormfix)","nullable":false,"eco":false,"parent":"stormfix","enrichments":[]},{"slug":"custom_shape","name":"Découpe à la forme","nullable":false,"eco":false,"parent":"cutting","enrichments":[]}],"viewMode":{"reseller":"summary-modal"},"type":"radio","optionsInSummary":["trimmed"],"parentOptions":[{"slug":"cutting","name":"Sans finition","nullable":false,"eco":false,"enrichments":[]},{"slug":"hem","name":"Ourlet ","nullable":false,"eco":false,"enrichments":[]},{"slug":"eyelets","name":"Œillets","nullable":false,"eco":false,"enrichments":[]},{"slug":"sleeves","name":"Fourreau","nullable":false,"eco":false,"enrichments":[]},{"slug":"hem_and_eyelets","name":"Ourlet et œillets","nullable":false,"eco":false,"enrichments":[]},{"slug":"stormfix","name":"Stormfix","nullable":false,"eco":false,"enrichments":[]}]},{"slug":"finish_bottom","title":"Finition bord inférieur","locked":false,"options":[{"slug":"trimmed","name":"Coupe au format","nullable":false,"eco":false,"parent":"cutting","enrichments":[]},{"slug":"eyelet_corner","name":"Oeillets aux coins","nullable":false,"eco":false,"parent":"eyelets","enrichments":[]},{"slug":"eyelets_20","name":"Œillets tous les 20 cm","nullable":false,"eco":false,"parent":"eyelets","enrichments":[]},{"slug":"eyelets_25","name":"Œillets tous les 25 cm","nullable":false,"eco":false,"parent":"eyelets","enrichments":[]},{"slug":"eyelets_30","name":"Œillets tous les 30 cm","nullable":false,"eco":false,"parent":"eyelets","enrichments":[]},{"slug":"eyelets_50","name":"Œillets tous les 50 cm","nullable":false,"eco":false,"parent":"eyelets","enrichments":[]},{"slug":"hemmed","name":"Ourlet de renfort","nullable":false,"eco":false,"parent":"hem","enrichments":[]},{"slug":"sleeve_4_cm","name":"Fourreau 4 cm (plat)","nullable":false,"eco":false,"parent":"sleeves","enrichments":[]},{"slug":"sleeve_5cm","name":"Fourreau 5 cm (plat)","nullable":false,"eco":false,"parent":"sleeves","enrichments":[]},{"slug":"sleeve_6cm","name":"Fourreau 6 cm (plat)","nullable":false,"eco":false,"parent":"sleeves","enrichments":[]},{"slug":"sleeve_7cm","name":"Fourreau 7 cm (plat)","nullable":false,"eco":false,"parent":"sleeves","enrichments":[]},{"slug":"sleeve_8cm","name":"Fourreau 8 cm (plat)","nullable":false,"eco":false,"parent":"sleeves","enrichments":[]},{"slug":"sleeve_10cm","name":"Fourreau 10 cm (plat)","nullable":false,"eco":false,"parent":"sleeves","enrichments":[]},{"slug":"sleeve_12cm","name":"Fourreau 12 cm (plat)","nullable":false,"eco":false,"parent":"sleeves","enrichments":[]},{"slug":"hem_eyelet_corner","name":"Ourlet, oeillets aux coins","nullable":false,"eco":false,"parent":"hem_and_eyelets","enrichments":[]},{"slug":"hem_eyelets_20","name":"Ourlet, oeillets tous les 20 cm","nullable":false,"eco":false,"parent":"hem_and_eyelets","enrichments":[]},{"slug":"hem_eyelets_25","name":"Ourlet, oeillets tous les 25 cm","nullable":false,"eco":false,"parent":"hem_and_eyelets","enrichments":[]},{"slug":"hem_eyelets_30","name":"Ourlet, oeillets tous les 30 cm","nullable":false,"eco":false,"parent":"hem_and_eyelets","enrichments":[]},{"slug":"hem_eyelets_50","name":"Ourlet, oeillets tous les 50 cm","nullable":false,"eco":false,"parent":"hem_and_eyelets","enrichments":[]},{"slug":"hem_eyelets_20_stormfix","name":"Ourlet, oeillets tous les 20 cm avec 2 anneaux aux coins (stormfix)","nullable":false,"eco":false,"parent":"stormfix","enrichments":[]},{"slug":"hem_eyelets_30_stormfix","name":"Ourlet, oeillets tous les 30 cm avec 2 anneaux aux coins (stormfix)","nullable":false,"eco":false,"parent":"stormfix","enrichments":[]},{"slug":"custom_shape","name":"Découpe à la forme","nullable":false,"eco":false,"parent":"cutting","enrichments":[]}],"viewMode":{"reseller":"summary-modal"},"type":"radio","optionsInSummary":["trimmed"],"parentOptions":[{"slug":"cutting","name":"Sans finition","nullable":false,"eco":false,"enrichments":[]},{"slug":"hem","name":"Ourlet ","nullable":false,"eco":false,"enrichments":[]},{"slug":"eyelets","name":"Oeillets","nullable":false,"eco":false,"enrichments":[]},{"slug":"sleeves","name":"Fourreau","nullable":false,"eco":false,"enrichments":[]},{"slug":"hem_and_eyelets","name":"Ourlet et œillets","nullable":false,"eco":false,"enrichments":[]},{"slug":"stormfix","name":"Stormfix","nullable":false,"eco":false,"enrichments":[]}]},{"slug":"size","title":"Format (largeur x hauteur)","locked":false,"options":[{"slug":"100_x100_cm","name":"100 x 100 cm","nullable":false,"width":1000,"height":1000},{"slug":"custom","nullable":false,"customSizes":{"minHeight":100,"sizeUnit":"CM","minWidth":100,"maxHeight":4900,"maxWidth":25000}}],"viewMode":{"reseller":"default"},"type":"radio","optionsInSummary":[],"parentOptions":[]},{"slug":"copies","title":"Quantité","locked":false,"options":[{"slug":1,"nullable":false,"type":"lfp_latex_320"},{"slug":2,"nullable":false,"type":"lfp_latex_320"},{"slug":3,"nullable":false,"type":"lfp_latex_320"},{"slug":4,"nullable":false,"type":"lfp_latex_320"},{"slug":5,"nullable":false,"type":"lfp_latex_320"},{"slug":6,"nullable":false,"type":"lfp_latex_320"},{"slug":7,"nullable":false,"type":"lfp_latex_320"},{"slug":8,"nullable":false,"type":"lfp_latex_320"},{"slug":9,"nullable":false,"type":"lfp_latex_320"},{"slug":10,"nullable":false,"type":"lfp_latex_320"},{"slug":100,"nullable":false,"type":"lfp_latex_320"}],"viewMode":{"reseller":"copies"},"optionsInSummary":[],"copiesInSummary":{"lfp_latex_320":11},"rangeSets":[{"summary":[1,2,3,4,5,6,7,8,9,10,100],"options":[{"max":10000,"steps":1,"min":1}],"printingmethod":"lfp_latex_320"}],"copyLimit":{"lfp_latex_320":10000},"parentOptions":[]},{"slug":"designs","title":"Design","locked":false,"options":[],"viewMode":{"reseller":"default"},"type":"radio","optionsInSummary":[],"parentOptions":[]},{"slug":"material","title":"Support","locked":false,"options":[{"slug":"510gr_pvc","name":"Frontlit M1 - 510 g/m² (pvc)","nullable":false,"eco":false,"parent":"material","enrichments":[{"propertySlug":"color","optionSlug":"#ffffff"},{"propertySlug":"thickness","optionSlug":"0.4"}]}],"viewMode":{"reseller":"default"},"type":"radio","optionsInSummary":[],"parentOptions":[]},{"slug":"printtype","title":"Impression","locked":false,"options":[{"slug":"00","name":"Non imprimé","nullable":false,"eco":false,"pages":[{"numberOfColors":1,"colorspace":"indexed"}],"enrichments":[]},{"slug":"40","name":"4/0 quadri recto","nullable":false,"eco":false,"pages":[{"numberOfColors":4,"colorspace":"cmyk"}],"enrichments":[]}],"viewMode":{"reseller":"default"},"type":"radio","optionsInSummary":[],"parentOptions":[]},{"slug":"printingmethod","title":"Méthode d'impression","locked":false,"options":[{"slug":"lfp_latex_320","name":"HP Latex 3600","nullable":false,"eco":false,"enrichments":[]}],"viewMode":{"reseller":"default"},"type":"radio","optionsInSummary":[],"parentOptions":[]},{"slug":"urgency","title":"Urgence","locked":false,"options":[{"slug":"standard","name":"Standard","nullable":false,"eco":false,"enrichments":[]},{"slug":"urgent","name":"Urgent","nullable":false,"eco":false,"enrichments":[]},{"slug":"quick","name":"Rapide","nullable":false,"eco":false,"enrichments":[]},{"slug":"moderate","nullable":false,"eco":false,"enrichments":[],"name":"Moderate"}],"viewMode":{"reseller":"default"},"type":"radio","optionsInSummary":[],"parentOptions":[]},{"slug":"packaging_extras","title":"Emballage","locked":false,"options":[{"slug":"packaging_banner","name":"packaging_banner","nullable":false,"eco":false,"enrichments":[]}],"viewMode":{"reseller":"default"},"type":"radio","optionsInSummary":[],"parentOptions":[]}],"maxDesigns":50,"bleed":"40","hsCode":"3926909700","isAvailableInUserRegion":true,"hasAccessories":true,"accessoryExcludes":[],"propertyGroups":[{"slug":"pvc-510-xmpisufp","columnWidth":{"reseller":"summary"},"columnHeight":{"reseller":"1block"},"properties":["summary_image"]},{"slug":"pvc-510-rxnzrrjg","columnWidth":{"reseller":"third"},"columnHeight":{"reseller":"2block"},"properties":["all_sides_equal_finish","finish_left","finish_right","finish_top","finish_bottom"]},{"slug":"pvc-510-wnqvnmyn","columnWidth":{"reseller":"third"},"columnHeight":{"reseller":"2block"},"properties":["size","copies","designs"]},{"slug":"pvc-510-aotqrtzh","columnWidth":{"reseller":"third"},"properties":["material","printtype"]},{"slug":"pvc-510-plufneol","columnWidth":{"reseller":"hidden"},"properties":["printingmethod","urgency","packaging_extras"],"title":"Hidden"}],"excludes":[[{"options":["44"],"property":"printtype"},{"options":["510gr_pvc","280gr_mesh_b1","450gr_budget_pvc","275gr_frontlit_pvc_free"],"property":"material"}],[{"options":["sleeve_4_cm","sleeve_5cm","sleeve_6cm","sleeve_7cm","sleeve_8cm","sleeve_10cm","sleeve_12cm"],"property":"finish_top"},{"property":"finish_left","options":["sleeve_4_cm","sleeve_5cm","sleeve_6cm","sleeve_7cm","sleeve_8cm","hem_eyelets_25","hem_eyelets_30","hem_eyelets_50","hemmed","hem_eyelets_20_stormfix","hem_eyelets_30_stormfix","hem_eyelets_20","hem_eyelet_corner","hem_and_eyelets","sleeve_10cm","sleeve_12cm"]}],[{"property":"finish_bottom","options":["sleeve_4_cm","sleeve_5cm","sleeve_6cm","sleeve_7cm","sleeve_8cm","sleeve_10cm","sleeve_12cm"]},{"property":"finish_left","options":["sleeve_4_cm","sleeve_5cm","sleeve_6cm","sleeve_7cm","sleeve_8cm","hem_eyelets_25","hem_eyelets_30","hem_eyelets_50","hemmed","hem_eyelets_20_stormfix","hem_eyelets_30_stormfix","hem_eyelets_20","hem_eyelet_corner","hem_and_eyelets","sleeve_10cm","sleeve_12cm"]}],[{"property":"finish_top","options":["sleeve_4_cm","sleeve_5cm","sleeve_6cm","sleeve_7cm","sleeve_8cm","sleeve_10cm","sleeve_12cm"]},{"options":["sleeve_4_cm","sleeve_5cm","sleeve_6cm","sleeve_7cm","sleeve_8cm","hem_eyelets_25","hem_eyelets_30","hem_eyelets_50","hemmed","hem_eyelets_20_stormfix","hem_eyelets_30_stormfix","hem_eyelets_20","hem_eyelet_corner","hem_and_eyelets","sleeve_10cm","sleeve_12cm"],"property":"finish_right"}],[{"options":["sleeve_4_cm","sleeve_5cm","sleeve_6cm","sleeve_7cm","sleeve_8cm","sleeve_10cm","sleeve_12cm"],"property":"finish_bottom"},{"options":["sleeve_4_cm","sleeve_5cm","sleeve_6cm","sleeve_7cm","sleeve_8cm","hem_eyelets_25","hem_eyelets_30","hem_eyelets_50","hemmed","hem_eyelets_20_stormfix","hem_eyelets_30_stormfix","hem_eyelets_20","hem_eyelet_corner","hem_and_eyelets","sleeve_10cm","sleeve_12cm"],"property":"finish_right"}],[{"property":"size","options":["custom:height:-3160"]},{"options":["275gr_frontlit_pvc_free"],"property":"material"}],[{"options":["no"],"property":"all_sides_equal_finish"},{"options":["custom_shape","hem_eyelets_20_stormfix","hem_eyelets_30_stormfix"],"property":"finish_left"}],[{"property":"all_sides_equal_finish","options":["no"]},{"property":"finish_right","options":["custom_shape","hem_eyelets_20_stormfix","hem_eyelets_30_stormfix"]}],[{"property":"all_sides_equal_finish","options":["no"]},{"options":["custom_shape","hem_eyelets_20_stormfix","hem_eyelets_30_stormfix"],"property":"finish_top"}],[{"options":["no"],"property":"all_sides_equal_finish"},{"options":["custom_shape","hem_eyelets_20_stormfix","hem_eyelets_30_stormfix"],"property":"finish_bottom"}],[{"options":["100_x100_cm","250_x_100_cm","300_x_100_cm","banner_site_fences","custom:height:-500"],"property":"size"},{"property":"material","options":["280gr_mesh_b1"]},{"options":["eyelet_corner","eyelets_20","eyelets_25","eyelets_30","eyelets_50"],"property":"finish_left"}],[{"property":"size","options":["100_x100_cm","250_x_100_cm","300_x_100_cm","banner_site_fences","custom:height:-500"]},{"options":["280gr_mesh_b1"],"property":"material"},{"property":"finish_right","options":["eyelet_corner","eyelets_20","eyelets_25","eyelets_30","eyelets_50"]}],[{"options":["100_x100_cm","250_x_100_cm","300_x_100_cm","banner_site_fences","custom:height:-500"],"property":"size"},{"options":["280gr_mesh_b1"],"property":"material"},{"options":["eyelet_corner","eyelets_20","eyelets_25","eyelets_30","eyelets_50"],"property":"finish_top"}],[{"property":"size","options":["100_x100_cm","250_x_100_cm","300_x_100_cm","banner_site_fences","custom:height:-500"]},{"options":["280gr_mesh_b1"],"property":"material"},{"options":["eyelet_corner","eyelets_20","eyelets_25","eyelets_30","eyelets_50"],"property":"finish_bottom"}],[{"options":["yes"],"property":"all_sides_equal_finish"},{"options":["sleeve_4_cm","sleeve_5cm","sleeve_6cm","sleeve_7cm","sleeve_8cm","sleeve_10cm","sleeve_12cm"],"property":"finish_left"}],[{"options":["yes"],"property":"all_sides_equal_finish"},{"property":"finish_right","options":["sleeve_4_cm","sleeve_5cm","sleeve_6cm","sleeve_7cm","sleeve_8cm","sleeve_10cm","sleeve_12cm"]}],[{"property":"all_sides_equal_finish","options":["yes"]},{"options":["sleeve_4_cm","sleeve_5cm","sleeve_6cm","sleeve_7cm","sleeve_8cm","sleeve_10cm","sleeve_12cm"],"property":"finish_top"}],[{"options":["yes"],"property":"all_sides_equal_finish"},{"options":["sleeve_4_cm","sleeve_5cm","sleeve_6cm","sleeve_7cm","sleeve_8cm","sleeve_10cm","sleeve_12cm"],"property":"finish_bottom"}],[{"options":["610gr_blockout","275gr_frontlit_pvc_free"],"property":"material"},{"options":["hem_eyelet_corner","hem_eyelets_20","hem_eyelets_25","hem_eyelets_30","hem_eyelets_50","hem_eyelets_20_stormfix","hem_eyelets_30_stormfix"],"property":"finish_left"}],[{"options":["610gr_blockout","275gr_frontlit_pvc_free"],"property":"material"},{"options":["hem_eyelet_corner","hem_eyelets_20","hem_eyelets_25","hem_eyelets_30","hem_eyelets_50","hem_eyelets_20_stormfix","hem_eyelets_30_stormfix"],"property":"finish_right"}],[{"property":"material","options":["610gr_blockout","275gr_frontlit_pvc_free"]},{"property":"finish_top","options":["hem_eyelet_corner","hem_eyelets_20","hem_eyelets_25","hem_eyelets_30","hem_eyelets_50","hem_eyelets_20_stormfix","hem_eyelets_30_stormfix"]}],[{"options":["610gr_blockout","275gr_frontlit_pvc_free"],"property":"material"},{"options":["hem_eyelet_corner","hem_eyelets_20","hem_eyelets_25","hem_eyelets_30","hem_eyelets_50","hem_eyelets_20_stormfix","hem_eyelets_30_stormfix"],"property":"finish_bottom"}],[{"options":["275gr_frontlit_pvc_free"],"property":"material"},{"options":["sleeve_4_cm","sleeve_5cm","sleeve_6cm","sleeve_7cm","sleeve_8cm","sleeve_10cm","sleeve_12cm"],"property":"finish_left"}],[{"options":["275gr_frontlit_pvc_free"],"property":"material"},{"property":"finish_right","options":["sleeve_4_cm","sleeve_5cm","sleeve_6cm","sleeve_7cm","sleeve_8cm","sleeve_10cm","sleeve_12cm"]}],[{"property":"material","options":["275gr_frontlit_pvc_free"]},{"options":["sleeve_4_cm","sleeve_5cm","sleeve_6cm","sleeve_7cm","sleeve_8cm","sleeve_10cm","sleeve_12cm"],"property":"finish_top"}],[{"property":"material","options":["275gr_frontlit_pvc_free"]},{"options":["sleeve_4_cm","sleeve_5cm","sleeve_6cm","sleeve_7cm","sleeve_8cm","sleeve_10cm","sleeve_12cm"],"property":"finish_bottom"}]],"warnings":[]}