{"sku":"replacement-blades-knife-30-degrees-9mm","active":true,"titleSingle":"Lames de rechange pour cutter","titlePlural":"Lames de rechange pour cutter","createdAt":"2024-02-14T10:50:12.508Z","updatedAt":"2024-02-14T10:50:12.508Z","introductionDate":"2024-02-14T10:50:12.508Z","properties":[{"slug":"summary_image","locked":false,"options":[{"slug":"replacement_blades_30_degrees_9mm","name":"replacement_blades_30_degrees_9mm","nullable":true,"eco":false,"enrichments":[]}],"viewMode":{"reseller":"icons"},"type":"checkbox","optionsInSummary":[],"parentOptions":[],"title":"summary_image"},{"slug":"size","title":"Format (largeur x hauteur)","locked":false,"options":[{"slug":"squeegee","name":"10 x 7 cm","nullable":false,"width":100,"height":70}],"viewMode":{"reseller":"default"},"type":"radio","optionsInSummary":[],"parentOptions":[]},{"slug":"material","title":"Support","locked":false,"options":[{"slug":"1000gr_stainless-steel","name":"Acier inox","nullable":false,"eco":false,"enrichments":[]}],"viewMode":{"reseller":"default"},"type":"radio","optionsInSummary":[],"parentOptions":[]},{"slug":"copies","title":"Quantité","locked":false,"options":[],"viewMode":{"reseller":"copies"},"optionsInSummary":[],"copiesInSummary":{},"rangeSets":[{"summary":[1,2,3,4,5],"options":[{"steps":1,"max":100,"min":0}],"printingmethod":"raw_material"}],"copyLimit":{},"parentOptions":[]},{"slug":"printingmethod","title":"Méthode d'impression","locked":false,"options":[{"slug":"raw_material","name":"Sans impression","nullable":false,"eco":false,"enrichments":[]}],"viewMode":{"reseller":"default"},"type":"radio","optionsInSummary":[],"parentOptions":[]},{"slug":"accessories","title":"Accessoires","locked":false,"options":[{"slug":"replacement_blades_30_degrees_9mm","name":"Lames de réserve","nullable":false,"eco":false,"enrichments":[]}],"viewMode":{"reseller":"icons"},"type":"radio","optionsInSummary":[],"parentOptions":[]},{"slug":"printtype","title":"Impression","locked":false,"options":[{"slug":"00","name":"Non imprimé","nullable":false,"eco":false,"pages":[{"numberOfColors":1,"colorspace":"indexed"}],"enrichments":[]}],"viewMode":{"reseller":"default"},"type":"radio","optionsInSummary":[],"parentOptions":[]},{"slug":"urgency","title":"Urgence","locked":false,"options":[{"slug":"quick","name":"Rapide","nullable":false,"eco":false,"enrichments":[]},{"slug":"standard","name":"Standard","nullable":false,"eco":false,"enrichments":[]},{"slug":"urgent","name":"Urgent","nullable":false,"eco":false,"enrichments":[]},{"slug":"moderate","nullable":false,"eco":false,"enrichments":[],"name":"Moderate"}],"viewMode":{"reseller":"default"},"type":"radio","optionsInSummary":[],"parentOptions":[]}],"maxDesigns":1,"hsCode":"8211100000","isAvailableInUserRegion":true,"hasAccessories":false,"accessoryExcludes":[],"propertyGroups":[{"slug":"replacement-blades-knife-30-degrees-9mm-kofbmjhe","columnWidth":{"reseller":"summary"},"properties":["summary_image","size","material"],"title":"Type"},{"slug":"replacement-blades-knife-30-degrees-9mm-qglvzvzg","columnWidth":{"reseller":"two-columns"},"properties":["copies"],"title":"Amount"},{"slug":"replacement-blades-knife-30-degrees-9mm-vfsbilbj","columnWidth":{"reseller":"hidden"},"properties":["printingmethod","accessories","printtype","urgency"],"title":"Hidden"}],"excludes":[],"warnings":[]}