{"sku":"reusable-cups-all-over","active":true,"titleSingle":"Gobelet réutilisable entièrement imprimé","titlePlural":"Gobelets réutilisables imprimables sur toute la surface","createdAt":"2023-11-15T13:07:45.964Z","updatedAt":"2025-11-12T12:54:30.235Z","introductionDate":"2023-11-15T13:07:45.964Z","properties":[{"slug":"summary_image","title":"summary image","locked":false,"options":[{"slug":"reusable-cups-all-over","nullable":true,"eco":false,"enrichments":[],"name":"reusable-cups-all-over"}],"viewMode":{"reseller":"default"},"type":"checkbox","optionsInSummary":[],"parentOptions":[],"required":false},{"slug":"bpa_free","title":"Sans BPA","locked":false,"options":[{"slug":"yes","name":"Oui","nullable":false,"eco":false,"enrichments":[]}],"viewMode":{"reseller":"default"},"type":"radio","optionsInSummary":[],"parentOptions":[],"required":true},{"slug":"dishwasher_proof","locked":false,"options":[{"slug":"yes","nullable":true,"eco":false,"enrichments":[],"name":"Oui"}],"viewMode":{"reseller":"default"},"type":"radio","optionsInSummary":[],"parentOptions":[],"required":false,"title":" Résistant au lave-vaisselle"},{"slug":"color","title":"Couleurs","locked":false,"options":[{"slug":"transparent","nullable":false,"eco":false,"enrichments":[{"propertySlug":"color","optionSlug":"#ffffff"}],"name":"Transparent"}],"viewMode":{"reseller":"default"},"type":"radio","optionsInSummary":[],"parentOptions":[],"required":true},{"slug":"packaging_quantity","title":"Quantités d'emballage","locked":false,"options":[{"slug":"packed_per_300","nullable":true,"eco":false,"enrichments":[],"name":"Par 300"},{"slug":"packed_per_500","nullable":true,"eco":false,"enrichments":[],"name":"Par 500"}],"viewMode":{"reseller":"default"},"type":"radio","optionsInSummary":[],"parentOptions":[],"required":false},{"slug":"size","title":"Format produit (diamètre x hauteur)","locked":false,"options":[{"slug":"33_cc_cup","nullable":false,"eco":false,"width":197,"height":114,"enrichments":[],"name":"33 cc - 70 x 110 mm"},{"slug":"50_cc_cup","nullable":false,"eco":false,"width":208,"height":155,"enrichments":[],"name":"50 cc - 80 x 150 mm"}],"viewMode":{"reseller":"default"},"type":"radio","optionsInSummary":[],"parentOptions":[],"required":true},{"slug":"material","title":"Support","locked":false,"options":[{"slug":"polypropylene-cups","name":"Polypropylène","nullable":false,"eco":false,"enrichments":[{"propertySlug":"weight","optionSlug":"1810"}]}],"viewMode":{"reseller":"default"},"type":"radio","optionsInSummary":[],"parentOptions":[],"required":true},{"slug":"printtype","title":"Impression","locked":false,"options":[{"slug":"40","nullable":false,"eco":false,"pages":[{"numberOfColors":4,"colorspace":"cmyk"}],"enrichments":[],"name":"4/0 quadri recto"}],"viewMode":{"reseller":"default"},"type":"radio","optionsInSummary":[],"parentOptions":[],"required":true},{"slug":"copies","title":"Quantité","locked":false,"options":[{"slug":null,"nullable":false,"type":"digital"},{"slug":null,"nullable":false,"type":"digital"}],"viewMode":{"reseller":"copies"},"optionsInSummary":[],"copiesInSummary":{},"rangeSets":[{"options":[{"max":10000,"steps":1,"min":10}],"summary":[10,25,50,75,100,250,500],"printingmethod":"digital"}],"copyLimit":{},"parentOptions":[],"required":true},{"slug":"printingmethod","title":"Méthode d'impression","locked":false,"options":[{"slug":"digital","nullable":false,"eco":false,"enrichments":[],"name":"HP indigo numérique"}],"viewMode":{"reseller":"default"},"type":"radio","optionsInSummary":[],"parentOptions":[],"required":true},{"slug":"urgency","title":"Urgence","locked":false,"options":[{"slug":"standard","name":"Standard","nullable":false,"eco":false,"enrichments":[]},{"slug":"moderate","nullable":false,"eco":false,"enrichments":[],"name":"Moderate"},{"slug":"quick","nullable":false,"eco":false,"enrichments":[],"name":"Rapide"},{"slug":"urgent","nullable":false,"eco":false,"enrichments":[],"name":"Urgent"}],"viewMode":{"reseller":"default"},"type":"radio","optionsInSummary":[],"parentOptions":[],"required":true},{"slug":"product_weight","title":" Unité de poids","locked":false,"options":[{"slug":"30gr","nullable":true,"eco":false,"enrichments":[],"name":"30 grammes par pièce"}],"viewMode":{"reseller":"default"},"type":"radio","optionsInSummary":[],"parentOptions":[],"required":false},{"slug":"article_number","locked":false,"options":[{"slug":"gogob033pp00tdgf","nullable":false,"eco":false,"enrichments":[],"name":"GOGOB033PP00TDGF"},{"slug":"gogob050pp00tdgf","nullable":false,"eco":false,"enrichments":[],"name":"GOGOB050PP00TDGF"}],"viewMode":{"reseller":"default"},"type":"radio","optionsInSummary":[],"parentOptions":[],"required":true,"title":"Numéro d'article"}],"maxDesigns":1,"bleed":"0","hsCode":"3924100090","isAvailableInUserRegion":true,"hasAccessories":false,"accessoryExcludes":[],"category":["gifts-merchandise-promotional","drinkware","drinking-cups"],"flexibleprintingmethod":false,"propertyGroups":[{"slug":"reusable-cups-wfaupren","columnWidth":{"reseller":"summary"},"columnHeight":{},"properties":["summary_image","bpa_free","dishwasher_proof","color","packaging_quantity"]},{"slug":"reusable-cups-uegiwdzf","columnWidth":{"reseller":"third"},"properties":["size","material","printtype"]},{"slug":"reusable-cups-xlztspyw","columnWidth":{"reseller":"third"},"properties":["copies"]},{"slug":"reusable-cups-dqznmzxu","columnWidth":{"reseller":"hidden"},"columnHeight":{},"properties":["printingmethod","urgency","product_weight","article_number"]}],"excludes":[],"warnings":[]}