{"sku":"roller-banners","active":true,"titleSingle":"Roll-up","titlePlural":"Roll-ups","createdAt":"2023-08-21T09:47:19.076Z","updatedAt":"2024-10-17T11:43:20.739Z","properties":[{"slug":"roll_up_banners","title":"Type de cassette","locked":false,"options":[{"slug":"none","name":"Seulement la bâche","nullable":false,"eco":false,"enrichments":[]},{"slug":"budget","name":"Budget","nullable":false,"eco":false,"enrichments":[]},{"slug":"basic","name":"Basique","nullable":false,"eco":false,"enrichments":[]},{"slug":"premium","name":"Premium","nullable":false,"eco":false,"enrichments":[]},{"slug":"luxe","name":"Luxe","nullable":false,"eco":false,"enrichments":[]},{"slug":"black_basic","name":"Basique noir","nullable":false,"eco":false,"enrichments":[]},{"slug":"xxl","name":"XXL","nullable":false,"eco":false,"enrichments":[]},{"slug":"double","name":"Double","nullable":false,"eco":false,"enrichments":[]},{"slug":"double_deluxe","name":"luxe double","nullable":false,"eco":false,"enrichments":[]},{"slug":"double_outdoor","name":"Double extérieur","nullable":false,"eco":false,"enrichments":[]}],"viewMode":{"reseller":"icons"},"type":"radio","optionsInSummary":[],"parentOptions":[]},{"slug":"summary_image","title":"summary image","locked":false,"options":[{"slug":"roller-banners","nullable":true,"eco":false,"enrichments":[],"name":"Roller banners"}],"viewMode":{"reseller":"default"},"type":"checkbox","optionsInSummary":[],"parentOptions":[]},{"slug":"printtype","title":"Impression","locked":false,"options":[{"slug":"40","name":"4/0 quadri recto","nullable":false,"eco":false,"pages":[{"numberOfColors":4,"colorspace":"cmyk"}],"enrichments":[]},{"slug":"44","name":"4/4 quadri recto/verso","nullable":false,"eco":false,"pages":[{"numberOfColors":4,"colorspace":"cmyk"},{"numberOfColors":4,"colorspace":"cmyk"}],"enrichments":[]}],"viewMode":{"reseller":"default"},"type":"radio","optionsInSummary":[],"parentOptions":[]},{"slug":"size","title":"Format (largeur x hauteur)","locked":false,"options":[{"slug":"banner_85_x_200","name":"85 x 200 cm","nullable":false,"width":"850","height":"2060"},{"slug":"banner_100_x_200","name":"100 x 200 cm","nullable":false,"width":"1000","height":"2060"},{"slug":"banner_120_x_200","name":"120 x 200 cm","nullable":false,"width":"1200","height":"2060"},{"slug":"banner_150_x_200","name":"150 x 200 cm","nullable":false,"width":"1500","height":"2060"},{"slug":"banner_200_x_200","name":"200 x 200 cm","nullable":false,"width":"2000","height":"2060"},{"slug":"banner_200_x_250","name":"200 x 250 cm","nullable":false,"width":"2000","height":"2560"},{"slug":"banner_200_x_300","name":"200 x 300 cm","nullable":false,"width":"2000","height":"3060"}],"viewMode":{"reseller":"default"},"type":"radio","optionsInSummary":[],"parentOptions":[]},{"slug":"material","title":"Support","locked":false,"options":[{"slug":"510gr_pvc","name":"Frontlit M1 - 510 g/m² (pvc)","nullable":false,"eco":false,"enrichments":[{"propertySlug":"color","optionSlug":"#ffffff"},{"propertySlug":"thickness","optionSlug":"0.4"}]},{"slug":"480gr_prime_blockout_banner","name":"Vinyl Prime Opaque M1 480 g/m² - dos blanc (pvc)","nullable":false,"eco":false,"enrichments":[{"propertySlug":"thickness","optionSlug":"0.3"},{"propertySlug":"color","optionSlug":"#ffffff"}]},{"slug":"325gr_ferrari_decolit","name":"Ferrari Decolit 325 g/m²","nullable":false,"eco":false,"enrichments":[{"propertySlug":"color","optionSlug":"#ffffff"}]}],"viewMode":{"reseller":"default"},"type":"radio","optionsInSummary":[],"parentOptions":[]},{"slug":"provide_label","locked":false,"options":[{"slug":"no","nullable":true,"eco":false,"enrichments":[],"name":"No"},{"slug":"bag_and_box","nullable":false,"eco":false,"enrichments":[],"name":"Yes, on bag and box"}],"viewMode":{"reseller":"default"},"type":"radio","optionsInSummary":[],"parentOptions":[],"title":"Provided with label"},{"slug":"copies","title":"Quantité","locked":false,"options":[{"slug":1,"nullable":false,"type":"lfp_latex_320"},{"slug":2,"nullable":false,"type":"lfp_latex_320"},{"slug":3,"nullable":false,"type":"lfp_latex_320"},{"slug":4,"nullable":false,"type":"lfp_latex_320"},{"slug":5,"nullable":false,"type":"lfp_latex_320"},{"slug":6,"nullable":false,"type":"lfp_latex_320"},{"slug":7,"nullable":false,"type":"lfp_latex_320"},{"slug":8,"nullable":false,"type":"lfp_latex_320"},{"slug":9,"nullable":false,"type":"lfp_latex_320"},{"slug":10,"nullable":false,"type":"lfp_latex_320"}],"viewMode":{"reseller":"copies"},"optionsInSummary":[],"copiesInSummary":{"lfp_latex_320":11},"rangeSets":[{"summary":[1,2,3,4,5,6,7,8,9,10],"options":[{"max":10000,"steps":1,"min":1}],"printingmethod":"lfp_latex_320"}],"copyLimit":{"lfp_latex_320":10000},"parentOptions":[]},{"slug":"designs","title":"Design","locked":false,"options":[],"viewMode":{"reseller":"default"},"type":"radio","optionsInSummary":[],"parentOptions":[]},{"slug":"printingmethod","title":"Méthode d'impression","locked":false,"options":[{"slug":"lfp_latex_320","name":"HP Latex 3600","nullable":false,"eco":false,"enrichments":[]}],"viewMode":{"reseller":"default"},"type":"radio","optionsInSummary":[],"parentOptions":[]},{"slug":"urgency","title":"Urgence","locked":false,"options":[{"slug":"standard","name":"Standard","nullable":false,"eco":false,"enrichments":[]},{"slug":"quick","name":"Rapide","nullable":false,"eco":false,"enrichments":[]},{"slug":"urgent","name":"Urgent","nullable":false,"eco":false,"enrichments":[]},{"slug":"moderate","nullable":false,"eco":false,"enrichments":[],"name":"Moderate"}],"viewMode":{"reseller":"default"},"type":"radio","optionsInSummary":[],"parentOptions":[]},{"slug":"roller_banner_bag","title":"Sac adapté inclus","locked":false,"options":[{"slug":"yes","name":"Sac avec fermeture éclair","nullable":false,"eco":false,"enrichments":[]},{"slug":"no","name":"Non","nullable":false,"eco":false,"enrichments":[]}],"viewMode":{"reseller":"default"},"type":"checkbox","optionsInSummary":[],"parentOptions":[]},{"slug":"roll_up_systems","title":"Systèmes Rollup","locked":false,"options":[{"slug":"budget_85_x_200","name":"Cassette budget 85 cm ","nullable":false,"eco":false,"enrichments":[{"propertySlug":"weightpercopy","optionSlug":"1940"}]},{"slug":"budget_100_x_200","name":"Cassette budget 100 cm ","nullable":false,"eco":false,"enrichments":[{"propertySlug":"weightpercopy","optionSlug":"2250"}]},{"slug":"basic_85_x_200","name":"Cassette basique 85 cm","nullable":false,"eco":false,"enrichments":[{"propertySlug":"weightpercopy","optionSlug":"2100"}]},{"slug":"basic_100_x_200","name":"Cassette basique 100 cm","nullable":false,"eco":false,"enrichments":[{"propertySlug":"weightpercopy","optionSlug":"2300"}]},{"slug":"basic_120_x_200","name":"Cassette basique 120 cm","nullable":false,"eco":false,"enrichments":[{"propertySlug":"weightpercopy","optionSlug":"2850"}]},{"slug":"basic_150_x_200","name":"Cassette basique 150 cm","nullable":false,"eco":false,"enrichments":[{"propertySlug":"weightpercopy","optionSlug":"3300"}]},{"slug":"luxe_85_x_200","name":"Cassette luxe 85 cm","nullable":false,"eco":false,"enrichments":[{"propertySlug":"weightpercopy","optionSlug":"4720"}]},{"slug":"luxe_100_x_200","name":"Cassette luxe 100 cm","nullable":false,"eco":false,"enrichments":[{"propertySlug":"weightpercopy","optionSlug":"5150"}]},{"slug":"luxe_120_x_200","name":"Cassette luxe 120 cm","nullable":false,"eco":false,"enrichments":[{"propertySlug":"weightpercopy","optionSlug":"6500"}]},{"slug":"luxe_150_x_200","name":"Cassette luxe 150 cm","nullable":false,"eco":false,"enrichments":[{"propertySlug":"weightpercopy","optionSlug":"8000"}]},{"slug":"premium_85_x_200","name":"Cassette premium 85 cm","nullable":false,"eco":false,"enrichments":[{"propertySlug":"weightpercopy","optionSlug":"2450"}]},{"slug":"premium_100_x_200","name":"Cassette premium 100 cm","nullable":false,"eco":false,"enrichments":[{"propertySlug":"weightpercopy","optionSlug":"2750"}]},{"slug":"premium_120_x_200","name":"Cassette premium 120 cm","nullable":false,"eco":false,"enrichments":[{"propertySlug":"weightpercopy","optionSlug":"3600"}]},{"slug":"mini_a3","name":"Mini cassette A3","nullable":false,"eco":false,"enrichments":[]},{"slug":"mini_a4","name":"Mini cassette A4","nullable":false,"eco":false,"enrichments":[]},{"slug":"xxl_200_x_200","name":"Cassette XXL 200 x 200 cm","nullable":false,"eco":false,"enrichments":[{"propertySlug":"weightpercopy","optionSlug":"10700"}]},{"slug":"xxl_200_x_250","name":"Cassette XXL 200 x 250 cm","nullable":false,"eco":false,"enrichments":[{"propertySlug":"weightpercopy","optionSlug":"10700"}]},{"slug":"xxl_200_x_300","name":"Cassette XXL 200 x 300 cm","nullable":false,"eco":false,"enrichments":[{"propertySlug":"weightpercopy","optionSlug":"10700"}]},{"slug":"basic_black_85_x_200","name":"Cassette basique noire 85 x 200","nullable":false,"eco":false,"enrichments":[{"propertySlug":"weightpercopy","optionSlug":"2100"}]},{"slug":"basic_black_100_x_200","name":"Cassette basique noire 100 x 200","nullable":false,"eco":false,"enrichments":[{"propertySlug":"weightpercopy","optionSlug":"2300"}]},{"slug":"luxe_black_85_x_200","name":"Cassette luxe noire 85 x 200","nullable":false,"eco":false,"enrichments":[]},{"slug":"luxe_black_100_x_200","name":"Cassette luxe noire 100 x 200","nullable":false,"eco":false,"enrichments":[]},{"slug":"double_85_x_200","name":"Cassette double 85 x 200","nullable":false,"eco":false,"enrichments":[]},{"slug":"double_100_x_200","name":"Cassette double 100 x 200","nullable":false,"eco":false,"enrichments":[]},{"slug":"luxe_double_85_x_200","name":"Cassette doubel luxe 85 x 200","nullable":false,"eco":false,"enrichments":[{"propertySlug":"weightpercopy","optionSlug":"5700"}]},{"slug":"luxe_double_100_x_200","name":"Cassette double luxe 100 x 200","nullable":false,"eco":false,"enrichments":[{"propertySlug":"weightpercopy","optionSlug":"6900"}]},{"slug":"double_outdoor_85_x_200","name":"Cassette double extérieur 85 x 200","nullable":false,"eco":false,"enrichments":[{"propertySlug":"weightpercopy","optionSlug":"7750"}]},{"slug":"double_outdoor_100_x_200","name":"Cassette double extérieur 100 x 200","nullable":false,"eco":false,"enrichments":[{"propertySlug":"weightpercopy","optionSlug":"8300"}]},{"slug":"cardboard_80_x_210","nullable":false,"eco":false,"enrichments":[],"name":"Cardboard 80 x 210"},{"slug":"none","name":"Sans cassette","nullable":false,"eco":false,"enrichments":[]}],"viewMode":{"reseller":"default"},"type":"radio","optionsInSummary":[],"parentOptions":[]},{"slug":"packaging_extras","title":"Emballage","locked":false,"options":[{"slug":"roll-up_packaging","name":"roll-up_packaging","nullable":false,"eco":false,"enrichments":[]}],"viewMode":{"reseller":"default"},"type":"radio","optionsInSummary":[],"parentOptions":[]},{"slug":"custom_shape","title":"Forme personnalisée","locked":false,"options":[{"slug":"clean_cut","name":"Coupe droite","nullable":false,"eco":false,"enrichments":[]}],"viewMode":{"reseller":"default"},"type":"radio","optionsInSummary":[],"parentOptions":[]}],"maxDesigns":50,"bleed":10,"hsCode":"4911910090","isAvailableInUserRegion":true,"hasAccessories":true,"accessoryExcludes":[[{"property":"roll_up_banners","options":["xxl"]},{"options":["8a1efaa6-0857-4164-9b7d-6057e7f8c328"],"property":"has_accessories"}],[{"property":"roll_up_banners","options":["cardboard"]},{"options":["8a1efaa6-0857-4164-9b7d-6057e7f8c328","2e504257-6cf9-40ed-a52f-119d83d106fa"],"property":"has_accessories"}]],"propertyGroups":[{"slug":"roller-banners-tkeukoml","columnWidth":{"reseller":"full"},"properties":["roll_up_banners"]},{"slug":"roller-banners-qhjfhkjh","columnWidth":{"reseller":"summary"},"columnHeight":{},"properties":["summary_image","printtype"],"title":"Roller banners"},{"slug":"roller-banners-zyrlfkxx","columnWidth":{"reseller":"third"},"properties":["size","material","provide_label"]},{"slug":"roller-banners-dmcxspuz","columnWidth":{"reseller":"third"},"title":"Quantité","properties":["copies","designs"]},{"slug":"roller-banners-edyqfyyi","columnWidth":{"reseller":"hidden"},"properties":["printingmethod","urgency","roller_banner_bag","roll_up_systems","packaging_extras","custom_shape"],"title":"Hidden"}],"excludes":[[{"property":"roll_up_banners","options":["budget"]},{"property":"size","options":["banner_120_x_200","banner_a3","banner_a4","banner_150_x_200","banner_150_x_270","banner_200_x_300","banner_200_x_200","banner_200_x_250"]}],[{"property":"roll_up_banners","options":["basic"]},{"property":"size","options":["banner_a4","banner_a3","banner_150_x_270","banner_200_x_300","banner_200_x_200","banner_200_x_250"]}],[{"property":"roll_up_banners","options":["premium"]},{"property":"size","options":["banner_a4","banner_a3","banner_60_x_200","banner_150_x_200","banner_150_x_270","banner_200_x_300","banner_200_x_200","banner_200_x_250"]}],[{"property":"roll_up_banners","options":["luxe"]},{"property":"size","options":["banner_a4","banner_a3","banner_150_x_270","banner_200_x_300","banner_200_x_200","banner_200_x_250","banner_60_x_200"]}],[{"property":"roll_up_banners","options":["xxl"]},{"property":"size","options":["banner_150_x_200","banner_120_x_200","banner_100_x_200","banner_85_x_200","banner_60_x_200","banner_a3","banner_a4"]}],[{"property":"roll_up_banners","options":["mini"]},{"property":"size","options":["banner_60_x_200","banner_85_x_200","banner_100_x_200","banner_120_x_200","banner_150_x_200","banner_150_x_270","banner_200_x_300","banner_200_x_200","banner_200_x_250"]}],[{"property":"roll_up_banners","options":["black_basic"]},{"property":"size","options":["banner_150_x_200","banner_200_x_200","banner_200_x_250","banner_200_x_300","banner_120_x_200"]}],[{"property":"roll_up_banners","options":["double_outdoor"]},{"property":"size","options":["banner_a4","banner_a3","banner_60_x_200","banner_120_x_200","banner_150_x_200","banner_150_x_270","banner_200_x_200","banner_200_x_250","banner_200_x_300"]}],[{"property":"roll_up_banners","options":["double"]},{"property":"size","options":["banner_a4","banner_a3","banner_60_x_200","banner_120_x_200","banner_150_x_200","banner_150_x_270","banner_200_x_200","banner_200_x_250","banner_200_x_300","banner_85_x_200"]}],[{"property":"size","options":["banner_200_x_200","banner_200_x_250","banner_200_x_300"]},{"property":"material","options":["480gr_prime_blockout_banner"]}],[{"property":"roll_up_banners","options":["double_deluxe"]},{"property":"size","options":["banner_60_x_200","banner_150_x_200","banner_150_x_270","banner_200_x_200","banner_200_x_250","banner_200_x_300","banner_120_x_200"]}],[{"property":"roll_up_banners","options":["basic"]},{"property":"size","options":["banner_60_x_200"]}],[{"property":"material","options":["325gr_ferrari_decolit"]},{"property":"size","options":["banner_200_x_200","banner_200_x_250","banner_200_x_300"]}],[{"property":"roll_up_banners","options":["cardboard"]},{"property":"size","options":["banner_85_x_200","banner_100_x_200","banner_120_x_200","banner_150_x_200","banner_200_x_200","banner_200_x_250","banner_200_x_300"]}],[{"property":"roll_up_banners","options":["cardboard"]},{"property":"material","options":["510gr_pvc","260gr_airtex_free_grey_backing","350gr_airtex","480gr_prime_blockout_banner","325gr_ferrari_decolit"]}],[{"property":"material","options":["200gr_silk_mc"]},{"property":"roll_up_banners","options":["budget","basic","premium","luxe","black_basic","xxl","double","double_deluxe","double_outdoor"]}],[{"property":"size","options":["cardboard_banner_80_x_200"]},{"property":"roll_up_banners","options":["budget","basic","premium","luxe","black_basic","xxl","double","double_deluxe","double_outdoor"]}]],"warnings":[]}