{"sku":"roll-up-banner-light","active":true,"titleSingle":"Lampe pour roll-up","titlePlural":"Lampes pour roll-up","createdAt":"2024-02-14T10:50:42.746Z","updatedAt":"2024-02-14T10:50:42.746Z","introductionDate":"2024-02-14T10:50:42.746Z","properties":[{"slug":"summary_image","locked":false,"options":[{"slug":"roll-up-banner-light","name":"Roll-up banner lights","nullable":true,"eco":false,"enrichments":[]}],"viewMode":{"reseller":"default"},"type":"checkbox","optionsInSummary":[],"parentOptions":[],"title":"Summary image"},{"slug":"weight","title":"Poids","locked":false,"options":[{"slug":"460_grams","name":"0.46 kg","nullable":false,"eco":false,"enrichments":[]}],"viewMode":{"reseller":"default"},"type":"radio","optionsInSummary":[],"parentOptions":[]},{"slug":"material","title":"Support","locked":false,"options":[{"slug":"200gr_lamp_aluminium","name":"Aluminium","nullable":false,"eco":false,"enrichments":[]}],"viewMode":{"reseller":"default"},"type":"radio","optionsInSummary":[],"parentOptions":[]},{"slug":"size","title":"Format (largeur x hauteur)","locked":false,"options":[{"slug":"lamp","name":"49 cm","nullable":false,"width":95,"height":490}],"viewMode":{"reseller":"default"},"type":"radio","optionsInSummary":[],"parentOptions":[]},{"slug":"accessories","title":"Accessoires","locked":false,"options":[{"slug":"light_smart_5_watt_led","name":"Lampe LED (5 Watt)","nullable":false,"eco":false,"enrichments":[]},{"slug":"light_smart_clip_5_watt_led","name":"Lampe LED avec clip (5 Watt)","nullable":false,"eco":false,"enrichments":[]}],"viewMode":{"reseller":"default"},"type":"radio","optionsInSummary":[],"parentOptions":[]},{"slug":"copies","title":"Quantité","locked":false,"options":[],"viewMode":{"reseller":"copies"},"optionsInSummary":[],"copiesInSummary":{},"rangeSets":[{"summary":[1,2,3,4,5],"options":[{"max":100,"steps":1,"min":1}],"printingmethod":"raw_material"}],"copyLimit":{},"parentOptions":[]},{"slug":"printingmethod","title":"Méthode d'impression","locked":false,"options":[{"slug":"raw_material","name":"Sans impression","nullable":false,"eco":false,"enrichments":[]}],"viewMode":{"reseller":"default"},"type":"radio","optionsInSummary":[],"parentOptions":[]},{"slug":"printtype","title":"Impression","locked":false,"options":[{"slug":"00","name":"Non imprimé","nullable":false,"eco":false,"pages":[{"numberOfColors":1,"colorspace":"indexed"}],"enrichments":[]}],"viewMode":{"reseller":"default"},"type":"radio","optionsInSummary":[],"parentOptions":[]},{"slug":"urgency","title":"Urgence","locked":false,"options":[{"slug":"standard","name":"Standard","nullable":false,"eco":false,"enrichments":[]},{"slug":"urgent","name":"Urgent","nullable":false,"eco":false,"enrichments":[]},{"slug":"quick","name":"Rapide","nullable":false,"eco":false,"enrichments":[]},{"slug":"moderate","nullable":false,"eco":false,"enrichments":[],"name":"Moderate"}],"viewMode":{"reseller":"default"},"type":"radio","optionsInSummary":[],"parentOptions":[]}],"bleed":3,"hsCode":"4911100000","isAvailableInUserRegion":true,"hasAccessories":false,"accessoryExcludes":[],"propertyGroups":[{"slug":"roll-up-banner-light-wucozbuf","columnWidth":{"reseller":"summary"},"properties":["summary_image","weight","material","size"]},{"slug":"roll-up-banner-light-leuqbhjw","columnWidth":{"reseller":"third"},"properties":["accessories"],"title":"Support"},{"slug":"roll-up-banner-light-ggerigse","columnWidth":{"reseller":"third"},"properties":["copies"],"title":"Amount"},{"slug":"roll-up-banner-light-ohmdgfve","columnWidth":{"reseller":"hidden"},"properties":["printingmethod","printtype","urgency"],"title":"Hidden"}],"excludes":[],"warnings":[]}