{"sku":"ruler","active":true,"titleSingle":"Règle","titlePlural":"Règles","createdAt":"2023-10-31T11:23:08.878Z","updatedAt":"2025-11-07T14:13:40.902Z","introductionDate":"2023-10-31T11:23:08.878Z","properties":[{"slug":"summary_image","locked":false,"options":[{"slug":"ruler","nullable":true,"eco":false,"enrichments":[],"name":"ruler"}],"viewMode":{"reseller":"default"},"type":"checkbox","optionsInSummary":[],"parentOptions":[],"required":false,"title":"summary_image"},{"slug":"thickness","title":"Epaisseur de matériau","locked":false,"options":[{"slug":"1_mm","name":"1 mm","nullable":false,"eco":false,"enrichments":[]}],"viewMode":{"reseller":"default"},"type":"checkbox","optionsInSummary":[],"parentOptions":[],"required":true},{"slug":"material","title":"Support","locked":false,"options":[{"slug":"plastic","name":"Plastique","nullable":false,"eco":false,"enrichments":[{"propertySlug":"weight","optionSlug":"1100"}]}],"viewMode":{"reseller":"default"},"type":"radio","optionsInSummary":[],"parentOptions":[],"required":true},{"slug":"product_size","title":"Format produit (Largeur x Hauteur)","locked":false,"options":[{"slug":"160_x_38_mm","name":"160 x 38 mm","nullable":false,"eco":false,"enrichments":[]},{"slug":"210_x_37_mm","name":"210 x 37 mm","nullable":false,"eco":false,"enrichments":[]},{"slug":"310_x_38_mm","name":"310 x 38 mm","nullable":false,"eco":false,"enrichments":[]}],"viewMode":{"reseller":"default"},"type":"radio","optionsInSummary":[],"parentOptions":[],"required":true},{"slug":"size","title":"Format d'impression (largeur x hauteur)","locked":false,"options":[{"slug":"20_x_150_mm_ruler","name":"155 x 33 mm","nullable":false,"width":155,"height":33},{"slug":"20_x_200_mm_ruler","name":"205 x 32 mm","nullable":false,"width":205,"height":32},{"slug":"20_x_300_mm_ruler","name":"310 x 38 mm","nullable":false,"width":310,"height":38}],"viewMode":{"reseller":"default"},"type":"radio","optionsInSummary":[],"parentOptions":[],"required":true},{"slug":"printtype","title":"Impression","locked":false,"options":[{"slug":"00","name":"Non imprimé","nullable":false,"eco":false,"pages":[{"numberOfColors":1,"colorspace":"indexed"}],"enrichments":[]},{"slug":"40","name":"4/0 quadri recto","nullable":false,"eco":false,"pages":[{"numberOfColors":4,"colorspace":"cmyk"}],"enrichments":[]},{"slug":"44","name":"4/4 quadri recto/verso","nullable":false,"eco":false,"pages":[{"numberOfColors":4,"colorspace":"cmyk"},{"numberOfColors":4,"colorspace":"cmyk"}],"enrichments":[]}],"viewMode":{"reseller":"default"},"type":"radio","optionsInSummary":[],"parentOptions":[],"required":true},{"slug":"copies","title":"Quantité","locked":false,"options":[],"viewMode":{"reseller":"copies"},"optionsInSummary":[25,50,100,200,300,400,500],"copiesInSummary":{},"rangeSets":[{"summary":[25,50,100,200,300,400,500],"options":[{"steps":25,"max":100,"min":25},{"max":1000,"steps":100,"min":100},{"max":5000,"steps":500,"min":1000}],"printingmethod":"digital_uv"},{"summary":[1],"options":[{"max":2,"steps":1,"min":1}],"printingmethod":"sample"}],"copyLimit":{},"parentOptions":[],"required":true},{"slug":"printingmethod","title":"Méthode d'impression","locked":false,"options":[{"slug":"digital_uv","name":"Digital UV","nullable":false,"eco":false,"enrichments":[]},{"slug":"sample","name":"Échantillon non imprimé","nullable":false,"eco":false,"enrichments":[]}],"viewMode":{"reseller":"default"},"type":"radio","optionsInSummary":[],"parentOptions":[],"required":true},{"slug":"urgency","title":"Urgence","locked":false,"options":[{"slug":"standard","name":"Standard","nullable":false,"eco":false,"enrichments":[]}],"viewMode":{"reseller":"default"},"type":"radio","optionsInSummary":[],"parentOptions":[],"required":true},{"slug":"brezo_article","locked":false,"options":[{"slug":"tp.91250.b017.b017","name":"TP.91250.B017.B017","nullable":false,"eco":false,"enrichments":[]},{"slug":"tp.91260.b019.b019","name":"tp.91260.b019.b019","nullable":false,"eco":false,"enrichments":[]},{"slug":"tp.91270.b019","name":"TP.91270.B019","nullable":false,"eco":false,"enrichments":[]}],"viewMode":{"reseller":"default"},"type":"radio","optionsInSummary":[],"parentOptions":[],"required":true,"title":"Brezo Article"}],"maxDesigns":1,"bleed":0,"hsCode":"9017801000","isAvailableInUserRegion":true,"hasAccessories":false,"accessoryExcludes":[],"category":["gifts-merchandise-promotional","writing","other-writing"],"flexibleprintingmethod":false,"propertyGroups":[{"slug":"ruler-imnfozgu","columnWidth":{"reseller":"summary"},"properties":["summary_image","thickness","material"]},{"slug":"ruler-ohlfctsm","columnWidth":{"reseller":"third"},"properties":["product_size","size","printtype"]},{"slug":"ruler-btuhqtgs","columnWidth":{"reseller":"third"},"properties":["copies"],"title":"Amount"},{"slug":"ruler-jsnwianv","columnWidth":{"reseller":"hidden"},"properties":["printingmethod","urgency","brezo_article"]}],"excludes":[[{"property":"printtype","options":["40","44"]},{"property":"printingmethod","options":["sample"]}],[{"property":"printtype","options":["00"]},{"property":"printingmethod","options":["digital_uv"]}],[{"options":["20_x_150_mm_ruler"],"property":"size"},{"property":"product_size","options":["210_x_37_mm","310_x_38_mm"]}],[{"options":["20_x_200_mm_ruler"],"property":"size"},{"property":"product_size","options":["160_x_38_mm","310_x_38_mm"]}],[{"property":"size","options":["20_x_300_mm_ruler"]},{"options":["210_x_37_mm","160_x_38_mm"],"property":"product_size"}]],"warnings":[]}