{"sku":"samplebox","active":true,"titleSingle":"Catalogue d'échantillons","titlePlural":"Catalogues d'échantillons","createdAt":"2023-09-08T13:13:47.509Z","updatedAt":"2024-10-22T14:27:04.845Z","properties":[{"slug":"summary_image","title":"summary image","locked":false,"options":[],"viewMode":{"reseller":"default"},"type":"checkbox","optionsInSummary":[],"parentOptions":[]},{"slug":"samplebox_mail_cards_envelops","title":"Mail - cartes/enveloppes de couleur","locked":false,"options":[{"slug":"1","name":"1","nullable":false,"eco":false,"enrichments":[]}],"viewMode":{"reseller":"default"},"type":"radio","optionsInSummary":[],"parentOptions":[]},{"slug":"samplebox_print","title":"Print - digital/offset","locked":false,"options":[{"slug":"1","name":"Catalogue d'échantillons \"Print\"","nullable":false,"enrichments":[]}],"viewMode":{"reseller":"default"},"type":"radio","optionsInSummary":[],"parentOptions":[]},{"slug":"samplebox_signing","title":"Sign - signalétique/grand format","locked":false,"options":[{"slug":"1","name":"Catalogue d'échantillons Sign","nullable":false}],"viewMode":{"reseller":"default"},"type":"radio","optionsInSummary":[],"parentOptions":[]},{"slug":"samplebox_rigid","title":"Rigids - panneaux","locked":false,"options":[{"slug":"1","nullable":false,"enrichments":[],"name":"Samplebox Rigid"}],"viewMode":{"reseller":"default"},"type":"radio","optionsInSummary":[],"parentOptions":[]},{"slug":"samplebox_set_inspire","title":"Inspiration - produits premium","locked":false,"options":[{"slug":"1","name":"1","nullable":false,"enrichments":[]}],"viewMode":{"reseller":"default"},"type":"radio","optionsInSummary":[],"parentOptions":[]},{"slug":"samplebox_set_all_boxes","title":"Set complet avec tous les catalogues","locked":false,"options":[{"slug":"1","name":"1","nullable":false,"eco":false,"enrichments":[]}],"viewMode":{"reseller":"default"},"type":"radio","optionsInSummary":[],"parentOptions":[]},{"slug":"samplebox_cover","title":"Couverture","locked":false,"options":[{"slug":"standard","name":"Standard","nullable":false,"enrichments":[]},{"slug":"own_design","name":"Design personnalisé","nullable":false,"enrichments":[]}],"viewMode":{"reseller":"default"},"type":"radio","optionsInSummary":[],"parentOptions":[]},{"slug":"language","title":"Langue","locked":false,"options":[{"slug":"lookbook_nl","name":"Néerlandais","nullable":false,"eco":false,"enrichments":[]},{"slug":"lookbook_fr","name":"Français","nullable":false,"eco":false,"enrichments":[]},{"slug":"lookbook_de","name":"Allemand","nullable":false,"eco":false,"enrichments":[]},{"slug":"lookbook_en","name":"Anglais","nullable":false,"eco":false,"enrichments":[]}],"viewMode":{"reseller":"default"},"type":"radio","optionsInSummary":[],"parentOptions":[]},{"slug":"copies","title":"Quantité","locked":false,"options":[{"slug":1,"nullable":false,"type":"digital"},{"slug":2,"nullable":false,"type":"digital"},{"slug":3,"nullable":false,"type":"digital"},{"slug":4,"nullable":false,"type":"digital"},{"slug":5,"nullable":false,"type":"digital"},{"slug":6,"nullable":false,"type":"digital"},{"slug":7,"nullable":false,"type":"digital"},{"slug":8,"nullable":false,"type":"digital"}],"viewMode":{"reseller":"copies"},"optionsInSummary":[],"copiesInSummary":{},"rangeSets":[{"options":[{"max":50000,"steps":1,"min":1}],"summary":[1,2,3,4,5,6,7,8],"printingmethod":"digital"}],"copyLimit":{},"parentOptions":[]},{"slug":"printingmethod","title":"Méthode d'impression","locked":false,"options":[{"slug":"digital","name":"Digital","nullable":false,"eco":false,"enrichments":[]}],"viewMode":{"reseller":"default"},"type":"radio","optionsInSummary":[],"parentOptions":[]},{"slug":"printtype","title":"Impression","locked":false,"options":[{"slug":"40","name":"4/0 quadri recto","nullable":false,"eco":false,"pages":[{"numberOfColors":4,"colorspace":"cmyk"}],"enrichments":[]}],"viewMode":{"reseller":"default"},"type":"radio","optionsInSummary":[],"parentOptions":[]},{"slug":"size","title":"Format (largeur x hauteur)","locked":false,"options":[{"slug":"samplebox","name":"Boîte d'échantillons","nullable":false,"width":510,"height":260}],"viewMode":{"reseller":"default"},"type":"radio","optionsInSummary":[],"parentOptions":[]},{"slug":"fold","title":"Mode de pliage","locked":false,"options":[{"slug":"binder_6","name":"Binder 6","nullable":false,"eco":false,"enrichments":[]}],"viewMode":{"reseller":"default"},"type":"radio","optionsInSummary":[],"parentOptions":[]},{"slug":"urgency","title":"Urgence","locked":false,"options":[{"slug":"standard","name":"Standard","nullable":false,"eco":false,"enrichments":[]},{"slug":"quick","name":"Rapide","nullable":false,"eco":false,"enrichments":[]},{"slug":"urgent","name":"Urgent","nullable":false,"eco":false,"enrichments":[]},{"slug":"moderate","nullable":false,"eco":false,"enrichments":[],"name":"Moderate"}],"viewMode":{"reseller":"default"},"type":"radio","optionsInSummary":[],"parentOptions":[]},{"slug":"material","title":"Support","locked":false,"options":[{"slug":"150gr_silk_mc","name":"Couché demi-mat (silk) 150 g/m²","nullable":false,"eco":false,"enrichments":[{"propertySlug":"color","optionSlug":"#ffffff"},{"propertySlug":"thickening","optionSlug":"0.92"},{"propertySlug":"thickness","optionSlug":"0.125"}]}],"viewMode":{"reseller":"default"},"type":"radio","optionsInSummary":[],"parentOptions":[]}],"maxDesigns":4,"bleed":15,"hsCode":"4911100000","isAvailableInUserRegion":true,"hasAccessories":false,"accessoryExcludes":[],"propertyGroups":[{"slug":"5a0bef40-7b26-11ef-bbb1-9120d3b36bd5","columnWidth":{"reseller":"summary"},"columnHeight":{},"properties":["summary_image"]},{"slug":"samplebox-zwtdkizw","columnWidth":{"reseller":"samplebox"},"columnHeight":{},"properties":["samplebox_mail_cards_envelops","samplebox_print","samplebox_signing","samplebox_rigid","samplebox_set_inspire","samplebox_set_all_boxes","samplebox_cover","language"],"title":"Configuration"},{"slug":"samplebox-rtxdkwze","columnWidth":{"reseller":"hidden"},"properties":["copies","printingmethod","printtype","size","fold","urgency","material"],"title":"Hidden"}],"excludes":[[{"property":"language","options":["lookbook_en"]},{"property":"samplebox_mail_cards_envelops","options":["1"]}],[{"property":"language","options":["lookbook_en"]},{"options":["1"],"property":"samplebox_rigid"}],[{"property":"language","options":["lookbook_en"]},{"property":"samplebox_set_all_boxes","options":["1"]}]],"warnings":[]}