{"sku":"sign-holder","active":true,"titleSingle":"Présentoir de table","titlePlural":"Présentoirs de table","createdAt":"2024-04-03T12:31:02.574Z","updatedAt":"2024-04-30T12:33:07.707Z","introductionDate":"2024-04-03T12:31:02.574Z","properties":[{"slug":"summary_image","title":"summary image","locked":false,"options":[{"slug":"sign-holder","nullable":false,"eco":false,"enrichments":[],"name":"sign-holder"}],"viewMode":{"reseller":"default"},"type":"checkbox","optionsInSummary":[],"parentOptions":[]},{"slug":"material","title":"Support","locked":false,"options":[{"slug":"acrylate","name":"Plexiglas","nullable":false,"eco":false,"enrichments":[]}],"viewMode":{"reseller":"default"},"type":"radio","optionsInSummary":[],"parentOptions":[]},{"slug":"sign_holder_type","title":"Type","locked":false,"options":[{"slug":"budget_l","name":"Budget L","nullable":false,"eco":false,"enrichments":[]},{"slug":"budget_t","name":"Budget T","nullable":false,"eco":false,"enrichments":[]},{"slug":"luxe_magnetic","name":"Luxe magnetic","nullable":false,"eco":false,"enrichments":[]}],"viewMode":{"reseller":"default"},"type":"radio","optionsInSummary":["budget_l","budget_t","luxe_magnetic"],"parentOptions":[]},{"slug":"size","title":"Format (largeur x hauteur)","locked":false,"options":[{"slug":"a4","name":"A4 - 210 x 297 mm","nullable":false,"width":"210","height":"297"},{"slug":"a5","name":"A5 - 148 x 210 mm","nullable":false,"width":"148","height":"210"},{"slug":"a6","name":"A6 - 105 x 148 mm","nullable":false,"width":"105","height":"148"}],"viewMode":{"reseller":"default"},"type":"radio","optionsInSummary":[],"parentOptions":[]},{"slug":"copies","title":"Quantité","locked":false,"options":[],"viewMode":{"reseller":"copies"},"optionsInSummary":[],"rangeSets":[{"options":[{"max":5000,"steps":1,"min":1}],"summary":[1,2,3,4,5,10],"printingmethod":"raw_material"}],"parentOptions":[]},{"slug":"printtype","title":"Impression","locked":false,"options":[{"slug":"00","name":"Non imprimé","nullable":false,"eco":false,"pages":[{"numberOfColors":1,"colorspace":"indexed"}],"enrichments":[]}],"viewMode":{"reseller":"default"},"type":"radio","optionsInSummary":[],"parentOptions":[]},{"slug":"printingmethod","title":"Méthode d'impression","locked":false,"options":[{"slug":"raw_material","name":"Sans impression","nullable":false,"eco":false,"enrichments":[]}],"viewMode":{"reseller":"default"},"type":"radio","optionsInSummary":[],"parentOptions":[]},{"slug":"urgency","title":"Urgence","locked":false,"options":[{"slug":"standard","name":"Standard","nullable":false,"eco":false,"enrichments":[]}],"viewMode":{"reseller":"default"},"type":"radio","optionsInSummary":[],"parentOptions":[]},{"slug":"article_number","title":"Numéro d'article","locked":false,"options":[{"slug":"351015","nullable":false,"eco":false,"enrichments":[],"name":"351015"},{"slug":"351016","nullable":false,"eco":false,"enrichments":[],"name":"351016"},{"slug":"351017","nullable":false,"eco":false,"enrichments":[],"name":"351017"},{"slug":"351000","nullable":false,"eco":false,"enrichments":[],"name":"351000"},{"slug":"351001","nullable":false,"eco":false,"enrichments":[],"name":"351001"},{"slug":"351005","nullable":false,"eco":false,"enrichments":[],"name":"351005"},{"slug":"351006","nullable":false,"eco":false,"enrichments":[],"name":"351006"}],"viewMode":{"reseller":"default"},"type":"radio","optionsInSummary":[],"parentOptions":[]}],"maxDesigns":1,"hsCode":"4911990000","isAvailableInUserRegion":true,"hasAccessories":false,"accessoryExcludes":[],"propertyGroups":[{"slug":"658e5ca0-02cb-11ef-aa31-35915ef2394d","columnWidth":{"reseller":"summary"},"columnHeight":{},"properties":["summary_image","material"]},{"slug":"658e5ca1-02cb-11ef-aa31-35915ef2394d","columnWidth":{"reseller":"third"},"columnHeight":{},"properties":["sign_holder_type","size"]},{"slug":"658e5ca2-02cb-11ef-aa31-35915ef2394d","columnWidth":{"reseller":"third"},"properties":["copies"]},{"slug":"658e83b0-02cb-11ef-aa31-35915ef2394d","columnWidth":{"reseller":"hidden"},"columnHeight":{},"properties":["printtype","printingmethod","urgency","article_number"],"title":"hidden"}],"excludes":[[{"property":"sign_holder_type","options":["budget_l","budget_t"]},{"property":"size","options":["a6"]}],[{"property":"size","options":["a6"]},{"property":"sign_holder_type","options":["budget_l","budget_t"]}]],"warnings":[]}