{"sku":"single-folder-displays","active":true,"titleSingle":"Présentoir pour document ou brochure","titlePlural":"Présentoirs pour document ou brochure","createdAt":"2023-09-21T12:15:58.056Z","updatedAt":"2024-02-14T10:50:17.433Z","introductionDate":"2023-09-21T12:15:58.056Z","properties":[{"slug":"summary_image","title":"summary image","locked":false,"options":[{"slug":"single_folder_display","nullable":true,"eco":false,"enrichments":[],"name":"Single folder display"}],"viewMode":{"reseller":"default"},"type":"checkbox","optionsInSummary":["single_folder_display"],"parentOptions":[]},{"slug":"size","title":"Adapté au format","locked":false,"options":[{"slug":"a4","name":"A4 - 210 x 297 mm","nullable":false,"width":"210","height":"297"},{"slug":"a4_landscape","name":"A4 paysage - 297 x 210 mm","nullable":false,"width":297,"height":210}],"viewMode":{"reseller":"default"},"type":"radio","optionsInSummary":["a4","a4_landscape"],"parentOptions":[]},{"slug":"material","title":"Matériau du support","locked":false,"options":[{"slug":"anodized_aluminum","name":"Aluminum anodisé","nullable":false,"eco":false,"enrichments":[]}],"viewMode":{"reseller":"default"},"type":"radio","optionsInSummary":["anodized_aluminum"],"parentOptions":[]},{"slug":"copies","title":"Quantité","locked":false,"options":[],"viewMode":{"reseller":"copies"},"optionsInSummary":[],"copiesInSummary":{},"rangeSets":[{"options":[{"max":100,"steps":1,"min":1}],"summary":[1,2,3,4,5,10,15],"printingmethod":"raw_material"}],"copyLimit":{},"parentOptions":[]},{"slug":"printtype","title":"Impression","locked":false,"options":[{"slug":"00","name":"Non imprimé","nullable":false,"eco":false,"pages":[{"numberOfColors":1,"colorspace":"indexed"}],"enrichments":[]}],"viewMode":{"reseller":"default"},"type":"radio","optionsInSummary":["00"],"parentOptions":[]},{"slug":"printingmethod","title":"Méthode d'impression","locked":false,"options":[{"slug":"raw_material","name":"Sans impression","nullable":false,"eco":false,"enrichments":[]}],"viewMode":{"reseller":"default"},"type":"radio","optionsInSummary":["raw_material"],"parentOptions":[]},{"slug":"urgency","title":"Urgence","locked":false,"options":[{"slug":"standard","name":"Standard","nullable":false,"eco":false,"enrichments":[]},{"slug":"urgent","name":"Urgent","nullable":false,"eco":false,"enrichments":[]},{"slug":"quick","name":"Rapide","nullable":false,"eco":false,"enrichments":[]}],"viewMode":{"reseller":"default"},"type":"radio","optionsInSummary":["standard","urgent","quick"],"parentOptions":[]},{"slug":"article_number","title":"Numéro d'article","locked":false,"options":[{"slug":"9070-a4","nullable":false,"eco":false,"enrichments":[],"name":"9070-A4"},{"slug":"9075-a4","nullable":false,"eco":false,"enrichments":[],"name":"9075-A4"}],"viewMode":{"reseller":"default"},"type":"radio","optionsInSummary":[],"parentOptions":[]}],"maxDesigns":1,"hsCode":"4911100000","isAvailableInUserRegion":true,"hasAccessories":false,"accessoryExcludes":[],"propertyGroups":[{"slug":"single-folder-displays-vxiqlqmy","columnWidth":{"reseller":"summary"},"columnHeight":{},"properties":["summary_image"]},{"slug":"single-folder-displays-jvdsbjcn","columnWidth":{"reseller":"third"},"properties":["size","material"]},{"slug":"single-folder-displays-ugkujpnp","columnWidth":{"reseller":"third"},"properties":["copies"]},{"slug":"single-folder-displays-swemvopv","columnWidth":{"reseller":"hidden"},"columnHeight":{},"properties":["printtype","printingmethod","urgency","article_number"]}],"excludes":[],"warnings":[]}