{"sku":"skydancer-blower-cover","active":true,"titleSingle":"Couvercle du ventilateur Sky Dancer","titlePlural":"Couvertures de ventilateurs Sky Dancer","createdAt":"2023-10-12T11:16:40.447Z","updatedAt":"2024-05-30T08:04:02.244Z","introductionDate":"2023-10-12T11:16:40.447Z","properties":[{"slug":"summary_image","title":"summary image","locked":false,"options":[{"slug":"skydancer-blower-cover","nullable":true,"eco":false,"enrichments":[],"name":"skydancer-blower-cover"}],"viewMode":{"reseller":"default"},"type":"checkbox","optionsInSummary":[],"parentOptions":[]},{"slug":"copies","title":"Quantité","locked":false,"options":[],"viewMode":{"reseller":"copies"},"optionsInSummary":[],"copiesInSummary":{},"rangeSets":[{"options":[{"max":30,"steps":1,"min":0}],"summary":[1,2,3,4,5],"printingmethod":"raw_material"}],"copyLimit":{},"parentOptions":[]},{"slug":"printtype","title":"Impression","locked":false,"options":[{"slug":"00","name":"Non imprimé","nullable":false,"eco":false,"pages":[{"numberOfColors":1,"colorspace":"indexed"}],"enrichments":[]}],"viewMode":{"reseller":"default"},"type":"radio","optionsInSummary":[],"parentOptions":[]},{"slug":"printingmethod","title":"Méthode d'impression","locked":false,"options":[{"slug":"raw_material","name":"Sans impression","nullable":false,"eco":false,"enrichments":[]}],"viewMode":{"reseller":"default"},"type":"radio","optionsInSummary":[],"parentOptions":[]},{"slug":"urgency","title":"Urgence","locked":false,"options":[{"slug":"standard","name":"Standard","nullable":false,"eco":false,"enrichments":[]},{"slug":"moderate","nullable":false,"eco":false,"enrichments":[],"name":"Moderate"},{"slug":"quick","name":"Rapide","nullable":false,"eco":false,"enrichments":[]},{"slug":"urgent","name":"Urgent","nullable":false,"eco":false,"enrichments":[]}],"viewMode":{"reseller":"default"},"type":"radio","optionsInSummary":[],"parentOptions":[]},{"slug":"material","title":"Support","locked":false,"options":[{"slug":"accessories","name":"Accessoires","nullable":false,"eco":false,"enrichments":[]}],"viewMode":{"reseller":"default"},"type":"radio","optionsInSummary":[],"parentOptions":[]},{"slug":"size","title":"Format (largeur x hauteur)","locked":false,"options":[{"slug":"accessories","name":"Accessories","nullable":false,"width":1,"height":1}],"viewMode":{"reseller":"default"},"type":"radio","optionsInSummary":[],"parentOptions":[]},{"slug":"blower_cover","title":"Housse du ventilateur","locked":false,"options":[{"slug":"cover","name":"Avec housse du ventilateur","nullable":false,"eco":false,"enrichments":[]}],"viewMode":{"reseller":"default"},"type":"radio","optionsInSummary":[],"parentOptions":[]}],"maxDesigns":1,"hsCode":"9506996000","isAvailableInUserRegion":true,"hasAccessories":false,"accessoryExcludes":[],"propertyGroups":[{"slug":"skydancer-blower-cover-enpexttl","columnWidth":{"reseller":"summary"},"columnHeight":{},"properties":["summary_image"]},{"slug":"skydancer-blower-cover-hfkndjrp","columnWidth":{"reseller":"two-columns"},"columnHeight":{},"properties":["copies"]},{"slug":"skydancer-blower-cover-lvcikdxv","columnWidth":{"reseller":"hidden"},"columnHeight":{},"properties":["printtype","printingmethod","urgency","material","size","blower_cover"]}],"excludes":[],"warnings":[]}