{"sku":"skydancer-blower","active":true,"titleSingle":"Soufflerie pour skydancer","titlePlural":"Souffleries pour skydancers","createdAt":"2023-10-13T11:59:44.800Z","updatedAt":"2025-07-04T12:15:19.393Z","introductionDate":"2023-10-13T11:59:44.800Z","properties":[{"slug":"summary_image","title":"summary image","locked":false,"options":[{"slug":"skydancer-blower","nullable":true,"eco":false,"enrichments":[],"name":"skydancer-blower"}],"viewMode":{"reseller":"default"},"type":"checkbox","optionsInSummary":[],"parentOptions":[],"required":false},{"slug":"size","title":"Format","locked":false,"options":[{"slug":"45_cm_round","name":"Ø 45 cm","nullable":false,"width":450,"height":450}],"viewMode":{"reseller":"default"},"type":"radio","optionsInSummary":["45_cm_round"],"parentOptions":[],"required":true},{"slug":"copies","title":"Quantité","locked":false,"options":[],"viewMode":{"reseller":"copies"},"optionsInSummary":[],"copiesInSummary":{},"rangeSets":[{"options":[{"max":500,"steps":1,"min":1}],"summary":[1,2,3,4,5],"printingmethod":"raw_material"}],"copyLimit":{},"parentOptions":[],"required":true},{"slug":"printtype","title":"Impression","locked":false,"options":[{"slug":"00","name":"Non imprimé","nullable":false,"eco":false,"pages":[{"numberOfColors":1,"colorspace":"indexed"}],"enrichments":[]}],"viewMode":{"reseller":"default"},"type":"radio","optionsInSummary":[],"parentOptions":[],"required":true},{"slug":"printingmethod","title":"Méthode d'impression","locked":false,"options":[{"slug":"raw_material","name":"Sans impression","nullable":false,"eco":false,"enrichments":[]}],"viewMode":{"reseller":"default"},"type":"radio","optionsInSummary":[],"parentOptions":[],"required":true},{"slug":"urgency","title":"Urgence","locked":false,"options":[{"slug":"standard","name":"Standard","nullable":false,"eco":false,"enrichments":[]},{"slug":"moderate","nullable":false,"eco":false,"enrichments":[],"name":"Moderate"},{"slug":"quick","name":"Rapide","nullable":false,"eco":false,"enrichments":[]},{"slug":"urgent","name":"Urgent","nullable":false,"eco":false,"enrichments":[]}],"viewMode":{"reseller":"default"},"type":"radio","optionsInSummary":[],"parentOptions":[],"required":true},{"slug":"material","title":"Support","locked":false,"options":[{"slug":"accessories","name":"Accessoires","nullable":false,"eco":false,"enrichments":[]}],"viewMode":{"reseller":"default"},"type":"radio","optionsInSummary":[],"parentOptions":[],"required":true},{"slug":"blower","title":"Soufflerie","locked":false,"options":[{"slug":"blower","name":"Avec souffleur","nullable":false,"eco":false,"enrichments":[]}],"viewMode":{"reseller":"default"},"type":"radio","optionsInSummary":[],"parentOptions":[],"required":true}],"maxDesigns":1,"hsCode":"9505900000","isAvailableInUserRegion":true,"hasAccessories":true,"accessoryExcludes":[],"category":["outdoor-advertising"],"flexibleprintingmethod":false,"propertyGroups":[{"slug":"skydancer-blower-qgxtfppz","columnWidth":{"reseller":"summary"},"columnHeight":{},"properties":["summary_image","size"]},{"slug":"skydancer-blower-cxzozebb","columnWidth":{"reseller":"two-columns"},"columnHeight":{},"properties":["copies"]},{"slug":"skydancer-blower-azrrluxt","columnWidth":{"reseller":"hidden"},"columnHeight":{},"properties":["printtype","printingmethod","urgency","material","blower"]}],"excludes":[],"warnings":[]}