{"sku":"snap-frames-led","active":true,"titleSingle":"Cadre porte-affiche LED","titlePlural":"Cadres porte-affiche LED","createdAt":"2024-02-06T13:52:04.911Z","updatedAt":"2024-12-02T08:39:50.018Z","introductionDate":"2024-02-06T13:52:04.911Z","properties":[{"slug":"summary_image","title":"summary image","locked":false,"options":[{"slug":"snap-frames-led","nullable":true,"eco":false,"enrichments":[],"name":" snap-frames-led"}],"viewMode":{"reseller":"default"},"type":"checkbox","optionsInSummary":[],"parentOptions":[]},{"slug":"size","title":"Format (largeur x hauteur)","locked":false,"options":[{"slug":"a0","name":"A0 - 840 x 1189 mm","nullable":false,"width":"840","height":"1189"},{"slug":"a1","name":"A1 - 594 x 840 mm","nullable":false,"width":"594","height":"840"},{"slug":"a2","name":"A2 - 420 x 594 mm","nullable":false,"width":"420","height":"594"},{"slug":"a3","name":"A3 - 297 x 420 mm","nullable":false,"width":297,"height":420},{"slug":"a4","name":"A4 - 210 x 297 mm","nullable":false,"width":"210","height":"297"},{"slug":"500_x_700_mm","name":"500 x 700 mm","nullable":false,"width":500,"height":700},{"slug":"700_x_1000_mm","nullable":false,"eco":false,"width":700,"height":1000,"enrichments":[],"name":"700 x 1000 mm"}],"viewMode":{"reseller":"default"},"type":"radio","optionsInSummary":[],"parentOptions":[]},{"slug":"copies","title":"Quantité","locked":false,"options":[{"slug":1,"nullable":false,"type":"raw_material"},{"slug":2,"nullable":false,"type":"raw_material"},{"slug":3,"nullable":false,"type":"raw_material"},{"slug":4,"nullable":false,"type":"raw_material"},{"slug":5,"nullable":false,"type":"raw_material"},{"slug":10,"nullable":false,"type":"raw_material"}],"viewMode":{"reseller":"copies"},"optionsInSummary":[],"rangeSets":[{"summary":[1,2,3,4,5,10],"options":[{"max":100000,"steps":1,"min":1}],"printingmethod":"raw_material"}],"parentOptions":[]},{"slug":"printtype","title":"Impression","locked":false,"options":[{"slug":"00","name":"Non imprimé","nullable":false,"eco":false,"pages":[{"numberOfColors":1,"colorspace":"indexed"}],"enrichments":[]}],"viewMode":{"reseller":"default"},"type":"radio","optionsInSummary":[],"parentOptions":[]},{"slug":"printingmethod","title":"Méthode d'impression","locked":false,"options":[{"slug":"raw_material","name":"Sans impression","nullable":false,"eco":false,"enrichments":[]}],"viewMode":{"reseller":"default"},"type":"radio","optionsInSummary":[],"parentOptions":[]},{"slug":"urgency","title":"Urgence","locked":false,"options":[{"slug":"standard","name":"Standard","nullable":false,"eco":false,"enrichments":[]}],"viewMode":{"reseller":"default"},"type":"radio","optionsInSummary":["standard"],"parentOptions":[]},{"slug":"material","title":"Support","locked":false,"options":[{"slug":"2000gr_anodized_aluminium","name":"Aluminium anodisé","nullable":false,"eco":false,"enrichments":[]}],"viewMode":{"reseller":"default"},"type":"radio","optionsInSummary":[],"parentOptions":[]},{"slug":"article_number","title":"Numéro d'article","locked":false,"options":[{"slug":"pleda0g30","nullable":false,"eco":false,"enrichments":[{"propertySlug":"weightpercopy","optionSlug":"8900"}],"name":"PLEDA0G30"},{"slug":"pleda1g30","nullable":false,"eco":false,"enrichments":[{"propertySlug":"weightpercopy","optionSlug":"5500"}],"name":"PLEDA1G30"},{"slug":"pleda2g30","nullable":false,"eco":false,"enrichments":[{"propertySlug":"weightpercopy","optionSlug":"3300"}],"name":"PLEDA2G30"},{"slug":"pleda3g30","nullable":false,"eco":false,"enrichments":[{"propertySlug":"weightpercopy","optionSlug":"2000"}],"name":"PLEDA3G30"},{"slug":"pleda4g30","nullable":false,"eco":false,"enrichments":[{"propertySlug":"weightpercopy","optionSlug":"1300"}],"name":"PLEDA4G30"},{"slug":"pled50x70g30","nullable":false,"eco":false,"enrichments":[{"propertySlug":"weightpercopy","optionSlug":"4200"}],"name":"PLED50x70G30"},{"slug":"pled70x100g30","nullable":false,"eco":false,"enrichments":[{"propertySlug":"weightpercopy","optionSlug":"7200"}],"name":"PLED70x100G30"},{"slug":"pled100x140g30","nullable":false,"eco":false,"enrichments":[],"name":"PLED100x140G30"}],"viewMode":{"reseller":"default"},"type":"radio","optionsInSummary":[],"parentOptions":[]}],"maxDesigns":1,"hsCode":"3926909700","isAvailableInUserRegion":true,"hasAccessories":false,"accessoryExcludes":[],"propertyGroups":[{"slug":"snap-frames-led-lybnoxam","columnWidth":{"reseller":"summary"},"columnHeight":{},"properties":["summary_image"]},{"slug":"snap-frames-led-qqbnrbzt","columnWidth":{"reseller":"third"},"properties":["size"]},{"slug":"snap-frames-led-kcwwcwmp","columnWidth":{"reseller":"third"},"properties":["copies"]},{"slug":"snap-frames-led-yapsxewf","columnWidth":{"reseller":"hidden"},"columnHeight":{},"properties":["printtype","printingmethod","urgency","material","article_number"]}],"excludes":[],"warnings":[]}