{"sku":"spacers","active":true,"titleSingle":"Entretoise","titlePlural":"Entretoises","createdAt":"2024-02-14T10:49:55.540Z","updatedAt":"2024-09-30T14:53:12.732Z","introductionDate":"2024-02-14T10:49:55.540Z","properties":[{"slug":"summary_image","title":"summary image","locked":false,"options":[{"slug":"spacers","nullable":true,"eco":false,"enrichments":[],"name":"Spacers"}],"viewMode":{"reseller":"default"},"type":"checkbox","optionsInSummary":[],"parentOptions":[]},{"slug":"usage","title":"Utilisation","locked":false,"options":[{"slug":"inside","name":"Intérieur","nullable":false,"eco":false,"enrichments":[]},{"slug":"outside","name":"Extérieur","nullable":false,"eco":false,"enrichments":[]}],"viewMode":{"reseller":"default"},"type":"radio","optionsInSummary":[],"parentOptions":[]},{"slug":"sign_mount","title":"Entretoises","locked":false,"options":[{"slug":"spacers_silver_29","name":"Entretoises standards (set de 4)","nullable":false,"eco":false,"enrichments":[]},{"slug":"spacers_silver_02","name":"Entretoises inox (set de 4)","nullable":false,"eco":false,"enrichments":[]},{"slug":"spacers_black_48","name":"Entretoises noires (set de 4)","nullable":false,"eco":false,"enrichments":[]},{"slug":"spacers_side_silver_72","name":"Entretoises latérales sans percage standards (set de 4)","nullable":false,"eco":false,"enrichments":[]},{"slug":"spacers_side_silver_74","name":"Entretoises latérales sans percage inox (set de 4)","nullable":false,"eco":false,"enrichments":[]},{"slug":"spacers_side_black_73","name":"Entretoises latérales sans percage noires (set de 4)","nullable":false,"eco":false,"enrichments":[]}],"viewMode":{"reseller":"default"},"type":"radio","optionsInSummary":[],"parentOptions":[]},{"slug":"copies","title":"Quantité","locked":false,"options":[],"viewMode":{"reseller":"copies"},"optionsInSummary":[],"copiesInSummary":{},"rangeSets":[{"options":[{"max":500,"steps":1,"min":1}],"summary":[1,2,3,4,5,6,7,8,9,10],"printingmethod":"raw_material"}],"copyLimit":{},"parentOptions":[]},{"slug":"printingmethod","title":"Méthode d'impression","locked":false,"options":[{"slug":"raw_material","name":"Sans impression","nullable":false,"eco":false,"enrichments":[]}],"viewMode":{"reseller":"default"},"type":"radio","optionsInSummary":[],"parentOptions":[]},{"slug":"printtype","title":"Impression","locked":false,"options":[{"slug":"00","name":"Non imprimé","nullable":false,"eco":false,"pages":[{"numberOfColors":1,"colorspace":"indexed"}],"enrichments":[]}],"viewMode":{"reseller":"default"},"type":"radio","optionsInSummary":[],"parentOptions":[]},{"slug":"urgency","title":"Urgence","locked":false,"options":[{"slug":"moderate","nullable":false,"eco":false,"enrichments":[],"name":"Moderate"},{"slug":"quick","name":"Rapide","nullable":false,"eco":false,"enrichments":[]},{"slug":"standard","name":"Standard","nullable":false,"eco":false,"enrichments":[]},{"slug":"urgent","name":"Urgent","nullable":false,"eco":false,"enrichments":[]}],"viewMode":{"reseller":"default"},"type":"radio","optionsInSummary":[],"parentOptions":[]},{"slug":"size","title":"Format (largeur x hauteur)","locked":false,"options":[{"slug":"accessories","name":"Accessories","nullable":false,"width":1,"height":1}],"viewMode":{"reseller":"default"},"type":"radio","optionsInSummary":[],"parentOptions":[]},{"slug":"material","title":"Support","locked":false,"options":[{"slug":"accessories","name":"Accessoires","nullable":false,"eco":false,"enrichments":[]}],"viewMode":{"reseller":"default"},"type":"radio","optionsInSummary":[],"parentOptions":[]}],"maxDesigns":1,"hsCode":"7318159000","isAvailableInUserRegion":true,"hasAccessories":false,"accessoryExcludes":[],"propertyGroups":[{"slug":"spacers-jsnuzfcy","columnWidth":{"reseller":"summary-2h"},"columnHeight":{},"properties":["summary_image"]},{"slug":"spacers-ihwtpviq","columnWidth":{"reseller":"third"},"columnHeight":{"reseller":"2block"},"properties":["usage","sign_mount"]},{"slug":"spacers-ibrvcyzg","columnWidth":{"reseller":"third"},"columnHeight":{"reseller":"2block"},"properties":["copies"]},{"slug":"spacers-wuezaaep","columnWidth":{"reseller":"hidden"},"columnHeight":{},"properties":["printingmethod","printtype","urgency","size","material"]}],"excludes":[[{"property":"sign_mount","options":["spacers_silver_29"]},{"options":["outside"],"property":"usage"}]],"warnings":[]}