{"sku":"squeegee-felt-strip","active":true,"titleSingle":"Raclette avec bord feutre","titlePlural":"Raclettes avec bord feutre","createdAt":"2024-02-14T10:50:20.736Z","updatedAt":"2024-02-14T10:50:20.736Z","introductionDate":"2024-02-14T10:50:20.736Z","properties":[{"slug":"summary_image","locked":false,"options":[{"slug":"squeegee_plastic_and_vilt","name":"squeegee_plastic_and_vilt","nullable":true,"eco":false,"enrichments":[]}],"viewMode":{"reseller":"icons"},"type":"checkbox","optionsInSummary":[],"parentOptions":[],"title":"summary_image"},{"slug":"size","title":"Format (largeur x hauteur)","locked":false,"options":[{"slug":"squeegee","name":"10 x 7 cm","nullable":false,"width":100,"height":70}],"viewMode":{"reseller":"default"},"type":"radio","optionsInSummary":[],"parentOptions":[]},{"slug":"material","title":"Support","locked":false,"options":[{"slug":"200gr_plastic_and_vilt","name":"Plastique avec bord en feutre","nullable":false,"eco":false,"enrichments":[]}],"viewMode":{"reseller":"default"},"type":"radio","optionsInSummary":[],"parentOptions":[]},{"slug":"copies","title":"Quantité","locked":false,"options":[],"viewMode":{"reseller":"copies"},"optionsInSummary":[],"copiesInSummary":{},"rangeSets":[{"summary":[1,2,3,4,5],"options":[{"max":100,"steps":1,"min":0}],"printingmethod":"raw_material"}],"copyLimit":{},"parentOptions":[]},{"slug":"accessories","title":"Accessoires","locked":false,"options":[{"slug":"squeegee_plastic_and_vilt","name":"Raclette feutrine","nullable":false,"eco":false,"enrichments":[]}],"viewMode":{"reseller":"icons"},"type":"radio","optionsInSummary":[],"parentOptions":[]},{"slug":"printingmethod","title":"Méthode d'impression","locked":false,"options":[{"slug":"raw_material","name":"Sans impression","nullable":false,"eco":false,"enrichments":[]}],"viewMode":{"reseller":"default"},"type":"radio","optionsInSummary":[],"parentOptions":[]},{"slug":"printtype","title":"Impression","locked":false,"options":[{"slug":"00","name":"Non imprimé","nullable":false,"eco":false,"pages":[{"numberOfColors":1,"colorspace":"indexed"}],"enrichments":[]}],"viewMode":{"reseller":"default"},"type":"radio","optionsInSummary":[],"parentOptions":[]},{"slug":"urgency","title":"Urgence","locked":false,"options":[{"slug":"standard","name":"Standard","nullable":false,"eco":false,"enrichments":[]},{"slug":"quick","name":"Rapide","nullable":false,"eco":false,"enrichments":[]},{"slug":"urgent","name":"Urgent","nullable":false,"eco":false,"enrichments":[]},{"slug":"moderate","nullable":false,"eco":false,"enrichments":[],"name":"Moderate"}],"viewMode":{"reseller":"default"},"type":"radio","optionsInSummary":[],"parentOptions":[]}],"maxDesigns":1,"hsCode":"9603300000","isAvailableInUserRegion":true,"hasAccessories":false,"accessoryExcludes":[],"propertyGroups":[{"slug":"squeegee-felt-strip-bnkcjlye","columnWidth":{"reseller":"summary"},"properties":["summary_image","size","material"],"title":"Type"},{"slug":"squeegee-felt-strip-cwwhnjsk","columnWidth":{"reseller":"two-columns"},"properties":["copies"],"title":"Amount"},{"slug":"squeegee-felt-strip-xtauiflh","columnWidth":{"reseller":"hidden"},"properties":["accessories","printingmethod","printtype","urgency"],"title":"Hidden"}],"excludes":[]}