{"sku":"stamps","active":true,"titleSingle":"Tampon","titlePlural":"Tampons","createdAt":"2024-01-04T12:57:06.432Z","updatedAt":"2024-07-11T10:36:47.530Z","properties":[{"slug":"stamp_types","title":"Type de tampon","locked":false,"options":[{"slug":"colop_printer","name":"Colop printer rouge (plastique)","nullable":false,"eco":false,"enrichments":[]},{"slug":"colop_printer_green","name":"Colop printer green line (plastique recyclé)","nullable":false,"eco":false,"enrichments":[]},{"slug":"colop_printer_microban","name":"Colop printer microban (anti-bactéries)","nullable":false,"eco":false,"enrichments":[]},{"slug":"colop_classic","name":"Colop classic (plastique & métal)","nullable":false,"eco":false,"enrichments":[]},{"slug":"colop_classic_green","name":"Colop classic green line (plastique recyclé & métal)","nullable":false,"eco":false,"enrichments":[]},{"slug":"colop_expert","name":"Colop expert (métal)","nullable":false,"eco":false,"enrichments":[]},{"slug":"colop_printer_black","name":"Colop printer noir (plastique)","nullable":false,"eco":false,"enrichments":[]},{"slug":"colop_eos","name":"Colop EOS (grand nombre de tamponnages)","nullable":false,"eco":false,"enrichments":[]},{"slug":"trodat_printy","name":"Trodat printy noir (plastique)","nullable":false,"eco":false,"enrichments":[]},{"slug":"trodat_printy_red","name":"Trodat printy rood (plastique)","nullable":false,"eco":false,"enrichments":[]},{"slug":"trodat_profesional","name":"Trodat profesional (plastique & métal)","nullable":false,"eco":false,"enrichments":[]}],"viewMode":{"reseller":"icons"},"type":"radio","optionsInSummary":[],"parentOptions":[]},{"slug":"size","title":"Format (largeur x hauteur)","locked":false,"options":[{"slug":"15_x_6_mm","name":"15 x 6 mm - Colop printer 5","nullable":false,"width":15,"height":6,"parent":"colop_printer"},{"slug":"27_x_10_mm_colop","name":"27 x 10 mm - Colop printer 10","nullable":false,"width":"27","height":"10","parent":"colop_printer"},{"slug":"69_x_10_mm","name":"69 x 10 mm - Colop printer 15","nullable":false,"width":69,"height":10,"parent":"colop_printer"},{"slug":"38_x_14_mm_colop","name":"38 x 14 mm - Colop printer 20","nullable":false,"width":38,"height":14,"parent":"colop_printer"},{"slug":"75_x_15_mm_colop","name":"75 x 15 mm - Colop printer 25","nullable":false,"width":75,"height":15,"parent":"colop_printer"},{"slug":"47_x_18_mm_colop","name":"47 x 18 mm - Colop printer 30","nullable":false,"width":47,"height":18,"parent":"colop_printer"},{"slug":"50_x_30_mm_colop","name":"50 x 30 mm - Colop printer 35 / 35D","nullable":false,"width":50,"height":30,"parent":"colop_printer"},{"slug":"56_x_33_mm_colop","name":"56 x 33 mm - Colop printer 38 / 38D","nullable":false,"width":56,"height":33,"parent":"colop_printer"},{"slug":"58_x_22_mm_colop","name":"58 x 22 mm - Colop printer 40","nullable":false,"width":58,"height":22,"parent":"colop_printer"},{"slug":"82_x_25_mm_colop","name":"82 x 25 mm - Colop printer 45","nullable":false,"width":82,"height":25,"parent":"colop_printer"},{"slug":"69_x_30_mm","name":"69 x 30 mm - Colop printer 50","nullable":false,"width":69,"height":30,"parent":"colop_printer"},{"slug":"30_x_20_mm","name":"30 x 20 mm - Colop printer 52","nullable":false,"width":30,"height":20,"parent":"colop_printer"},{"slug":"45_x_30_mm","name":"45 x 30 mm - Colop printer 53 / 53D","nullable":false,"width":45,"height":30,"parent":"colop_printer"},{"slug":"50_x_40_mm","name":"50 x 40 mm - Colop printer 54 / 54D","nullable":false,"width":50,"height":40,"parent":"colop_printer"},{"slug":"60_x_40_mm_colop","name":"60 x 40 mm - Colop printer 55","nullable":false,"width":60,"height":40,"parent":"colop_printer"},{"slug":"76_x_37_mm","name":"76 x 37 mm - Colop printer 60","nullable":false,"width":76,"height":37,"parent":"colop_printer"},{"slug":"12_x_12_mm_colop","name":"12 x 12 mm - Colop printer Q12","nullable":false,"width":12,"height":12,"parent":"colop_printer"},{"slug":"17_x_17_mm","name":"17 x 17 mm - Colop printer Q17","nullable":false,"width":17,"height":17,"parent":"colop_printer"},{"slug":"20_x_20_mm_colop","name":"20 x 20 mm - Colop printer Q20","nullable":false,"width":20,"height":20,"parent":"colop_printer"},{"slug":"24_x_24_mm","name":"24 x 24 mm - Colop printer Q24","nullable":false,"width":24,"height":24,"parent":"colop_printer"},{"slug":"30_x_30_mm_colop","name":"30 x 30 mm - Colop printer Q30","nullable":false,"width":"30","height":30,"parent":"colop_printer"},{"slug":"43_x_43_mm","name":"43 x 43 mm - Colop printer Q43","nullable":false,"width":43,"height":43,"parent":"colop_printer"},{"slug":"12_mm_circle","name":"12 mm de diamètre - Colop printer R12","nullable":false,"width":12,"height":12,"parent":"colop_printer"},{"slug":"17_mm_circle","name":"17 mm de diamètre - Colop printer R17","nullable":false,"width":17,"height":17,"parent":"colop_printer"},{"slug":"24_mm_circle","name":"24 mm de diamètre - Colop printer R24","nullable":false,"width":24,"height":24,"parent":"colop_printer"},{"slug":"30_mm_circle_colop","name":"30 mm de diamètre - Colop printer R30","nullable":false,"width":30,"height":30,"parent":"colop_printer"},{"slug":"40_mm_circle","name":"40 mm de diamètre - Colop printer R40","nullable":false,"width":40,"height":40,"parent":"colop_printer"},{"slug":"45_mm_circle_colop","name":"45 mm de diamètre - Colop printer R45","nullable":false,"width":45,"height":45,"parent":"colop_printer"},{"slug":"50_mm_circle_colop","name":"50 mm de diamètre - Colop printer R50","nullable":false,"width":50,"height":50,"parent":"colop_printer"},{"slug":"26_x_9_mm","name":"26 x 9 mm - Trodat printy 4910","nullable":false,"width":26,"height":9,"parent":"trodat_printy"},{"slug":"38_x_14_mm","name":"38 x 14 mm - Trodat printy 4911","nullable":false,"width":38,"height":14,"parent":"trodat_printy"},{"slug":"47_x_18_mm","name":"47 x 18 mm - Trodat printy 4912","nullable":false,"width":47,"height":18,"parent":"trodat_printy"},{"slug":"58_x_22_mm","name":"58 x 22 mm - Trodat printy 4913","nullable":false,"width":58,"height":22,"parent":"trodat_printy"},{"slug":"64_x_26_mm","name":"64 x 26 mm - Trodat printy 4914","nullable":false,"width":64,"height":26,"parent":"trodat_printy"},{"slug":"49_x_15_mm","name":"70 x 25 mm - Trodat printy 4915","nullable":false,"width":"70","height":"25","parent":"trodat_printy"},{"slug":"70_x_10_mm","name":"70 x 10 mm - Trodat printy 4916","nullable":false,"width":70,"height":10,"parent":"trodat_printy"},{"slug":"50_x_10_mm","name":"50 x 10 mm - Trodat printy 4917","nullable":false,"width":50,"height":10,"parent":"trodat_printy"},{"slug":"12_x_12_mm","name":"12 x 12 mm - Trodat printy 4921","nullable":false,"width":12,"height":12,"parent":"trodat_printy"},{"slug":"20_x_20_mm","name":"20 x 20 mm - Trodat printy 4922","nullable":false,"width":20,"height":20,"parent":"trodat_printy"},{"slug":"25_x_25_mm","name":"25 x 25 mm - Trodat printy 4933","nullable":false,"width":25,"height":25,"parent":"trodat_printy"},{"slug":"30_x_30_mm","name":"30 x 30 mm - Trodat printy 4923","nullable":false,"width":30,"height":30,"parent":"trodat_printy"},{"slug":"40_x_40_mm","name":"40 x 40 mm - Trodat printy 4924","nullable":false,"width":40,"height":40,"parent":"trodat_printy"},{"slug":"30_mm_circle","name":"30 mm de diamètre - Trodat printy 4630","nullable":false,"width":30,"height":30,"parent":"trodat_printy"},{"slug":"38_mm_circle","name":"38 mm de diamètre - Trodat printy 4638","nullable":false,"width":38,"height":38,"parent":"trodat_printy"},{"slug":"41_x_24_mm_colop","name":"41 x 24 mm - classic 2100 / 2160","nullable":false,"width":41,"height":24,"parent":"colop_classic"},{"slug":"45_x_30_mm_colop_classic","name":"45 x 30 mm - classic 2300 / 2360","nullable":false,"width":45,"height":30,"parent":"colop_classic"},{"slug":"58_x_27_mm","name":"58 x 27 mm - classic 2400 / 2460","nullable":false,"width":58,"height":27,"parent":"colop_classic"},{"slug":"58_x_37_mm","name":"58 x 37 mm - classic 2600 / 2660","nullable":false,"width":58,"height":37,"parent":"colop_classic"},{"slug":"68_x_49_mm","name":"68 x 49 mm - classic 2800 / 2860","nullable":false,"width":68,"height":49,"parent":"colop_classic"},{"slug":"45_mm_circle_colop_classic","name":"45 mm de diamètre - classic R2045 /R2045/6","nullable":false,"width":45,"height":45,"parent":"colop_classic"},{"slug":"75_x_15_mm","name":"75 x 15 mm - Trodat printy 4918","nullable":false,"width":75,"height":15,"parent":"trodat_printy_rood"},{"slug":"82_x_25_mm","name":"82 x 25 mm - Trodat printy 4925","nullable":false,"width":82,"height":25,"parent":"trodat_printy_rood"},{"slug":"75_x_38_mm","name":"75 x 38 mm - Trodat printy 4926 / 4926D","nullable":false,"width":75,"height":38,"parent":"trodat_printy_rood"},{"slug":"60_x_40_mm","name":"60 x 40 mm - Trodat printy 4927 / 4927D","nullable":false,"width":60,"height":40,"parent":"trodat_printy_rood"},{"slug":"60_x_33_mm","name":"60 x 33 mm - Trodat printy 4928","nullable":false,"width":60,"height":33,"parent":"trodat_printy_rood"},{"slug":"50_x_30_mm","name":"50 x 30 mm - Trodat printy 4929 / 4929D","nullable":false,"width":50,"height":30,"parent":"trodat_printy_rood"},{"slug":"70_x_30_mm","name":"70 x 30 mm - Trodat printy 4931 / 4731D ","nullable":false,"width":70,"height":30,"parent":"trodat_printy_rood"},{"slug":"19_mm_circle","name":"19 mm de diamètre - Trodat printy 46019","nullable":false,"width":19,"height":19,"parent":"trodat_printy_rood"},{"slug":"25_mm_circle","name":"25 mm de diamètre - Trodat printy 46025","nullable":false,"width":25,"height":25,"parent":"trodat_printy_rood"},{"slug":"45_mm_circle","name":"45 mm de diamètre - Trodat printy 46045","nullable":false,"width":45,"height":45,"parent":"trodat_printy_rood"},{"slug":"50_mm_circle","name":"50 mm de diamètre - Trodat printy 46050","nullable":false,"width":50,"height":50,"parent":"trodat_printy_rood"},{"slug":"41_x_24_mm_expert","name":"41 x 24 mm - expert 3100 / 3160","nullable":false,"width":41,"height":24,"parent":"colop_expert"},{"slug":"45_x_30_mm_expert","name":"45 x 30 mm - expert 3300 / 3360","nullable":false,"width":45,"height":30,"parent":"colop_expert"},{"slug":"58_x_27_mm_expert","name":"58 x 27 mm - expert 3400 / 3660","nullable":false,"width":58,"height":27,"parent":"colop_expert"},{"slug":"58_x_37_mm_expert","name":"58 x 37 mm - expert 3600","nullable":false,"width":58,"height":37,"parent":"colop_expert"},{"slug":"68_x_49_mm_colop","name":"68 x 49 mm - expert 3800 / 3860","nullable":false,"width":68,"height":49,"parent":"colop_expert"},{"slug":"78_x_32_mm","name":"78 x 32 mm - expert 3700","nullable":false,"width":78,"height":32,"parent":"colop_expert"},{"slug":"106_x_55_mm","name":"160 x 55 mm - expert 3900 / 3960","nullable":false,"width":106,"height":55,"parent":"colop_expert"},{"slug":"40_mm_circle_expert","name":"40 mm de diamètre - expert R3040 / R3040/D","nullable":false,"width":40,"height":40,"parent":"colop_expert"},{"slug":"41_x_24_mm","name":"41 x 24 mm - professional 5200 / 5430","nullable":false,"width":41,"height":24,"parent":"trodat_professional"},{"slug":"49_x_28_mm","name":"49 x 28 mm - professional 5203 / 5440","nullable":false,"width":49,"height":28,"parent":"trodat_professional"},{"slug":"55_x_26_mm","name":"55 x 26 mm - professional 5204 ","nullable":false,"width":55,"height":26,"parent":"trodat_professional"},{"slug":"68_x_24_mm","name":"68 x 24 mm - professional 5205","nullable":false,"width":68,"height":24,"parent":"trodat_professional"},{"slug":"56_x_33_mm","name":"56 x 33 mm - professional 5206 / 5460","nullable":false,"width":56,"height":33,"parent":"trodat_professional"},{"slug":"60_x_40_mm_professional","name":"60 x 40 mm - professional 5207 / 5470","nullable":false,"width":60,"height":40,"parent":"trodat_professional"},{"slug":"68_x_47_mm","name":"68 x 47 mm - professional 5208 / 5480","nullable":false,"width":68,"height":47,"parent":"trodat_professional"},{"slug":"85_x_55_mm","name":"85 x 55 mm - professional 5211 / 54110","nullable":false,"width":85,"height":55,"parent":"trodat_professional"},{"slug":"116_x_70_mm","name":"116 x 70 mm - professional 5212","nullable":false,"width":116,"height":70,"parent":"trodat_professional"},{"slug":"40_mm_circle_professional","name":"40 mm de diamètre - professional 52040","nullable":false,"width":40,"height":40,"parent":"trodat_professional"},{"slug":"45_mm_circle_professional","name":"45 mm de diamètre - professional 5215 / 5415","nullable":false,"width":45,"height":45,"parent":"trodat_professional"},{"slug":"51_x_18_mm","name":"51 x 18 mm - EOS 30","nullable":false,"width":51,"height":18,"parent":"colop_eos"},{"slug":"51_x_30_mm","name":"51 x 30 mm - EOS 35","nullable":false,"width":51,"height":30,"parent":"colop_eos"},{"slug":"59_x_23_mm_eos","name":"59 x 23 mm - EOS 40","nullable":false,"width":59,"height":23,"parent":"colop_eos"},{"slug":"70_x_30_mm_colop","name":"70 x 30 mm - EOS 50","nullable":false,"width":70,"height":30,"parent":"colop_eos"},{"slug":"63_x_40_mm","name":"63 x 40 mm - EOS 55","nullable":false,"width":63,"height":40,"parent":"colop_eos"},{"slug":"76_x_38_mm_eos","name":"76 x 38 mm - EOS 60","nullable":false,"width":76,"height":38,"parent":"colop_eos"},{"slug":"80_x_60_mm","name":"80 x 60 mm - EOS 115","nullable":false,"width":80,"height":60,"parent":"colop_eos"},{"slug":"95_x_70_mm","name":"95 x 70 mm - EOS 120","nullable":false,"width":95,"height":70,"parent":"colop_eos"},{"slug":"17_mm_circle_eos","name":"17 mm de diamètre - EOS R17","nullable":false,"width":17,"height":17,"parent":"colop_eos"},{"slug":"40_x_40_mm_eos","name":"40 mm de diamètre EOS R40","nullable":false,"width":40,"height":40,"parent":"colop_eos"}],"viewMode":{"reseller":"summary-modal"},"type":"radio","optionsInSummary":["27_x_10_mm_colop","38_x_14_mm_colop","47_x_18_mm_colop","58_x_22_mm_colop","69_x_30_mm","76_x_37_mm"],"parentOptions":[{"slug":"colop_printer","name":"Colop printer","nullable":false,"width":1,"height":1},{"slug":"trodat_printy","name":"Trodat printy noir","nullable":false,"width":1,"height":1},{"slug":"colop_classic","name":"Colop classic","nullable":false,"width":1,"height":1},{"slug":"trodat_printy_rood","name":"Trodat printy rood","nullable":false,"width":1,"height":1},{"slug":"colop_expert","name":"Colop expert","nullable":false,"width":1,"height":1},{"slug":"trodat_professional","name":"Trodat professional","nullable":false,"width":1,"height":1},{"slug":"colop_eos","name":"Colop EOS","nullable":false,"width":1,"height":1}]},{"slug":"data","title":"Date tampons","locked":false,"options":[{"slug":"without_date","name":"Sans date","nullable":false,"eco":false,"enrichments":[]},{"slug":"date","name":"Avec date","nullable":false,"eco":false,"enrichments":[]}],"viewMode":{"reseller":"default"},"type":"radio","optionsInSummary":[],"parentOptions":[]},{"slug":"color","title":"Couleurs","locked":false,"options":[{"slug":"black_ink_pad_stamp","name":"Noir","nullable":false,"eco":false,"enrichments":[{"propertySlug":"color","optionSlug":"#1e1e1e"}]},{"slug":"red_ink_pad_stamp","name":"Rouge","nullable":false,"eco":false,"enrichments":[{"propertySlug":"color","optionSlug":"#f70c1f"}]},{"slug":"green_ink_pad_stamp","name":"Vert","nullable":false,"eco":false,"enrichments":[{"propertySlug":"color","optionSlug":"#00b554"}]},{"slug":"blue_ink_pad_stamp","name":"Bleu","nullable":false,"eco":false,"enrichments":[{"propertySlug":"color","optionSlug":"#2b60f2"}]},{"slug":"red_blue_ink_pad_stamp","name":"Rouge et bleu","nullable":false,"eco":false,"enrichments":[{"propertySlug":"color","optionSlug":"linear-gradient( to bottom, #2b60f2, #2b60f2 30%, #f70c1f 30%, #f70c1f 70%, #2b60f2 30% )"}]}],"viewMode":{"reseller":"default"},"type":"radio","optionsInSummary":[],"parentOptions":[]},{"slug":"copies","title":"Quantité","locked":false,"options":[],"viewMode":{"reseller":"copies"},"optionsInSummary":[],"copiesInSummary":{},"rangeSets":[{"summary":[1,2,3,4,5,10],"options":[{"max":25,"steps":1,"min":1},{"max":100,"steps":1,"min":25},{"max":250,"steps":10,"min":100}],"printingmethod":"engraving"}],"copyLimit":{},"parentOptions":[]},{"slug":"designs","locked":false,"options":[],"viewMode":{"reseller":"default"},"type":"radio","optionsInSummary":[],"parentOptions":[],"title":"designs"},{"slug":"printingmethod","title":"Méthode d'impression","locked":false,"options":[{"slug":"engraving","name":"Gravure","nullable":false,"eco":false,"enrichments":[]}],"viewMode":{"reseller":"default"},"type":"radio","optionsInSummary":[],"parentOptions":[]},{"slug":"printtype","title":"Impression","locked":false,"options":[{"slug":"10","name":"1/0 Pantone","nullable":false,"eco":false,"pages":[{"numberOfColors":1,"colorspace":"indexed"}],"enrichments":[]}],"viewMode":{"reseller":"default"},"type":"radio","optionsInSummary":[],"parentOptions":[]},{"slug":"urgency","title":"Urgence","locked":false,"options":[{"slug":"standard","name":"Standard","nullable":false,"eco":false,"enrichments":[]},{"slug":"quick","name":"Rapide","nullable":false,"eco":false,"enrichments":[]},{"slug":"urgent","name":"Urgent","nullable":false,"eco":false,"enrichments":[]},{"slug":"moderate","nullable":false,"eco":false,"enrichments":[],"name":"Moderate"}],"viewMode":{"reseller":"default"},"type":"radio","optionsInSummary":[],"parentOptions":[]},{"slug":"material","title":"Support","locked":false,"options":[{"slug":"2000gr_stamp","name":"Tampon 2000 gr","nullable":false,"eco":false,"enrichments":[]}],"viewMode":{"reseller":"default"},"type":"radio","optionsInSummary":[],"parentOptions":[]}],"maxDesigns":50,"bleed":0,"hsCode":"9611000000","isAvailableInUserRegion":true,"hasAccessories":false,"accessoryExcludes":[],"propertyGroups":[{"slug":"stamps-lynyprml","columnWidth":{"reseller":"full"},"properties":["stamp_types"]},{"slug":"stamps-vadwspkl","columnWidth":{"reseller":"third"},"properties":["size"],"title":"Format (largeur x hauteur)"},{"slug":"stamps-jbjxcvmk","columnWidth":{"reseller":"third"},"properties":["data","color"],"title":"Colour inkt pad"},{"slug":"stamps-xzrvjlfb","columnWidth":{"reseller":"third"},"properties":["copies","designs"],"title":"Quantité"},{"slug":"stamps-cdoyfqlb","columnWidth":{"reseller":"hidden"},"properties":["printingmethod","printtype","urgency","material"],"title":"Hidden"}],"excludes":[[{"property":"stamp_types","options":["colop_printer","colop_printer_microban"]},{"property":"size","options":["30_x_20_mm","41_x_24_mm","45_x_30_mm","49_x_15_mm","49_x_28_mm","50_x_30_mm","51_x_18_mm","51_x_30_mm","55_x_26_mm","56_x_33_mm","58_x_27_mm","58_x_37_mm","60_x_33_mm","60_x_40_mm","63_x_40_mm","64_x_26_mm","68_x_24_mm","68_x_47_mm","68_x_49_mm","69_x_10_mm","70_x_30_mm","75_x_15_mm","75_x_38_mm","78_x_32_mm","80_x_60_mm","82_x_25_mm","95_x_70_mm","12_x_12_mm","17_x_17_mm","20_x_20_mm","24_x_24_mm","30_x_30_mm","43_x_43_mm","40_x_40_mm","106_x_55_mm","12_mm_circle","17_mm_circle","19_mm_circle","24_mm_circle","25_mm_circle","30_mm_circle","38_mm_circle","40_mm_circle","45_mm_circle","50_mm_circle","15_x_6_mm","50_x_10_mm","50_x_40_mm","70_x_10_mm","85_x_55_mm","116_x_70_mm","41_x_24_mm_colop","50_x_30_mm_colop","56_x_33_mm_colop","60_x_40_mm_colop","70_x_30_mm_colop","75_x_15_mm_colop","26_x_9_mm","38_x_14_mm","47_x_18_mm","58_x_22_mm","30_mm_circle_colop","45_mm_circle_colop","50_mm_circle_colop","30_x_30_mm_colop","82_x_25_mm_colop","12_x_12_mm_colop","20_x_20_mm_colop","40_x_40_mm_eos","17_mm_circle_eos","76_x_38_mm_eos","59_x_23_mm_eos","45_mm_circle_professional","40_mm_circle_professional","60_x_40_mm_professional","40_mm_circle_expert","68_x_49_mm_colop","58_x_37_mm_expert","58_x_27_mm_expert","45_x_30_mm_expert","41_x_24_mm_expert","45_mm_circle_colop_classic","45_x_30_mm_colop_classic","25_x_25_mm"]}],[{"property":"stamp_types","options":["colop_printer_black"]},{"property":"size","options":["26_x_9_mm","38_x_14_mm","41_x_24_mm","47_x_18_mm","49_x_15_mm","49_x_28_mm","51_x_18_mm","51_x_30_mm","55_x_26_mm","56_x_33_mm","58_x_22_mm","58_x_27_mm","58_x_37_mm","60_x_33_mm","60_x_40_mm","63_x_40_mm","64_x_26_mm","68_x_24_mm","68_x_47_mm","68_x_49_mm","69_x_30_mm","70_x_30_mm","75_x_38_mm","76_x_37_mm","78_x_32_mm","80_x_60_mm","82_x_25_mm","95_x_70_mm","106_x_55_mm","116_x_70_mm","85_x_55_mm","70_x_10_mm","50_x_10_mm","40_x_40_mm","19_mm_circle","25_mm_circle","38_mm_circle","27_x_10_mm","38_x_14_mm_colop","41_x_24_mm_colop","47_x_18_mm_colop","58_x_22_mm_colop","70_x_30_mm_colop","50_x_30_mm","75_x_15_mm","30_mm_circle","12_x_12_mm","20_x_20_mm","30_x_30_mm","45_mm_circle","50_mm_circle","59_x_23_mm_eos","17_mm_circle_eos","76_x_38_mm_eos","40_x_40_mm_eos","45_mm_circle_professional","40_mm_circle_professional","60_x_40_mm_professional","40_mm_circle_expert","68_x_49_mm_colop","58_x_37_mm_expert","58_x_27_mm_expert","45_x_30_mm_expert","41_x_24_mm_expert","45_x_30_mm_colop_classic","45_mm_circle_colop_classic","25_x_25_mm","27_x_10_mm_colop"]}],[{"property":"stamp_types","options":["colop_classic"]},{"property":"size","options":["26_x_9_mm","30_x_20_mm","38_x_14_mm","47_x_18_mm","49_x_15_mm","49_x_28_mm","50_x_30_mm","51_x_18_mm","51_x_30_mm","55_x_26_mm","56_x_33_mm","60_x_33_mm","58_x_22_mm","60_x_40_mm","63_x_40_mm","64_x_26_mm","68_x_24_mm","68_x_47_mm","69_x_10_mm","69_x_30_mm","70_x_30_mm","75_x_15_mm","75_x_38_mm","76_x_37_mm","78_x_32_mm","80_x_60_mm","82_x_25_mm","95_x_70_mm","12_mm_cirkel","12_x_12_mm","17_x_17_mm","20_x_20_mm","24_x_24_mm","30_x_30_mm","40_x_40_mm","43_x_43_mm","106_x_55_mm","12_mm_circle","17_mm_circle","19_mm_circle","24_mm_circle","25_mm_circle","30_mm_circle","38_mm_circle","40_mm_circle","50_mm_circle","15_x_6_mm","50_x_10_mm","50_x_40_mm","70_x_10_mm","85_x_55_mm","116_x_70_mm","12_x_12_mm_colop","20_x_20_mm_colop","30_x_30_mm_colop","50_mm_circle_colop","45_mm_circle_colop","30_mm_circle_colop","27_x_10_mm","38_x_14_mm_colop","47_x_18_mm_colop","50_x_30_mm_colop","56_x_33_mm_colop","58_x_22_mm_colop","60_x_40_mm_colop","70_x_30_mm_colop","75_x_15_mm_colop","82_x_25_mm_colop","59_x_23_mm_eos","76_x_38_mm_eos","17_mm_circle_eos","40_x_40_mm_eos","60_x_40_mm_professional","40_mm_circle_professional","45_mm_circle_professional","41_x_24_mm_expert","45_x_30_mm_expert","58_x_27_mm_expert","58_x_37_mm_expert","40_mm_circle_expert","45_mm_circle","68_x_49_mm_colop","27_x_10_mm_colop","45_x_30_mm","25_x_25_mm","41_x_24_mm"]}],[{"property":"stamp_types","options":["colop_expert"]},{"property":"size","options":["26_x_9_mm","30_x_20_mm","38_x_14_mm","47_x_18_mm","49_x_15_mm","49_x_28_mm","50_x_30_mm","51_x_18_mm","51_x_30_mm","55_x_26_mm","56_x_33_mm","58_x_22_mm","60_x_33_mm","60_x_40_mm","63_x_40_mm","64_x_26_mm","68_x_24_mm","68_x_47_mm","69_x_10_mm","69_x_30_mm","70_x_30_mm","75_x_15_mm","75_x_38_mm","76_x_37_mm","80_x_60_mm","82_x_25_mm","95_x_70_mm","12_x_12_mm","17_x_17_mm","20_x_20_mm","24_x_24_mm","30_x_30_mm","40_x_40_mm","43_x_43_mm","12_mm_circle","19_mm_circle","17_mm_circle","24_mm_circle","25_mm_circle","30_mm_circle","38_mm_circle","45_mm_circle","50_mm_circle","15_x_6_mm","50_x_10_mm","50_x_40_mm","70_x_10_mm","85_x_55_mm","116_x_70_mm","12_x_12_mm_colop","20_x_20_mm_colop","30_x_30_mm_colop","45_mm_circle_colop","50_mm_circle_colop","82_x_25_mm_colop","75_x_15_mm_colop","70_x_30_mm_colop","60_x_40_mm_colop","47_x_18_mm_colop","50_x_30_mm_colop","56_x_33_mm_colop","58_x_22_mm_colop","38_x_14_mm_colop","27_x_10_mm","60_x_40_mm_professional","40_mm_circle_professional","45_mm_circle_professional","59_x_23_mm_eos","41_x_24_mm","76_x_38_mm_eos","17_mm_circle_eos","40_x_40_mm_eos","45_mm_circle_colop_classic","68_x_49_mm","58_x_37_mm","58_x_27_mm","45_x_30_mm_colop_classic","41_x_24_mm_colop","40_mm_circle","25_x_25_mm","30_mm_circle_colop","45_x_30_mm","27_x_10_mm_colop"]}],[{"property":"stamp_types","options":["colop_eos"]},{"options":["26_x_9_mm","30_x_20_mm","38_x_14_mm","41_x_24_mm","45_x_30_mm","47_x_18_mm","49_x_15_mm","49_x_28_mm","50_x_30_mm","55_x_26_mm","56_x_33_mm","58_x_27_mm","58_x_37_mm","60_x_33_mm","60_x_40_mm","64_x_26_mm","68_x_24_mm","68_x_47_mm","68_x_49_mm","69_x_10_mm","69_x_30_mm","75_x_15_mm","75_x_38_mm","78_x_32_mm","82_x_25_mm","106_x_55_mm","12_x_12_mm","17_x_17_mm","20_x_20_mm","24_x_24_mm","30_x_30_mm","43_x_43_mm","12_mm_circle","19_mm_circle","24_mm_circle","25_mm_circle","30_mm_circle","38_mm_circle","40_mm_circle","45_mm_circle","50_mm_circle","15_x_6_mm","50_x_40_mm","50_x_10_mm","50_mm_circle_colop","45_mm_circle_colop","30_mm_circle_colop","30_x_30_mm_colop","38_x_14_mm_colop","41_x_24_mm_colop","47_x_18_mm_colop","50_x_30_mm_colop","56_x_33_mm_colop","58_x_22_mm_colop","60_x_40_mm_colop","75_x_15_mm_colop","82_x_25_mm_colop","58_x_22_mm","70_x_10_mm","70_x_30_mm","85_x_55_mm","116_x_70_mm","12_x_12_mm_colop","20_x_20_mm_colop","27_x_10_mm","27_x_10_mm_colop","76_x_37_mm","17_mm_circle","25_x_25_mm","40_x_40_mm","45_x_30_mm_colop_classic","45_mm_circle_colop_classic","41_x_24_mm_expert","45_x_30_mm_expert","58_x_27_mm_expert","58_x_37_mm_expert","68_x_49_mm_colop","40_mm_circle_expert","60_x_40_mm_professional","40_mm_circle_professional","45_mm_circle_professional"],"property":"size"}],[{"property":"stamp_types","options":["trodat_printy"]},{"property":"size","options":["30_x_20_mm","41_x_24_mm","45_x_30_mm","49_x_28_mm","50_x_30_mm","51_x_18_mm","51_x_30_mm","55_x_26_mm","56_x_33_mm","58_x_27_mm","58_x_37_mm","60_x_33_mm","60_x_40_mm","63_x_40_mm","68_x_24_mm","68_x_47_mm","68_x_49_mm","69_x_10_mm","69_x_30_mm","70_x_30_mm","75_x_15_mm","75_x_38_mm","76_x_37_mm","78_x_32_mm","80_x_60_mm","82_x_25_mm","95_x_70_mm","106_x_55_mm","24_mm_cirkel","17_x_17_mm","24_x_24_mm","43_x_43_mm","15_x_6_mm","50_x_40_mm","12_mm_circle","17_mm_circle","24_mm_circle","40_mm_circle","19_mm_circle","25_mm_circle","45_mm_circle","50_mm_circle","116_x_70_mm","85_x_55_mm","27_x_10_mm","38_x_14_mm_colop","41_x_24_mm_colop","47_x_18_mm_colop","50_x_30_mm_colop","56_x_33_mm_colop","58_x_22_mm_colop","60_x_40_mm_colop","70_x_30_mm_colop","75_x_15_mm_colop","82_x_25_mm_colop","30_mm_circle_colop","50_mm_circle_colop","45_mm_circle_colop","30_x_30_mm_colop","12_x_12_mm_colop","20_x_20_mm_colop","60_x_40_mm_professional","40_mm_circle_professional","45_mm_circle_professional","59_x_23_mm_eos","76_x_38_mm_eos","17_mm_circle_eos","40_x_40_mm_eos","41_x_24_mm_expert","45_x_30_mm_expert","58_x_27_mm_expert","58_x_37_mm_expert","68_x_49_mm_colop","40_mm_circle_expert","45_mm_circle_colop_classic","45_x_30_mm_colop_classic","27_x_10_mm_colop"]}],[{"property":"stamp_types","options":["trodat_printy_red"]},{"property":"size","options":["49_x_28_mm","26_x_9_mm","30_x_20_mm","41_x_24_mm","38_x_14_mm","45_x_30_mm","47_x_18_mm","49_x_15_mm","51_x_18_mm","51_x_30_mm","55_x_26_mm","56_x_33_mm","58_x_22_mm","58_x_27_mm","58_x_37_mm","63_x_40_mm","64_x_26_mm","68_x_24_mm","68_x_47_mm","68_x_49_mm","69_x_10_mm","69_x_30_mm","76_x_37_mm","78_x_32_mm","80_x_60_mm","95_x_70_mm","106_x_55_mm","12_x_12_mm","17_x_17_mm","20_x_20_mm","24_x_24_mm","30_x_30_mm","40_x_40_mm","43_x_43_mm","15_x_6_mm","50_x_10_mm","50_x_40_mm","70_x_10_mm","12_mm_circle","17_mm_circle","24_mm_circle","30_mm_circle","38_mm_circle","40_mm_circle","116_x_70_mm","85_x_55_mm","30_mm_circle_colop","45_mm_circle_colop","50_mm_circle_colop","30_x_30_mm_colop","82_x_25_mm_colop","38_x_14_mm_colop","41_x_24_mm_colop","47_x_18_mm_colop","50_x_30_mm_colop","56_x_33_mm_colop","58_x_22_mm_colop","60_x_40_mm_colop","70_x_30_mm_colop","75_x_15_mm_colop","27_x_10_mm","12_x_12_mm_colop","20_x_20_mm_colop","60_x_40_mm_professional","40_mm_circle_professional","45_mm_circle_professional","59_x_23_mm_eos","76_x_38_mm_eos","17_mm_circle_eos","40_x_40_mm_eos","41_x_24_mm_expert","45_x_30_mm_expert","58_x_27_mm_expert","58_x_37_mm_expert","68_x_49_mm_colop","40_mm_circle_expert","45_x_30_mm_colop_classic","45_mm_circle_colop_classic","25_x_25_mm","27_x_10_mm_colop"]}],[{"property":"stamp_types","options":["trodat_profesional"]},{"property":"size","options":["26_x_9_mm","30_x_20_mm","38_x_14_mm","45_x_30_mm","47_x_18_mm","49_x_15_mm","50_x_30_mm","51_x_18_mm","51_x_30_mm","58_x_22_mm","58_x_27_mm","60_x_33_mm","63_x_40_mm","64_x_26_mm","68_x_49_mm","69_x_10_mm","69_x_30_mm","70_x_30_mm","75_x_15_mm","75_x_38_mm","76_x_37_mm","78_x_32_mm","80_x_60_mm","82_x_25_mm","95_x_70_mm","106_x_55_mm","12_x_12_mm","17_x_17_mm","20_x_20_mm","24_x_24_mm","30_x_30_mm","40_x_40_mm","43_x_43_mm","12_mm_circle","17_mm_circle","19_mm_circle","24_mm_circle","25_mm_circle","30_mm_circle","38_mm_circle","50_mm_circle","15_x_6_mm","50_x_10_mm","50_x_40_mm","70_x_10_mm","30_mm_circle_colop","45_mm_circle_colop","50_mm_circle_colop","30_x_30_mm_colop","70_x_30_mm_colop","75_x_15_mm_colop","82_x_25_mm_colop","60_x_40_mm_colop","38_x_14_mm_colop","41_x_24_mm_colop","47_x_18_mm_colop","50_x_30_mm_colop","56_x_33_mm_colop","58_x_22_mm_colop","27_x_10_mm","12_x_12_mm_colop","20_x_20_mm_colop","59_x_23_mm_eos","76_x_38_mm_eos","17_mm_circle_eos","40_x_40_mm_eos","27_x_10_mm_colop","40_mm_circle","25_x_25_mm","45_x_30_mm_colop_classic","45_mm_circle_colop_classic","60_x_40_mm","45_mm_circle","41_x_24_mm_expert","45_x_30_mm_expert","58_x_27_mm_expert","58_x_37_mm_expert","68_x_49_mm_colop","40_mm_circle_expert","58_x_37_mm"]}],[{"property":"stamp_types","options":["colop_printer","colop_printer_green","colop_printer_microban","colop_classic","colop_classic_green","colop_expert","colop_printer_black","colop_eos","trodat_printy","trodat_printy_red"]},{"property":"color","options":["red_blue_ink_pad_stamp"]}],[{"property":"color","options":["red_blue_ink_pad_stamp"]},{"options":["without_date"],"property":"data"}],[{"options":["date"],"property":"data"},{"property":"size","options":["15_x_6_mm","26_x_9_mm","30_x_20_mm","38_x_14_mm","47_x_18_mm","49_x_15_mm","50_x_10_mm","51_x_18_mm","51_x_30_mm","55_x_26_mm","58_x_22_mm","60_x_33_mm","63_x_40_mm","64_x_26_mm","68_x_24_mm","69_x_10_mm","69_x_30_mm","70_x_10_mm","75_x_15_mm","76_x_37_mm","78_x_32_mm","80_x_60_mm","82_x_25_mm","95_x_70_mm","106_x_55_mm","116_x_70_mm","12_mm_circle","17_mm_circle","24_mm_circle","50_mm_circle","12_x_12_mm","17_x_17_mm","20_x_20_mm","24_x_24_mm","30_x_30_mm","40_x_40_mm","43_x_43_mm","38_x_14_mm_colop","47_x_18_mm_colop","58_x_22_mm_colop","70_x_30_mm_colop","75_x_15_mm_colop","82_x_25_mm_colop","30_mm_circle_colop","45_mm_circle_colop","50_mm_circle_colop","30_x_30_mm_colop","12_x_12_mm_colop","20_x_20_mm_colop","27_x_10_mm_colop","59_x_23_mm_eos","76_x_38_mm_eos","17_mm_circle_eos","40_x_40_mm_eos","40_mm_circle"]}],[{"options":["colop_classic_green"],"property":"stamp_types"},{"property":"size","options":["15_x_6_mm","26_x_9_mm","30_x_20_mm","38_x_14_mm","50_mm_circle","45_mm_circle","38_mm_circle","25_mm_circle","30_mm_circle","40_mm_circle","12_x_12_mm","17_x_17_mm","20_x_20_mm","24_x_24_mm","30_x_30_mm","40_x_40_mm","43_x_43_mm","12_mm_circle","17_mm_circle","19_mm_circle","24_mm_circle","64_x_26_mm","68_x_24_mm","68_x_49_mm","69_x_10_mm","69_x_30_mm","70_x_10_mm","70_x_30_mm","75_x_15_mm","75_x_38_mm","76_x_37_mm","78_x_32_mm","80_x_60_mm","82_x_25_mm","95_x_70_mm","106_x_55_mm","116_x_70_mm","49_x_15_mm","49_x_28_mm","50_x_10_mm","50_x_30_mm","50_x_40_mm","51_x_18_mm","51_x_30_mm","55_x_26_mm","56_x_33_mm","58_x_22_mm","58_x_27_mm","60_x_33_mm","60_x_40_mm","63_x_40_mm","41_x_24_mm","47_x_18_mm","27_x_10_mm","38_x_14_mm_colop","41_x_24_mm_colop","47_x_18_mm_colop","50_x_30_mm_colop","56_x_33_mm_colop","58_x_22_mm_colop","60_x_40_mm_colop","70_x_30_mm_colop","82_x_25_mm_colop","75_x_15_mm_colop","30_mm_circle_colop","50_mm_circle_colop","45_mm_circle_colop","30_x_30_mm_colop","12_x_12_mm_colop","20_x_20_mm_colop","60_x_40_mm_professional","40_mm_circle_professional","45_mm_circle_professional","59_x_23_mm_eos","76_x_38_mm_eos","17_mm_circle_eos","40_x_40_mm_eos","41_x_24_mm_expert","45_x_30_mm_expert","58_x_27_mm_expert","58_x_37_mm_expert","68_x_49_mm_colop","40_mm_circle_expert","25_x_25_mm","45_mm_circle_colop_classic","27_x_10_mm_colop","45_x_30_mm","85_x_55_mm","68_x_47_mm"]}],[{"property":"stamp_types","options":["colop_printer_green"]},{"options":["26_x_9_mm","12_x_12_mm","20_x_20_mm","30_x_30_mm","40_x_40_mm","17_x_17_mm","24_x_24_mm","30_x_30_mm_colop","43_x_43_mm","15_x_6_mm","27_x_10_mm","30_x_20_mm","41_x_24_mm_colop","45_x_30_mm","50_x_10_mm","50_x_30_mm_colop","51_x_18_mm","51_x_30_mm","56_x_33_mm_colop","58_x_27_mm","58_x_37_mm","60_x_40_mm_colop","68_x_24_mm","63_x_40_mm","69_x_10_mm","68_x_47_mm","70_x_30_mm_colop","75_x_15_mm_colop","76_x_37_mm","78_x_32_mm","80_x_60_mm","82_x_25_mm_colop","95_x_70_mm","106_x_55_mm","38_x_14_mm","41_x_24_mm","47_x_18_mm","49_x_15_mm","49_x_28_mm","50_x_30_mm","50_x_40_mm","55_x_26_mm","56_x_33_mm","58_x_22_mm","60_x_33_mm","60_x_40_mm","64_x_26_mm","68_x_49_mm","70_x_10_mm","70_x_30_mm","75_x_15_mm","75_x_38_mm","82_x_25_mm","85_x_55_mm","116_x_70_mm","12_mm_circle","17_mm_circle","24_mm_circle","30_mm_circle_colop","40_mm_circle","45_mm_circle_colop","50_mm_circle_colop","trodat_rond","19_mm_circle","25_mm_circle","30_mm_circle","38_mm_circle","45_mm_circle","50_mm_circle","12_x_12_mm_colop","20_x_20_mm_colop","59_x_23_mm_eos","76_x_38_mm_eos","17_mm_circle_eos","40_x_40_mm_eos","60_x_40_mm_professional","40_mm_circle_professional","45_mm_circle_professional","41_x_24_mm_expert","45_x_30_mm_expert","58_x_27_mm_expert","58_x_37_mm_expert","68_x_49_mm_colop","40_mm_circle_expert","45_x_30_mm_colop_classic","45_mm_circle_colop_classic","25_x_25_mm","27_x_10_mm_colop"],"property":"size"}]],"warnings":[]}