{"sku":"stapled-magazines","active":true,"titleSingle":"Brochure agrafée","titlePlural":"Brochures agrafées","createdAt":"2023-08-21T11:26:12.699Z","updatedAt":"2024-10-24T08:09:56.132Z","properties":[{"slug":"binding","title":"Reliure par agrafage","locked":false,"options":[{"slug":"stapled","name":"Avec agrafes standards","nullable":false,"eco":false,"enrichments":[]},{"slug":"loop_stitched","name":"Avec agrafes oméga","nullable":false,"eco":false,"enrichments":[]}],"viewMode":{"reseller":"button-group"},"type":"radio","optionsInSummary":[],"parentOptions":[]},{"slug":"number_of_loop_stitches","title":"Nombre d'œillets","locked":false,"options":[{"slug":"2","name":"2","nullable":false,"eco":false,"enrichments":[]},{"slug":"4","name":"4","nullable":false,"eco":false,"enrichments":[]},{"slug":"none","name":"Sans","nullable":true,"eco":false,"enrichments":[]}],"viewMode":{"reseller":"button-group"},"type":"radio","optionsInSummary":[],"parentOptions":[]},{"slug":"pages","title":"Nombre de pages (couverture comprise)","locked":false,"options":[{"slug":"8","name":"8 pages","nullable":false,"eco":false,"enrichments":[]},{"slug":"12","name":"12 pages","nullable":false,"eco":false,"enrichments":[]},{"slug":"16","name":"16 pages","nullable":false,"eco":false,"enrichments":[]},{"slug":"20","name":"20 pages","nullable":false,"eco":false,"enrichments":[]},{"slug":"24","name":"24 pages","nullable":false,"eco":false,"enrichments":[]},{"slug":"28","name":"28 pages","nullable":false,"eco":false,"enrichments":[]},{"slug":"32","name":"32 pages","nullable":false,"eco":false,"enrichments":[]},{"slug":"36","name":"36 pages","nullable":false,"eco":false,"enrichments":[]},{"slug":"40","name":"40 pages","nullable":false,"eco":false,"enrichments":[]},{"slug":"44","name":"44 pages","nullable":false,"eco":false,"enrichments":[]},{"slug":"48","name":"48 pages","nullable":false,"eco":false,"enrichments":[]},{"slug":"52","name":"52 pages","nullable":false,"eco":false,"enrichments":[]},{"slug":"56","name":"56 pages","nullable":false,"eco":false,"enrichments":[]},{"slug":"60","name":"60 pages","nullable":false,"eco":false,"enrichments":[]},{"slug":"64","name":"64 pages","nullable":false,"eco":false,"enrichments":[]},{"slug":"68","name":"68 pages","nullable":false,"eco":false,"enrichments":[]},{"slug":"72","name":"72 pages","nullable":false,"eco":false,"enrichments":[]},{"slug":"76","name":"76 pages","nullable":false,"eco":false,"enrichments":[]},{"slug":"80","name":"80 pages","nullable":false,"eco":false,"enrichments":[]},{"slug":"84","name":"84 pages","nullable":false,"eco":false,"enrichments":[]},{"slug":"88","name":"88 pages","nullable":false,"eco":false,"enrichments":[]},{"slug":"92","name":"92 pages","nullable":false,"eco":false,"enrichments":[]},{"slug":"96","name":"96 pages","nullable":false,"eco":false,"enrichments":[]}],"viewMode":{"reseller":"number"},"type":"radio","optionsInSummary":["8"],"parentOptions":[]},{"slug":"size","title":"Format fermé (largeur x hauteur)","locked":false,"options":[{"slug":"a4","name":"A4 - 210 x 297 mm","nullable":false,"width":"210","height":"297","parent":"a_formaten"},{"slug":"a4_landscape","name":"A4 paysage - 297 x 210 mm","nullable":false,"width":297,"height":210,"parent":"a_formaten"},{"slug":"a5","name":"A5 - 148 x 210 mm","nullable":false,"width":"148","height":"210","parent":"a_formaten"},{"slug":"a5_landscape","name":"A5 paysage - 210 x 148 mm","nullable":false,"width":210,"height":148,"parent":"a_formaten"},{"slug":"a6","name":"A6 - 105 x 148 mm","nullable":false,"width":"105","height":"148","parent":"a_formaten"},{"slug":"a6_landscape","name":"A6 paysage - 148 x 105 mm","nullable":false,"width":148,"height":105,"parent":"a_formaten"},{"slug":"din_large","name":"Din large - 98 x 210 mm","nullable":false,"width":98,"height":210,"parent":"din_formaten_large"},{"slug":"din_large_plus","name":"Din large+ - 99 x 210 mm","nullable":false,"width":"99","height":210,"parent":"din_formaten_large"},{"slug":"us_large","name":"US large - 105 x 210 mm","nullable":false,"width":"105","height":210,"parent":"din_formaten_large"},{"slug":"a5_large","name":"A5 large - 105 x 297 mm","nullable":false,"width":105,"height":297,"parent":"din_formaten_large"},{"slug":"carre_xl","name":"Carré XL - 297 x 297 mm","nullable":false,"width":297,"height":297,"parent":"vierkant"},{"slug":"carre_l","name":"Carré L - 210 x 210 mm","nullable":false,"width":210,"height":210,"parent":"vierkant"},{"slug":"carre_m","name":"Carré M - 148 x 148 mm","nullable":false,"width":148,"height":148,"parent":"vierkant"},{"slug":"scriptie","name":"Thèse - 170 x 240 mm","nullable":false,"width":170,"height":240,"parent":"specials"},{"slug":"thesis_landscape","name":"Thèse paysage - 240 x 170 mm","nullable":false,"width":240,"height":170,"parent":"specials"},{"slug":"custom","nullable":false,"customSizes":{"minHeight":120,"minWidth":105,"maxHeight":340,"maxWidth":297}}],"viewMode":{"reseller":"summary-modal","storefront":"default"},"type":"radio","optionsInSummary":["a4","a4_landscape","a5","a5_landscape","a6","a6_landscape","carre_l","carre_m","scriptie"],"parentOptions":[{"slug":"a_formaten","name":"Format Din A","nullable":false,"width":1,"height":1},{"slug":"din_formaten_large","name":"Formats Din Large","nullable":false,"width":1,"height":1},{"slug":"vierkant","name":"Carré","nullable":false,"width":1,"height":1},{"slug":"specials","name":"Formats spéciaux","nullable":false,"width":1,"height":1}]},{"slug":"printtype","title":"Impression","locked":false,"options":[{"slug":"44","name":"4/4 quadri recto/verso","nullable":false,"eco":false,"pages":[{"numberOfColors":4,"colorspace":"cmyk"},{"numberOfColors":4,"colorspace":"cmyk"}],"enrichments":[]}],"viewMode":{"reseller":"default"},"type":"radio","optionsInSummary":[],"parentOptions":[]},{"slug":"cover_fold_out","title":"Supplémentaire rabat(s)","locked":false,"options":[{"slug":"none","name":"Sans","nullable":true,"eco":false,"enrichments":[]},{"slug":"front","name":"Face avant couverture","nullable":false,"eco":false,"enrichments":[]},{"slug":"back","name":"Face arrière couverture","nullable":false,"eco":false,"enrichments":[]},{"slug":"front_and_back","name":"Avant et arrière couverture","nullable":false,"eco":false,"enrichments":[]}],"viewMode":{"reseller":"default"},"type":"radio","optionsInSummary":[],"parentOptions":[]},{"slug":"fold_out_finish_cover","title":"Finition rabat(s)","locked":false,"options":[{"slug":"none","name":"Sans","nullable":true,"eco":false,"enrichments":[]},{"slug":"fold_out_cover_cut_2mm_back","name":"En retrait de 2 mm","nullable":false,"eco":false,"enrichments":[]},{"slug":"fold_out_cover_cut_evenly","name":"A bord égal","nullable":false,"eco":false,"enrichments":[]}],"viewMode":{"reseller":"default"},"type":"radio","optionsInSummary":[],"parentOptions":[]},{"slug":"squarefold","title":"Agrafage avec dos carré","locked":false,"options":[{"slug":"yes","name":"Oui","nullable":false,"eco":false,"enrichments":[]},{"slug":"no","name":"Non","nullable":true,"eco":false,"enrichments":[]}],"viewMode":{"reseller":"default"},"type":"radio","optionsInSummary":[],"parentOptions":[]},{"slug":"material","title":"Support pages intérieures","locked":false,"options":[{"slug":"90gr_gesatineerd_mc","name":"Couché brillant 90 g/m²","nullable":false,"eco":false,"parent":"1gr_gesatineerd_mc","enrichments":[{"propertySlug":"color","optionSlug":"#ffffff"},{"propertySlug":"thickness","optionSlug":"0.064"}]},{"slug":"115gr_gesatineerd_mc","name":"Couché brillant 115 g/m²","nullable":false,"eco":false,"parent":"1gr_gesatineerd_mc","enrichments":[{"propertySlug":"color","optionSlug":"#ffffff"},{"propertySlug":"thickness","optionSlug":"0.083"}]},{"slug":"135gr_gesatineerd_mc","name":"Couché brillant 135 g/m²","nullable":false,"eco":false,"parent":"1gr_gesatineerd_mc","enrichments":[{"propertySlug":"color","optionSlug":"#ffffff"},{"propertySlug":"weight","optionSlug":"130"},{"propertySlug":"thickness","optionSlug":"0.095"}]},{"slug":"150gr_gesatineerd_mc","name":"Couché brillant 150 g/m²","nullable":false,"eco":false,"parent":"1gr_gesatineerd_mc","enrichments":[{"propertySlug":"color","optionSlug":"#ffffff"},{"propertySlug":"thickness","optionSlug":"0.107"}]},{"slug":"170gr_gesatineerd_mc","name":"Couché brillant 170 g/m²","nullable":false,"eco":false,"parent":"1gr_gesatineerd_mc","enrichments":[{"propertySlug":"color","optionSlug":"#ffffff"},{"propertySlug":"thickness","optionSlug":"0.124"}]},{"slug":"250gr_gesatineerd_mc","name":"Couché brillant 250 g/m²","nullable":false,"eco":false,"parent":"1gr_gesatineerd_mc","enrichments":[{"propertySlug":"color","optionSlug":"#ffffff"},{"propertySlug":"thickness","optionSlug":"0.185"}]},{"slug":"300gr_gesatineerd_mc","name":"Couché brillant 300 g/m²","nullable":false,"eco":false,"parent":"1gr_gesatineerd_mc","enrichments":[{"propertySlug":"color","optionSlug":"#ffffff"},{"propertySlug":"thickness","optionSlug":"0.228"}]},{"slug":"90gr_silk_mc","name":"Couché demi-mat (silk) 90 g/m²","nullable":false,"eco":false,"parent":"1gr_silk_mc","enrichments":[{"propertySlug":"color","optionSlug":"#ffffff"},{"propertySlug":"thickening","optionSlug":"0.87"},{"propertySlug":"thickness","optionSlug":"0.074"}]},{"slug":"115gr_silk_mc","name":"Couché demi-mat (silk) 115 g/m²","nullable":false,"eco":false,"parent":"1gr_silk_mc","enrichments":[{"propertySlug":"color","optionSlug":"#ffffff"},{"propertySlug":"thickening","optionSlug":"0.82"},{"propertySlug":"thickness","optionSlug":"0.094"}]},{"slug":"135gr_silk_mc","name":"Couché demi-mat (silk) 135 g/m²","nullable":false,"eco":false,"parent":"1gr_silk_mc","enrichments":[{"propertySlug":"color","optionSlug":"#ffffff"},{"propertySlug":"thickening","optionSlug":"0.75"},{"propertySlug":"weight","optionSlug":"135"},{"propertySlug":"thickness","optionSlug":"0.111"}]},{"slug":"150gr_silk_mc","name":"Couché demi-mat (silk) 150 g/m²","nullable":false,"eco":false,"parent":"1gr_silk_mc","enrichments":[{"propertySlug":"color","optionSlug":"#ffffff"},{"propertySlug":"thickening","optionSlug":"0.92"},{"propertySlug":"thickness","optionSlug":"0.125"}]},{"slug":"170gr_silk_mc","name":"Couché demi-mat (silk) 170 g/m²","nullable":false,"eco":false,"parent":"1gr_silk_mc","enrichments":[{"propertySlug":"color","optionSlug":"#ffffff"},{"propertySlug":"thickening","optionSlug":"0.92"},{"propertySlug":"thickness","optionSlug":"0.141"}]},{"slug":"250gr_silk_mc","name":"Couché demi-mat (silk) 250 g/m²","nullable":false,"eco":false,"parent":"1gr_silk_mc","enrichments":[{"propertySlug":"color","optionSlug":"#ffffff"},{"propertySlug":"thickness","optionSlug":"0.225"}]},{"slug":"300gr_silk_mc","name":"Couché demi-mat (silk) 300 g/m²","nullable":false,"eco":false,"parent":"1gr_silk_mc","enrichments":[{"propertySlug":"color","optionSlug":"#ffffff"},{"propertySlug":"thickening","optionSlug":"0.96"},{"propertySlug":"thickness","optionSlug":"0.282"}]},{"slug":"90gr_biotop","name":"Bio Top 3® naturel 90 g/m²","nullable":false,"eco":true,"parent":"1gr_eco","enrichments":[{"propertySlug":"color","optionSlug":"#f9f5ea"},{"propertySlug":"thickness","optionSlug":"0.117"}]},{"slug":"120gr_biotop","name":"Bio Top 3® naturel 120 g/m²","nullable":false,"eco":true,"parent":"1gr_eco","enrichments":[{"propertySlug":"color","optionSlug":"#f9f5ea"},{"propertySlug":"thickness","optionSlug":"0.153"}]},{"slug":"160gr_biotop","name":"Bio Top 3® naturel 160 g/m²","nullable":false,"eco":true,"parent":"1gr_eco","enrichments":[{"propertySlug":"color","optionSlug":"#f9f5ea"},{"propertySlug":"thickness","optionSlug":"0.204"}]},{"slug":"250gr_biotop","name":"Bio Top 3® naturel 250 g/m²","nullable":false,"eco":true,"parent":"1gr_eco","enrichments":[{"propertySlug":"color","optionSlug":"#f9f5ea"},{"propertySlug":"thickness","optionSlug":"0.307"}]},{"slug":"80gr_hvo","name":"Offset non couché 80 g/m²","nullable":false,"eco":false,"parent":"1gr_ongestreken_en_sulfaat","enrichments":[{"propertySlug":"color","optionSlug":"#fffdfb"},{"propertySlug":"thickness","optionSlug":"0.1"}]},{"slug":"90gr_hvo","name":"Offset non couché 90 g/m²","nullable":false,"eco":false,"parent":"1gr_ongestreken_en_sulfaat","enrichments":[{"propertySlug":"color","optionSlug":"#ffffff"},{"propertySlug":"thickness","optionSlug":"0.113"}]},{"slug":"120gr_hvo","name":"Offset non couché 120 g/m²","nullable":false,"eco":false,"parent":"1gr_ongestreken_en_sulfaat","enrichments":[{"propertySlug":"color","optionSlug":"#fffdfb"},{"propertySlug":"thickness","optionSlug":"0.143"}]},{"slug":"170gr_hvo","name":"Offset  non couché 170 g/m²","nullable":false,"eco":false,"parent":"1gr_ongestreken_en_sulfaat","enrichments":[{"propertySlug":"color","optionSlug":"#ffffff"},{"propertySlug":"thickness","optionSlug":"0.189"}]},{"slug":"250gr_hvo","name":"Offset non couché 250 g/m²","nullable":false,"eco":false,"parent":"1gr_ongestreken_en_sulfaat","enrichments":[{"propertySlug":"color","optionSlug":"#ffffff"},{"propertySlug":"thickness","optionSlug":"0.274"}]},{"slug":"300gr_hvo","name":"Offset non couché 300 g/m²","nullable":false,"eco":false,"parent":"1gr_ongestreken_en_sulfaat","enrichments":[{"propertySlug":"color","optionSlug":"#ffffff"},{"propertySlug":"thickness","optionSlug":"0.329"}]},{"slug":"80gr_recyclingpaper_rebello_or_vivus_89","name":"Rebello 80 g/m², 100% recyclé","nullable":false,"eco":true,"parent":"1gr_eco","enrichments":[{"propertySlug":"color","optionSlug":"#fcfcfc"},{"propertySlug":"thickness","optionSlug":"0.096"}]},{"slug":"135gr_recyclingpaper_rebello_or_vivus_89","name":"Rebello 135 g/m², 100% recyclé","nullable":false,"eco":true,"parent":"1gr_eco","enrichments":[{"propertySlug":"color","optionSlug":"#fcfcfc"},{"propertySlug":"thichness","optionSlug":"0.160"}]},{"slug":"170gr_recyclingpaper_rebello_or_vivus_89","name":"Rebello 170 g/m², 100% recyclé","nullable":false,"eco":true,"parent":"1gr_eco","enrichments":[{"propertySlug":"color","optionSlug":"#fcfcfc"},{"propertySlug":"thickness","optionSlug":"0.204"}]},{"slug":"300gr_recyclingpaper_rebello_or_vivus_89","name":"Rebello 300 g/m², 100% recyclé","nullable":false,"eco":true,"parent":"1gr_eco","enrichments":[{"propertySlug":"color","optionSlug":"#fcfcfc"},{"propertySlug":"thickness","optionSlug":"0.360"}]},{"slug":"90gr_paperwise_earth_pact_natural","name":"Paperwise® Earth Pact Natural 90 g/m²","nullable":false,"eco":true,"parent":"1gr_eco","enrichments":[{"propertySlug":"color","optionSlug":"#e8dcae"},{"propertySlug":"thickness","optionSlug":"0.13"}]},{"slug":"150gr_paperwise_earth_pact_natural","name":"Paperwise® Earth Pact Natural 150 g/m²","nullable":false,"eco":true,"parent":"1gr_eco","enrichments":[{"propertySlug":"color","optionSlug":"#e8dcae"},{"propertySlug":"thickness","optionSlug":"0.205"}]},{"slug":"295gr_paperwise_earth_pact_natural","name":"Paperwise® Earth Pact Natural 295 g/m²","nullable":false,"eco":true,"parent":"1gr_eco","enrichments":[{"propertySlug":"color","optionSlug":"#e8dcae"},{"propertySlug":"thickness","optionSlug":"0.460"}]},{"slug":"90gr_recystar","name":"BalancePure® 90 g/m²","nullable":false,"eco":true,"parent":"1gr_eco","enrichments":[{"propertySlug":"color","optionSlug":"#fdfdfd"},{"propertySlug":"thickness","optionSlug":"0.108"}]},{"slug":"120gr_recystar","name":"BalancePure® 120 g/m²","nullable":false,"eco":true,"parent":"1gr_eco","enrichments":[{"propertySlug":"color","optionSlug":"#fdfdfd"},{"propertySlug":"thickness","optionSlug":"0.144"}]},{"slug":"170gr_recystar","name":"BalancePure® 170 g/m²","nullable":false,"eco":true,"parent":"1gr_eco","enrichments":[{"propertySlug":"color","optionSlug":"#fdfdfd"},{"propertySlug":"thickness","optionSlug":"0.204"}]},{"slug":"300gr_recystar","name":"BalancePure® 300 g/m²","nullable":false,"eco":true,"parent":"1gr_eco","enrichments":[{"propertySlug":"color","optionSlug":"#fdfdfd"},{"propertySlug":"thickness","optionSlug":"0.360"}]},{"slug":"90gr_recystar_nature","name":"Recystar® Nature 90 g/m²","nullable":false,"eco":true,"parent":"1gr_eco","enrichments":[{"propertySlug":"color","optionSlug":"#f5f4ed"},{"propertySlug":"thickness","optionSlug":"0.113"}]},{"slug":"120gr_recystar_nature","name":"Recystar Nature 120 g/m²","nullable":false,"eco":true,"parent":"1gr_eco","enrichments":[{"propertySlug":"color","optionSlug":"#f5f4ed"},{"propertySlug":"thickness","optionSlug":"0.145"}]},{"slug":"170gr_recystar_nature","name":"Recystar® Nature 170 g/m²","nullable":false,"eco":true,"parent":"1gr_eco","enrichments":[{"propertySlug":"color","optionSlug":"#f5f4ed"},{"propertySlug":"thickness","optionSlug":"0.210"}]},{"slug":"300gr_recystar_nature","name":"Recystar® Nature 300 g/m²","nullable":false,"eco":true,"parent":"1gr_eco","enrichments":[{"propertySlug":"color","optionSlug":"#f5f4ed"},{"propertySlug":"thickness","optionSlug":"0.360"}]}],"viewMode":{"reseller":"summary-modal","storefront":"default"},"type":"radio","optionsInSummary":["135gr_gesatineerd_mc","170gr_gesatineerd_mc","135gr_silk_mc","150gr_silk_mc","170gr_silk_mc","170gr_hvo","160gr_biotop","80gr_recyclingpaper_rebello_or_vivus_89","135gr_recyclingpaper_rebello_or_vivus_89","170gr_recyclingpaper_rebello_or_vivus_89"],"parentOptions":[{"slug":"1gr_gesatineerd_mc","name":"Couché brillant","nullable":false,"eco":false,"enrichments":[]},{"slug":"1gr_silk_mc","name":"Couché demi-mat (silk)","nullable":false,"eco":false,"enrichments":[]},{"slug":"1gr_ongestreken_en_sulfaat","name":"Non-couché et carte","nullable":false,"eco":false,"enrichments":[]},{"slug":"1gr_eco","name":"Aspect Eco/recyclé","nullable":false,"eco":true,"enrichments":[]}]},{"slug":"cover_material","title":"Support couverture","locked":false,"options":[{"slug":"yupo","name":"Résistant à l'eau et aux déchirures","nullable":false,"eco":false,"enrichments":[]},{"slug":"selfcover","name":"Selfcover","nullable":false,"eco":false,"enrichments":[{"propertySlug":"color","optionSlug":"#ffffff"}]},{"slug":"170gr_gesatineerd_mc","name":"Couverture souple - Couché brillant 160 g/m²","nullable":false,"eco":false,"parent":"1gr_gesatineerd_mc","enrichments":[{"propertySlug":"color","optionSlug":"#ffffff"},{"propertySlug":"thickness","optionSlug":"0.124"}]},{"slug":"250gr_gesatineerd_mc","name":"Couverture souple - Couché brillant 250 g/m²","nullable":false,"eco":false,"parent":"1gr_gesatineerd_mc","enrichments":[{"propertySlug":"color","optionSlug":"#ffffff"},{"propertySlug":"thickness","optionSlug":"0.185"}]},{"slug":"300gr_gesatineerd_mc","name":"Couverture souple - Couché brillant 300 g/m²","nullable":false,"eco":false,"parent":"1gr_gesatineerd_mc","enrichments":[{"propertySlug":"color","optionSlug":"#ffffff"},{"propertySlug":"thickness","optionSlug":"0.228"}]},{"slug":"350gr_gesatineerd_mc","name":"Couverture souple - Couché brillant 350 g/m²","nullable":false,"eco":false,"parent":"1gr_gesatineerd_mc","enrichments":[{"propertySlug":"color","optionSlug":"#ffffff"},{"propertySlug":"thickness","optionSlug":"0.273"}]},{"slug":"170gr_silk_mc","name":"Couverture souple - Couché demi-mat (silk) 170 g/m²","nullable":false,"eco":false,"parent":"1gr_silk_mc","enrichments":[{"propertySlug":"color","optionSlug":"#ffffff"},{"propertySlug":"thickness","optionSlug":"0.141"}]},{"slug":"250gr_silk_mc","name":"Couverture souple - Couché demi-mat (silk) 250 g/m²","nullable":false,"eco":false,"parent":"1gr_silk_mc","enrichments":[{"propertySlug":"color","optionSlug":"#ffffff"},{"propertySlug":"thickness","optionSlug":"0.225"}]},{"slug":"300gr_silk_mc","name":"Couverture souple - Couché demi-mat (silk) 300 g/m²","nullable":false,"eco":false,"parent":"1gr_silk_mc","enrichments":[{"propertySlug":"color","optionSlug":"#ffffff"},{"propertySlug":"thickness","optionSlug":"0.282"}]},{"slug":"350gr_silk_mc","name":"Couverture souple - Couché demi-mat (silk) 350 g/m²","nullable":false,"eco":false,"parent":"1gr_silk_mc","enrichments":[{"propertySlug":"color","optionSlug":"#ffffff"},{"propertySlug":"thickness","optionSlug":"0.347"}]},{"slug":"170gr_hvo","name":"Couverture souple - Offset sans bois 160 g/m²","nullable":false,"eco":false,"parent":"1gr_ongestreken_en_sulfaat","enrichments":[{"propertySlug":"color","optionSlug":"#ffffff"},{"propertySlug":"thickness","optionSlug":"0.189"}]},{"slug":"250gr_hvo","name":"Couverture souple - Offset sans bois 250 g/m²","nullable":false,"eco":false,"parent":"1gr_ongestreken_en_sulfaat","enrichments":[{"propertySlug":"color","optionSlug":"#ffffff"},{"propertySlug":"thickness","optionSlug":"0.274"}]},{"slug":"300gr_hvo","name":"Couverture souple - Offset sans bois 300 g/m²","nullable":false,"eco":false,"parent":"1gr_ongestreken_en_sulfaat","enrichments":[{"propertySlug":"color","optionSlug":"#ffffff"},{"propertySlug":"thickness","optionSlug":"0.329"}]},{"slug":"280_sbs_dubbel","name":"Couverture souple - Carton sulfate Invercote couché 2 faces 280 g/m²","nullable":false,"eco":false,"parent":"1gr_ongestreken_en_sulfaat","enrichments":[{"propertySlug":"color","optionSlug":"#ffffff"},{"propertySlug":"thickness","optionSlug":"0.315"}]},{"slug":"300gr_sbs","name":"Couverture souple - Carton sulfate Multicard 300 g/m², couché 1 face","nullable":false,"eco":false,"parent":"1gr_ongestreken_en_sulfaat","enrichments":[{"propertySlug":"color","optionSlug":"#ffffff"},{"propertySlug":"thickness","optionSlug":"0.360"}]},{"slug":"160gr_biotop","name":"Couverture souple - Bio Top 3 naturel 160 g/m²","nullable":false,"eco":true,"parent":"1gr_eco","enrichments":[{"propertySlug":"color","optionSlug":"#f9f5ea"},{"propertySlug":"thickness","optionSlug":"0.204"}]},{"slug":"250gr_biotop","name":"Couverture souple - Bio Top 3 naturel 250 g/m²","nullable":false,"eco":true,"parent":"1gr_eco","enrichments":[{"propertySlug":"color","optionSlug":"#f9f5ea"},{"propertySlug":"thickness","optionSlug":"0.307"}]},{"slug":"300gr_biotop","name":"Couverture souple - Bio Top 3 naturel 300 g/m²","nullable":false,"eco":true,"parent":"1gr_eco","enrichments":[{"propertySlug":"color","optionSlug":"#f9f5ea"},{"propertySlug":"thickness","optionSlug":"0.388"}]},{"slug":"170gr_recyclingpaper_rebello_or_vivus_89","name":"Couverture souple - Rebello 170 g/m², 100% recyclé","nullable":false,"eco":true,"parent":"1gr_eco","enrichments":[{"propertySlug":"color","optionSlug":"#fcfcfc"}]},{"slug":"300gr_recyclingpaper_rebello_or_vivus_89","name":"Couverture souple - Rebello 300 g/m², 100% recyclé","nullable":false,"eco":true,"parent":"1gr_eco","enrichments":[{"propertySlug":"color","optionSlug":"#fcfcfc"}]},{"slug":"150gr_paperwise_earth_pact_natural","name":"Couverture souple - Paperwise Earth Pact Natural 100% recyclé 150 g/m²","nullable":false,"eco":true,"parent":"1gr_eco","enrichments":[{"propertySlug":"color","optionSlug":"#eee2d1"}]},{"slug":"295gr_paperwise_earth_pact_natural","name":"Couverture souple - Paperwise Earth Pact Natural 100% recyclé 295 g/m²","nullable":false,"eco":true,"parent":"1gr_eco","enrichments":[{"propertySlug":"color","optionSlug":"#eee2d1"}]},{"slug":"300gr_recystar_nature","name":"Couverture souple - Recystar Nature 300 g/m²","nullable":false,"eco":true,"parent":"1gr_eco","enrichments":[{"propertySlug":"color","optionSlug":"#f5f4ed"},{"propertySlug":"thickness","optionSlug":"0.360"}]},{"slug":"300gr_recystar","name":"Couverture souple - Balance Pure 300 g/m²","nullable":false,"eco":true,"parent":"1gr_eco","enrichments":[{"propertySlug":"color","optionSlug":"#fdfdfd"},{"propertySlug":"thickness","optionSlug":"0.360"}]},{"slug":"280gr_linnen","name":"Constellation Snow 280 g/m² ","nullable":false,"eco":false,"parent":"1gr_specials","enrichments":[{"propertySlug":"color","optionSlug":"#ffffff"},{"propertySlug":"thickness","optionSlug":"0.364"}]}],"viewMode":{"reseller":"summary-modal"},"type":"radio","optionsInSummary":["selfcover","170gr_gesatineerd_mc","250gr_gesatineerd_mc","250gr_silk_mc","300gr_silk_mc","300gr_hvo","170gr_recyclingpaper_rebello_or_vivus_89","300gr_recyclingpaper_rebello_or_vivus_89"],"parentOptions":[{"slug":"1gr_gesatineerd_mc","name":"Couché brillant","nullable":false,"eco":false,"enrichments":[]},{"slug":"1gr_silk_mc","name":"Couché demi-mat (silk)","nullable":false,"eco":false,"enrichments":[]},{"slug":"1gr_eco","name":"Aspect Eco","nullable":false,"eco":false,"enrichments":[]},{"slug":"1gr_ongestreken_en_sulfaat","name":"Non couché et carton sulfate","nullable":false,"eco":false,"enrichments":[]},{"slug":"1gr_specials","name":"Spéciaux","nullable":false,"eco":false,"enrichments":[]}]},{"slug":"finish","title":"Pelliculage couverture","locked":false,"options":[{"slug":"geen","name":"Sans","nullable":true,"eco":false,"enrichments":[]},{"slug":"single_sided_gloss_lamination","name":"Pelliculage brillant recto seul","nullable":false,"eco":false,"parent":"laminaat","enrichments":[]},{"slug":"single_sided_matt_lamination","name":"Pelliculage mat recto seul","nullable":false,"eco":false,"parent":"laminaat","enrichments":[]},{"slug":"single_soft_touch_lamination","name":"Pelliculage mat Soft Touch® (aspect velours) recto seul","nullable":false,"eco":false,"parent":"soft_touch","enrichments":[]},{"slug":"single_sided_scratch_resistant_laminate","name":"Pelliculage mat anti-rayures recto seul","nullable":false,"eco":false,"parent":"scratch_resistant","enrichments":[]},{"slug":"double_sided_gloss_lamination","name":"Pelliculage brillant recto/verso","nullable":false,"eco":false,"parent":"laminaat","enrichments":[]},{"slug":"double_sided_matt_lamination","name":"Pelliculage mat recto/verso","nullable":false,"eco":false,"parent":"laminaat","enrichments":[]},{"slug":"double_sided_scratch_resistant_laminate","name":"Pelliculage mat anti-rayures recto/verso","nullable":false,"eco":false,"parent":"scratch_resistant","enrichments":[]},{"slug":"double_soft_touch_lamination","name":"Pelliculage mat Soft Touch® (aspect velours) recto/verso","nullable":false,"eco":false,"parent":"soft_touch","enrichments":[]},{"slug":"single_sided_linen_lamination","name":"Pelliculage mat aspect lin recto seul","nullable":false,"eco":false,"parent":"linen_lamination","enrichments":[]},{"slug":"double_sided_linen_lamination","name":"Pelliculage mat aspect lin recto/verso","nullable":false,"eco":false,"parent":"linen_lamination","enrichments":[]}],"viewMode":{"reseller":"summary-modal"},"type":"radio","optionsInSummary":["geen","single_sided_gloss_lamination","single_sided_matt_lamination","single_soft_touch_lamination"],"parentOptions":[{"slug":"laminaat","name":"Pelliculage","nullable":false,"eco":false,"enrichments":[]},{"slug":"scratch_resistant","name":"Pelliculage mat anti-rayures","nullable":false,"eco":false,"enrichments":[]},{"slug":"soft_touch","name":"Pelliculage Soft Touch® (aspect velours)","nullable":false,"eco":false,"enrichments":[]},{"slug":"linen_lamination","name":"Pelliculage mat aspect lin","nullable":false,"eco":false,"enrichments":[]}]},{"slug":"spot_finish","title":"Dorure ou vernis sélectif couverture","locked":false,"options":[{"slug":"none","name":"Sans","nullable":true,"eco":false,"enrichments":[]},{"slug":"foil_gold","name":"Dorure or","nullable":false,"eco":false,"parent":"group_foils","enrichments":[]},{"slug":"foil_silver","name":"Dorure argent","nullable":false,"eco":false,"parent":"group_foils","enrichments":[]},{"slug":"foil_rose","name":"Dorure or rosé","nullable":false,"eco":false,"parent":"group_foils","enrichments":[]},{"slug":"foil_copper","name":"Dorure cuivre","nullable":false,"eco":false,"parent":"group_foils","enrichments":[]},{"slug":"foil_glitter","name":"Dorure pailletée","nullable":false,"eco":false,"parent":"group_foils","enrichments":[]},{"slug":"foil_rainbow","name":"Dorure arc-en-ciel","nullable":false,"eco":false,"parent":"group_foils","enrichments":[]},{"slug":"embossed_partial_gloss_40","name":"Vernis sélectif UV brillant épaississant 3D (40 µm)","nullable":false,"eco":false,"parent":"group_partial_gloss","enrichments":[]},{"slug":"embossed_partial_gloss_80","name":"Vernis sélectif UV brillant épaississant 3D (80 µm)","nullable":false,"eco":false,"parent":"group_partial_gloss","enrichments":[]}],"viewMode":{"reseller":"summary-modal"},"type":"radio","optionsInSummary":["none","embossed_partial_gloss_40","foil_gold","foil_silver"],"parentOptions":[{"slug":"group_partial_gloss","name":"Vernis UV brillant sélectif","nullable":false,"eco":false,"enrichments":[]},{"slug":"group_foils","name":"Dorure","nullable":false,"eco":false,"enrichments":[]}]},{"slug":"sample","title":"Epreuve / Échantillon d'impression","locked":false,"options":[{"slug":"none","name":"Non","nullable":true,"eco":false,"enrichments":[]},{"slug":"sample_with_voucher","name":"Epreuve avec bon de réduction","nullable":false,"eco":false,"enrichments":[]},{"slug":"sample_with_watermark","name":"Epreuve avec filigrane","nullable":false,"eco":false,"enrichments":[]}],"viewMode":{"reseller":"default"},"type":"radio","optionsInSummary":[],"parentOptions":[]},{"slug":"copies","title":"Quantité","locked":false,"options":[{"slug":1,"nullable":false,"type":"digital"},{"slug":5,"nullable":false,"type":"digital"},{"slug":10,"nullable":false,"type":"digital"},{"slug":25,"nullable":false,"type":"digital"},{"slug":50,"nullable":false,"type":"digital"},{"slug":100,"nullable":false,"type":"digital"}],"viewMode":{"reseller":"copies","storefront":"default"},"copiesInSummary":{"digital":7},"rangeSets":[{"options":[{"max":3025,"steps":1,"min":1}],"summary":[1,10,25,50,100,200,250,300],"printingmethod":"inkjet"},{"options":[{"max":300,"steps":50,"min":250},{"max":700,"steps":100,"min":300},{"max":800,"steps":50,"min":700},{"max":1200,"steps":100,"min":800},{"max":1300,"steps":50,"min":1200},{"max":5000,"steps":100,"min":1300},{"max":15000,"steps":250,"min":5000},{"max":20000,"steps":250,"min":15000},{"steps":250,"max":100500,"min":20000}],"summary":[250,300,400,500,750,1000,1250,1500,2000,2500,3000,4000,5000,7500,10000],"printingmethod":"offset"},{"summary":[1,5,10,25,50,100],"options":[{"max":2500,"steps":1,"min":1}],"printingmethod":"digital"}],"copyLimit":{"digital":2500},"parentOptions":[]},{"slug":"urgency","title":"Urgence","locked":false,"options":[{"slug":"quick","name":"Rapide","nullable":false,"eco":false,"enrichments":[]},{"slug":"standard","name":"Standard","nullable":false,"eco":false,"enrichments":[]},{"slug":"urgent","name":"Urgent","nullable":false,"eco":false,"enrichments":[]},{"slug":"moderate","nullable":false,"eco":false,"enrichments":[],"name":"Moderate"}],"viewMode":{"reseller":"default","storefront":"default"},"type":"radio","parentOptions":[]},{"slug":"printingmethod","title":"Méthode d'impression","locked":false,"options":[{"slug":"digital","name":"Digital","description":"HP Indigo Digital","nullable":false,"eco":false,"enrichments":[]},{"slug":"inkjet","name":"Jet d'encre","description":"varioPRINT iX-serie inkjet","nullable":false,"eco":false,"enrichments":[]},{"slug":"offset","name":"Offset","nullable":false,"eco":false,"enrichments":[]}],"viewMode":{"reseller":"default"},"type":"radio","optionsInSummary":["digital","offset"],"parentOptions":[]},{"slug":"standard_bundle","title":"Empaqueter","locked":false,"options":[{"slug":"no","name":"No","nullable":true,"enrichments":[]},{"slug":"yes","name":"Mettre en lots","nullable":false,"enrichments":[]}],"viewMode":{"reseller":"default"},"type":"checkbox","optionsInSummary":[],"parentOptions":[]},{"slug":"special_size","title":"Format spécial","locked":false,"options":[{"slug":"false","name":"Non","nullable":false,"eco":false,"enrichments":[]},{"slug":"true","name":"Oui","nullable":false,"eco":false,"enrichments":[]}],"viewMode":{"reseller":"default"},"type":"radio","optionsInSummary":[],"parentOptions":[]},{"slug":"packaging_extras","title":"Emballage","locked":false,"options":[{"slug":"packaging_handling","name":"packaging_handling","nullable":false,"eco":false,"enrichments":[]}],"viewMode":{"reseller":"default"},"type":"radio","optionsInSummary":[],"parentOptions":[]},{"slug":"cross_bundle","title":"Conditionnement sous liens croisés","locked":false,"options":[{"slug":"yes","name":"Conditionnement en lots sous liens croisés","nullable":false},{"slug":"no","name":"non","nullable":true}],"viewMode":{"reseller":"default"},"type":"radio","optionsInSummary":[],"parentOptions":[]},{"slug":"sheet_size","title":"Format fini (Largeur x Hauteur)","locked":false,"options":[{"slug":"large_indigo_sheet","name":"grande feuille d'indigo","nullable":false,"eco":false,"enrichments":[]},{"slug":"not_defined","name":"non défini","nullable":false,"eco":false,"enrichments":[]},{"slug":"small_indigo_sheet","name":"petite feuille d'indigo","nullable":false,"eco":false,"enrichments":[]}],"viewMode":{"reseller":"default"},"type":"radio","optionsInSummary":[],"parentOptions":[]},{"slug":"box_delivery","locked":false,"options":[{"slug":"15","nullable":false,"eco":false,"enrichments":[],"name":"15"}],"viewMode":{"reseller":"default"},"type":"number","optionsInSummary":[],"parentOptions":[],"title":"box_delivery"},{"slug":"clean_cut","title":"Coupe au format","locked":true,"options":[{"slug":"yes","name":"Oui","nullable":false,"eco":false,"enrichments":[]},{"slug":"no","name":"Non","nullable":true,"eco":false,"enrichments":[]}],"viewMode":{"reseller":"dropdown"},"type":"checkbox","optionsInSummary":[],"parentOptions":[]},{"slug":"bundle","title":"Lots sous bandelette","locked":false,"options":[{"slug":"bundle_per_25","name":"par 25","nullable":false,"eco":false,"enrichments":[]},{"slug":"bundle_per_50","name":"par 50","nullable":false,"eco":false,"enrichments":[]},{"slug":"bundle_per_100","name":"par 100","nullable":false,"eco":false,"enrichments":[]},{"slug":"bundle_per_250","name":"par 250","nullable":false,"eco":false,"enrichments":[]}],"viewMode":{"reseller":"dropdown"},"type":"radio","optionsInSummary":[],"parentOptions":[]},{"slug":"sealed","title":"Lots sous film","locked":false,"options":[{"slug":"1","name":"Par unité","nullable":false,"eco":false,"enrichments":[]},{"slug":"10","name":"par 10","nullable":false,"eco":false,"enrichments":[]},{"slug":"25","name":"par 25","nullable":false,"eco":false,"enrichments":[]}],"viewMode":{"reseller":"dropdown"},"type":"radio","optionsInSummary":[],"parentOptions":[]},{"slug":"pallet_delivery","title":"Livraison sur palette","locked":false,"options":[{"slug":"bundle_250_boxes","name":"Conditionnement par 250 sous liens croisés, puis mise en boîtes","nullable":false,"enrichments":[]},{"slug":"bundle_250_no_boxes","name":"Conditionnement par 250 sous liens croisés, puis mise sur palette","nullable":false,"enrichments":[]},{"slug":"bundle_random_boxes","name":"Conditionnement sous liens croisés (sans comptage), puis mise en boîtes","nullable":false,"enrichments":[]},{"slug":"cross_bundle_100_no_boxes","name":"Conditionnement par 100 sous liens croisés, puis mise sur palette","nullable":false,"enrichments":[]}],"viewMode":{"reseller":"dropdown"},"type":"radio","optionsInSummary":[],"parentOptions":[]},{"slug":"delivery","title":"Poids maximun par colis (voir 'Frais de transport')","locked":false,"options":[{"slug":"box_max_weight_15_kg","name":"15 kg par boîte","nullable":false,"eco":false,"enrichments":[]},{"slug":"box_max_weight_25_kg","name":"25 kg par boîte","nullable":true,"eco":false,"enrichments":[]}],"viewMode":{"reseller":"dropdown"},"type":"radio","optionsInSummary":[],"parentOptions":[]}],"maxDesigns":1,"bleed":2,"hsCode":"4901990000","isAvailableInUserRegion":true,"hasAccessories":false,"accessoryExcludes":[],"propertyGroups":[{"slug":"stapled-magazines-swlbjice","columnWidth":{"reseller":"binding"},"title":"Reliure","properties":["binding","number_of_loop_stitches"]},{"slug":"stapled-magazines-evragark","columnWidth":{"reseller":"third"},"title":"Format","properties":["pages","size","printtype","cover_fold_out","fold_out_finish_cover","squarefold"]},{"slug":"stapled-magazines-cqbefevb","columnWidth":{"reseller":"third","storefront":"third"},"properties":["material","cover_material","finish","spot_finish"],"title":"Support"},{"slug":"stapled-magazines-ztgizdhe","columnWidth":{"reseller":"third","storefront":"third"},"title":"Quantité","properties":["sample","copies"]},{"slug":"stapled-magazines-sfgttnjj","columnWidth":{"reseller":"hidden","storefront":"third"},"properties":["urgency","printingmethod","standard_bundle","special_size","packaging_extras","cross_bundle","sheet_size","box_delivery"],"title":"Hidden"},{"slug":"stapled-magazines-fpnzmsrz","columnWidth":{"reseller":"extras-three-columns"},"columnHeight":{},"title":"Options complémentaires","properties":["clean_cut","bundle","sealed","pallet_delivery","delivery"]}],"excludes":[[{"options":["90gr_recycled","120gr_recycled","160gr_recycled","300gr_recycled","120gr_biotop","250gr_biotop","250gr_hvo","90gr_recystar","120gr_recystar","170gr_recystar","90gr_paperwise_earth_pact_natural","150gr_paperwise_earth_pact_natural","295gr_paperwise_earth_pact_natural","90gr_recystar_nature","120gr_recystar_nature","90gr_biotop","160gr_biotop","200gr_yupo","250gr_yupo","300gr_hvo","300gr_silk_mc","300gr_gesatineerd_mc","300gr_yupo_blue_ypi","300gr_recystar","70gr_hvo","170gr_recystar_nature","115gr_teslin","167gr_teslin","243gr_teslin"],"property":"material"},{"options":["offset"],"property":"printingmethod"}],[{"options":["300gr_biotop","160gr_biotop","300gr_recycled","160gr_recycled","300gr_sbs_invercote","350gr_sbd_invercote","350gr_gesatineerd_mc","400gr_gesatineerd_mc","400gr_silk_mc","350gr_silk_mc","300gr_recystar","150gr_paperwise_earth_pact_natural","295gr_paperwise_earth_pact_natural","250gr_biotop","400gr_yupo","350gr_yupo_blue_ypi","300gr_yupo_blue_ypi","250gr_yupo","280gr_linnen","240gr_sbs_invercote","300gr_recystar_nature","167gr_teslin","243gr_teslin"],"property":"cover_material"},{"property":"printingmethod","options":["offset"]}],[{"property":"material","options":["170gr_gesatineerd_mc","170gr_silk_mc","160gr_recycled","160gr_biotop","170gr_hvo","200gr_yupo","170gr_recystar","170gr_recystar_nature","120gr_biotop","120gr_hvo","120gr_recystar","120gr_recystar_nature","120gr_hv_bankpost"]},{"options":["62","66","70","72","74","76","78","80","82","84","86","88","90","92","94","96","98","100","108","116","124","132","140","148","156","164","172","180","188","196","204","212","220","228","236","244","252","260","268","276","284","292","300","10","14","18","22","26","30","34","38","42","46","50","54","58","104"],"property":"pages"},{"property":"binding","options":["stapled","loop_stitched"]}],[{"options":["250gr_gesatineerd_mc","250gr_silk_mc","300gr_recycled","250gr_biotop","250gr_hvo","300gr_yupo_blue_ypi","250gr_yupo","160gr_biotop"],"property":"material"},{"options":["38","40","42","44","46","48","50","52","54","56","58","60","62","64","66","68","70","72","74","76","78","80","82","84","86","88","90","92","94","96","98","100","108","116","124","132","140","148","156","164","172","180","188","196","204","212","220","228","236","244","252","260","268","276","284","292","300","10","14","18","22","26","30","104","36"],"property":"pages"},{"options":["stapled","loop_stitched"],"property":"binding"}],[{"options":["150gr_gesatineerd_mc","150gr_silk_mc","120gr_recycled","120gr_biotop","120gr_hvo","135gr_silk_mc","135gr_gesatineerd_mc","120gr_recystar","120gr_recystar_nature"],"property":"material"},{"options":["86","92","94","96","98","100","108","116","124","132","140","148","156","164","172","180","188","196","204","212","220","228","236","244","252","260","268","276","284","292","300","10","14","18","22","26","30","34","38","42","46","50","54","58","62","66","78","82","104"],"property":"pages"},{"property":"binding","options":["stapled","loop_stitched"]}],[{"options":["90gr_gesatineerd_mc","90gr_silk_mc","90gr_recycled","90gr_hvo","90gr_biotop","90gr_recystar","90gr_recystar_nature"],"property":"material"},{"options":["124","132","140","148","156","164","172","180","188","196","204","212","220","228","236","244","252","260","268","276","284","292","300","98","10","14","18","22","26","30","34","38","42","46","50","54","58","62","66","70","74","78","82","86","90","94","108","104","100","96"],"property":"pages"},{"options":["stapled","loop_stitched"],"property":"binding"}],[{"property":"printingmethod","options":["inkjet","digital"]},{"options":["4"],"property":"number_of_loop_stitches"}],[{"property":"binding","options":["loop_stitched"]},{"options":["none"],"property":"number_of_loop_stitches"}],[{"property":"number_of_loop_stitches","options":["2","4"]},{"options":["stapled"],"property":"binding"}],[{"options":["bundle_random_boxes"],"property":"pallet_delivery"},{"property":"bundle","options":["bundle_per_25","bundle_per_50","bundle_per_100","bundle_per_250","bundle_per_500"]}],[{"options":["offset"],"property":"printingmethod"},{"property":"material","options":["90gr_paperwise_earth_pact_natural","150gr_paperwise_earth_pact_natural","295gr_paperwise_earth_pact_natural","300gr_recystar_nature"]}],[{"options":["thesis_landscape"],"property":"size"},{"options":["offset"],"property":"printingmethod"}],[{"options":["115gr_gesatineerd_mc","150gr_gesatineerd_mc","115gr_silk_mc","150gr_silk_mc","90gr_recycled","120gr_recycled","160gr_recycled","300gr_recycled","90gr_biotop","120gr_biotop","160gr_biotop","250gr_biotop","120gr_hvo","250gr_hvo","90gr_paperwise_earth_pact_natural","150gr_paperwise_earth_pact_natural","295gr_paperwise_earth_pact_natural"],"property":"material"},{"property":"printingmethod","options":["offset"]},{"options":["300gr_hvo"],"property":"cover_material"}],[{"options":["170gr_hvo","170gr_gesatineerd_mc","170gr_silk_mc","160gr_biotop","300gr_hvo"],"property":"cover_material"},{"property":"finish","options":["single_sided_scratch_resistant_laminate","single_soft_touch_lamination","single_sided_matt_lamination","single_sided_gloss_lamination","single_sided_linen_lamination","double_sided_linen_lamination","double_sided_matt_lamination","double_sided_scratch_resistant_laminate","double_soft_touch_lamination","double_sided_gloss_lamination"]},{"options":["offset"],"property":"printingmethod"}],[{"options":["90gr_hvo","170gr_hvo"],"property":"material"},{"property":"cover_material","options":["300gr_gesatineerd_mc","400gr_gesatineerd_mc","350gr_gesatineerd_mc","350gr_silk_mc","400gr_silk_mc","240gr_sbs_invercote","300gr_sbs_invercote","350gr_sbd_invercote","160gr_recycled","160gr_biotop","300gr_recycled","250gr_biotop","300gr_biotop","150gr_paperwise_earth_pact_natural","295gr_paperwise_earth_pact_natural"]},{"options":["offset"],"property":"printingmethod"}],[{"options":["din_large"],"property":"size"},{"property":"printingmethod","options":["offset"]},{"options":["90gr_hvo","120gr_hvo","250gr_hvo"],"property":"material"}],[{"options":["din_large"],"property":"size"},{"options":["offset"],"property":"printingmethod"},{"options":["250gr_hvo","300gr_hvo"],"property":"cover_material"}],[{"options":["group_partial_gloss","single_sided_partial_gloss","single_sided_embossed_partial_gloss_40","single_sided_foil_gold","single_sided_foil_silver","single_sided_foil_copper","single_sided_foil_rose","single_sided_foil_black","single_sided_foil_rainbow","single_sided_foil_glitter","single_sided_embossed_partial_gloss_80","group_single_sided_spot","foil_copper","foil_glitter","foil_gold","foil_rainbow","foil_rose","foil_silver","embossed_partial_gloss_40","embossed_partial_gloss_80"],"property":"spot_finish"},{"options":["offset","inkjet"],"property":"printingmethod"}],[{"options":["150gr_paperwise_earth_pact_natural","295gr_paperwise_earth_pact_natural","300gr_recystar","300gr_recystar_nature","300gr_yupo_blue_ypi","350gr_yupo_blue_ypi","250gr_yupo","400gr_yupo","280gr_linnen","300gr_hvo","250gr_hvo","170gr_hvo","300gr_conqueror_vergé_(crème)_high_white","300gr_conqueror_vergé_diamond_white","160gr_biotop","167gr_teslin","243gr_teslin"],"property":"cover_material"},{"property":"spot_finish","options":["foil_glitter","foil_copper","foil_rainbow","foil_gold","foil_rose","embossed_partial_gloss_40","foil_silver","embossed_partial_gloss_80"]}],[{"options":["1","10","25"],"property":"sealed"},{"options":["bundle_per_25","bundle_per_50","bundle_per_100","bundle_per_250","bundle_per_500"],"property":"bundle"}],[{"options":["200gr_yupo","250gr_yupo","300gr_yupo_blue_ypi"],"property":"material"},{"options":["offset"],"property":"printingmethod"}],[{"property":"cover_material","options":["400gr_yupo","300gr_yupo_blue_ypi","250gr_yupo","350gr_yupo_blue_ypi","300gr_recystar","295gr_paperwise_earth_pact_natural","150gr_paperwise_earth_pact_natural","300gr_conqueror_vergé_(crème)_high_white","300gr_conqueror_vergé_diamond_white","300gr_sbs","300gr_hvo"]},{"options":["offset"],"property":"printingmethod"}],[{"options":["group_foils","foil_copper","foil_gold","foil_glitter","foil_rose","foil_rainbow","foil_silver","embossed_partial_gloss_40","embossed_partial_gloss_80"],"property":"spot_finish"},{"property":"finish","options":["geen"]},{"property":"material","options":["90gr_biotop","120gr_biotop","160gr_biotop","250gr_biotop","80gr_hvo","90gr_hvo","120gr_hvo","170gr_hvo","250gr_hvo","90gr_paperwise_earth_pact_natural","150gr_paperwise_earth_pact_natural","295gr_paperwise_earth_pact_natural","90gr_recystar","120gr_recystar","170gr_recystar","90gr_recystar_nature","120gr_recystar_nature","170gr_recystar_nature","300gr_recystar_nature","300gr_recystar","300gr_hvo"]}],[{"property":"finish","options":["single_sided_gloss_lamination","single_sided_matt_lamination","single_soft_touch_lamination","single_sided_scratch_resistant_laminate","double_sided_gloss_lamination","double_sided_matt_lamination","double_sided_scratch_resistant_laminate","double_soft_touch_lamination","single_sided_linen_lamination","double_sided_linen_lamination"]},{"options":["selfcover"],"property":"cover_material"},{"property":"material","options":["90gr_gesatineerd_mc","115gr_gesatineerd_mc","135gr_gesatineerd_mc","150gr_gesatineerd_mc","90gr_silk_mc","115gr_silk_mc","135gr_silk_mc","150gr_silk_mc","90gr_biotop","120gr_biotop","160gr_biotop","80gr_hvo","90gr_hvo","120gr_hvo","90gr_paperwise_earth_pact_natural","150gr_paperwise_earth_pact_natural","90gr_recystar","120gr_recystar","170gr_recystar","90gr_recystar_nature","120gr_recystar_nature","170gr_recystar_nature","170gr_hvo","70gr_hvo","170gr_gesatineerd_mc","170gr_silk_mc","80gr_recyclingpaper_rebello_or_vivus_89","135gr_recyclingpaper_rebello_or_vivus_89","170gr_recyclingpaper_rebello_or_vivus_89","167gr_teslin","115gr_teslin"]}],[{"property":"spot_finish","options":["group_partial_gloss","single_sided_partial_gloss","single_sided_embossed_partial_gloss_40","group_foils","single_sided_foil_gold","single_sided_foil_copper","single_sided_foil_silver","sigle_sided_cold_foil","single_sided_foil_rose","single_sided_foil_black","single_sided_foil_rainbow","single_sided_foil_glitter","single_sided_embossed_partial_gloss_80","foil_copper","foil_glitter","foil_gold","foil_rainbow","foil_rose","foil_silver","embossed_partial_gloss_40","embossed_partial_gloss_80"]},{"options":["single_sided_linen_lamination","double_sided_linen_lamination"],"property":"finish"}],[{"options":["offset"],"property":"printingmethod"},{"options":["single_sided_linen_lamination","double_sided_linen_lamination"],"property":"finish"}],[{"property":"printingmethod","options":["offset"]},{"options":["90gr_gesatineerd_mc","115gr_gesatineerd_mc","135gr_gesatineerd_mc","150gr_gesatineerd_mc","170gr_gesatineerd_mc","90gr_silk_mc","115gr_silk_mc","135gr_silk_mc","150gr_silk_mc","170gr_silk_mc","120gr_biotop","90gr_biotop","160gr_biotop","80gr_hvo","120gr_hvo","90gr_hvo","170gr_hvo"],"property":"material"},{"property":"cover_material","options":["selfcover"]},{"options":["single_sided_gloss_lamination","single_sided_matt_lamination","single_soft_touch_lamination","single_sided_scratch_resistant_laminate","double_sided_gloss_lamination","double_sided_matt_lamination","double_sided_scratch_resistant_laminate","double_soft_touch_lamination","single_sided_linen_lamination","double_sided_linen_lamination"],"property":"finish"}],[{"property":"cover_material","options":["280gr_linnen","150gr_paperwise_earth_pact_natural","170gr_hvo","170gr_gesatineerd_mc","160gr_biotop","300gr_conqueror_vergé_(crème)_high_white","170gr_silk_mc","300gr_conqueror_vergé_diamond_white","170gr_recyclingpaper_rebello_or_vivus_89","167gr_teslin"]},{"property":"finish","options":["single_soft_touch_lamination","single_sided_gloss_lamination","single_sided_matt_lamination","single_sided_scratch_resistant_laminate","double_sided_gloss_lamination","double_sided_matt_lamination","double_sided_scratch_resistant_laminate","double_soft_touch_lamination","single_sided_linen_lamination","linen_lamination","double_sided_linen_lamination"]}],[{"options":["double_sided_gloss_lamination","double_sided_matt_lamination","double_sided_scratch_resistant_laminate","double_soft_touch_lamination","double_sided_linen_lamination"],"property":"finish"},{"property":"printingmethod","options":["offset"]}],[{"property":"squarefold","options":["yes"]},{"options":["single_sided_foil","group_single_sided_spot","single_sided_partial_gloss","single_sided_embossed_partial_gloss_40","single_sided_foil_gold","single_sided_foil_silver","single_sided_foil_copper","coldfoil","sigle_sided_cold_foil","single_sided_foil_rose","single_sided_foil_glitter","single_sided_foil_rainbow","single_sided_embossed_partial_gloss_80","foil_copper","foil_glitter","foil_gold","foil_rainbow","foil_rose","foil_silver","embossed_partial_gloss_40","embossed_partial_gloss_80"],"property":"spot_finish"}],[{"options":["yes"],"property":"squarefold"},{"options":["offset","inkjet"],"property":"printingmethod"}],[{"options":["170gr_hvo","170gr_recystar_nature","170gr_recystar","170gr_silk_mc","170gr_gesatineerd_mc"],"property":"material"},{"options":["60","64","68","72","76","80","84","88","92","96","100","104","108"],"property":"pages"}],[{"property":"cover_material","options":["300gr_silk_mc","300gr_gesatineerd_mc","300gr_hvo"]},{"options":["60","64","68","72","76","80","84","88","92","96","100","104","108"],"property":"pages"}],[{"options":["300gr_hvo","300gr_silk_mc","300gr_gesatineerd_mc","300gr_recystar","295gr_paperwise_earth_pact_natural","300gr_recystar_nature"],"property":"material"},{"options":["20","24","28","32","36","40","44","48","52","56","60","64","68","72","76","80","84","88","92","96","100","104","108"],"property":"pages"}],[{"options":["300gr_hvo","300gr_gesatineerd_mc","300gr_silk_mc"],"property":"cover_material"},{"options":["300gr_gesatineerd_mc","300gr_silk_mc","300gr_hvo"],"property":"material"},{"options":["16","20","24","28","32","36","40","44","48","52","56","60","64","68","72","76","80","84","88","92","96","100","104","108"],"property":"pages"}],[{"property":"squarefold","options":["yes"]},{"options":["8","12","16","20","24","28","68","72","76","80","84","88","92","96","100","104","108","60","64","56"],"property":"pages"}],[{"property":"material","options":["200gr_yupo","250gr_yupo","300gr_yupo_blue_ypi","70gr_hvo","90gr_gesatineerd_mc","115gr_gesatineerd_mc","90gr_silk_mc","115gr_silk_mc","90gr_paperwise_earth_pact_natural","150gr_paperwise_earth_pact_natural","90gr_hvo","295gr_paperwise_earth_pact_natural","90gr_recystar_nature","120gr_recystar_nature","120gr_biotop","120gr_hvo","250gr_hvo","300gr_recystar","300gr_recystar_nature","90gr_recystar","120gr_recystar","170gr_recystar","170gr_recystar_nature","115gr_teslin","167gr_teslin","243gr_teslin"]},{"options":["yes"],"property":"squarefold"}],[{"options":["loop_stitched"],"property":"binding"},{"options":["80gr_recyclingpaper_rebello_or_vivus_89","135gr_recyclingpaper_rebello_or_vivus_89","170gr_recyclingpaper_rebello_or_vivus_89","300gr_recyclingpaper_rebello_or_vivus_89","115gr_teslin","167gr_teslin","243gr_teslin"],"property":"material"}],[{"options":["digital","inkjet"],"property":"printingmethod"},{"property":"pallet_delivery","options":["bundle_250_no_boxes","bundle_random_boxes","cross_bundle_100_no_boxes","bundle_250_boxes"]}],[{"options":["170gr_hvo","160gr_biotop","170gr_silk_mc","170gr_gesatineerd_mc","167gr_teslin","243gr_teslin"],"property":"cover_material"},{"options":["single_sided_linen_lamination","single_sided_scratch_resistant_laminate"],"property":"finish"}],[{"options":["double_sided_linen_lamination","single_sided_linen_lamination","double_soft_touch_lamination","double_sided_scratch_resistant_laminate","double_sided_matt_lamination","double_sided_gloss_lamination","single_sided_scratch_resistant_laminate"],"property":"finish"},{"options":["selfcover"],"property":"cover_material"},{"options":["170gr_gesatineerd_mc","170gr_silk_mc","200gr_yupo"],"property":"material"}],[{"options":["70gr_hvo","80gr_hvo"],"property":"material"},{"options":["digital"],"property":"printingmethod"},{"options":["108","104","96","100","92","88","84"],"property":"pages"}],[{"options":["yes"],"property":"squarefold"},{"options":["loop_stitched"],"property":"binding"}],[{"property":"material","options":["150gr_gesatineerd_mc","150gr_silk_mc","150gr_paperwise_earth_pact_natural"]},{"options":["68","72","76","80","84","88","92","96","100","104","108"],"property":"pages"}],[{"options":["custom:width:148-297","custom:height:148-297","a6_landscape","a6"],"property":"size"},{"options":["yes"],"property":"squarefold"}],[{"options":["240gr_sbs_invercote","300gr_sbs_invercote","350gr_sbd_invercote"],"property":"cover_material"},{"options":["70gr_hvo","120gr_hvo","90gr_hvo","250gr_hvo","170gr_hvo","300gr_hvo","90gr_paperwise_earth_pact_natural","150gr_paperwise_earth_pact_natural","295gr_paperwise_earth_pact_natural","300gr_recystar_nature","170gr_recystar_nature","120gr_recystar_nature","300gr_recystar","90gr_recystar_nature","170gr_recystar","120gr_recystar","90gr_recystar","300gr_yupo_blue_ypi","200gr_yupo","250gr_yupo"],"property":"material"},{"property":"printingmethod","options":["digital"]}],[{"options":[550,600,650,700,800,850,900,950,1050,1100,1150,1200,1300,1350,1400,1450,1550,1600,1650,1700,1800,1850,1900,1950,2100,2050,2150,2200,2300,2350,2400,2450,2600,2700,2800,2900,450,400,350,300,3100,3200,3300,3400,3800,3700,3600,3900,4100,4200,4400,4300,4600,4700,4800,4900,5100,5200,5300,5400,5600,5700,5800,5900,6100,6200,6300,6400,6600,6700,6800,6900,7100,7200,7300,7400,7600,7700,7800,7900,8100,8200,8300,8400,8600,8700,8800,8900,9100,9300,9200,9400,9600,9700,9800,9900,10100,10200,10300,10400,10600,10700,10800,10900,11100,11200,11300,11400,11600,11700,11800,11900,12100,12200,12300,12400,12600,12700,12800,12900,13100,13200,13300,13400,13600,13700,13800,13900,14100,14200,14300,14400,14600,14700,14800,14900,15100,15200,15300,15400,15600,15700,15800,15900,16100,16200,16300,16400,16600,16700,16800,16900,17100,17200,17300,17400,17600,17700,17800,17900,18100,18200,18300,18400,18500,18700,18800,18900,19100,19200,19300,19400,19600,19800,19700,19900],"property":"copies"},{"options":["bundle_per_250"],"property":"bundle"}],[{"options":["300gr_recystar_nature"],"property":"cover_material"},{"options":["68","72","84","88","92","96","100","104","108","76","80"],"property":"pages"}],[{"options":["80gr_hvo","80gr_recyclingpaper_rebello_or_vivus_89","135gr_recyclingpaper_rebello_or_vivus_89","300gr_recyclingpaper_rebello_or_vivus_89","170gr_recyclingpaper_rebello_or_vivus_89"],"property":"material"},{"options":["digital"],"property":"printingmethod"}],[{"options":["80gr_hvo"],"property":"material"},{"options":["300gr_hvo","300gr_sbs","240gr_sbs_invercote","300gr_recystar_nature"],"property":"cover_material"}],[{"options":["68","72","76","80","84","88","92","96","100","104","108"],"property":"pages"},{"options":["digital"],"property":"printingmethod"},{"options":["a4_landscape","a5_landscape","a6_landscape","din_large_plus_landscape","din_large_landscape","a5_large_landscape"],"property":"size"}],[{"property":"spot_finish","options":["single_sided_foil","single_sided_partial_gloss","single_sided_embossed_partial_gloss_40","single_sided_foil_gold","single_sided_foil_silver","single_sided_foil_copper","sigle_sided_cold_foil","single_sided_foil_rose","single_sided_foil_rainbow","single_sided_foil_glitter","single_sided_embossed_partial_gloss_80","foil_copper","foil_glitter","foil_gold","foil_rainbow","foil_rose","foil_silver","embossed_partial_gloss_40","embossed_partial_gloss_80"]},{"options":["64","68","72","80","84","88","92","96","100","104","108","76"],"property":"pages"}],[{"property":"material","options":["300gr_hvo"]},{"options":["offset"],"property":"printingmethod"}],[{"options":["120gr_hv_bankpost"],"property":"material"},{"options":["offset"],"property":"printingmethod"}],[{"options":["250gr_yupo","300gr_yupo_blue_ypi"],"property":"cover_material"},{"property":"finish","options":["single_sided_matt_lamination","single_soft_touch_lamination","single_sided_scratch_resistant_laminate","single_sided_linen_lamination","single_sided_gloss_lamination"]}],[{"options":["double_sided_matt_lamination","double_sided_gloss_lamination","double_sided_scratch_resistant_laminate","double_soft_touch_lamination","double_sided_linen_lamination"],"property":"finish"},{"property":"cover_material","options":["300gr_sbs","240gr_sbs_invercote","300gr_sbs_invercote"]}],[{"options":["80gr_hvo"],"property":"material"},{"options":["offset"],"property":"printingmethod"},{"property":"copies","options":[5100,5200,5300,5400,5500,5600,5700,5800,5900,6000,6100,6200,6300,6400,6500,6600,6700,6800,6900,7000,7100,7200,7300,7400,7500,7600,7700,7800,7900,8000,8100,8200,8300,8400,8500,8600,8700,8800,8900,9000,9100,9200,9300,9400,9500,9600,9700,9800,9900,10000,10100,10200,10300,10400,10500,10600,10700,10800,10900,11000,11100,11200,11300,11400,11500,11600,11700,11800,11900,12000,12100,12200,12300,12400,12500,12600,12700,12800,12900,13000,13100,13200,13300,13400,13500,13600,13700,13800,13900,14000,14100,14200,14300,14400,14500,14600,14700,14800,14900,15000,15100,15200,15300,15400,15500,15600,15700,15800,15900,16000,16100,16200,16300,16400,16500,16600,16700,16800,16900,17000,17100,17200,17300,17400,17500,17600,17700,17800,17900,18000,18100,18200,18300,18400,18500,18600,18700,18800,18900,19000,19100,19200,19300,19400,19500,19600,19700,19800,19900,20000,21000,22000,23000,24000,25000,26000,27000,28000,29000,30000]}],[{"options":["280_sbs_dubbel"],"property":"cover_material"},{"options":["170gr_recystar","170gr_recystar_nature"],"property":"material"},{"options":["offset"],"property":"printingmethod"}],[{"options":["280_sbs_dubbel"],"property":"cover_material"},{"options":["90gr_gesatineerd_mc","90gr_silk_mc","120gr_hvo","170gr_hvo","70gr_hvo","90gr_recystar","120gr_recystar","170gr_recystar","90gr_recystar_nature","170gr_recystar_nature","120gr_recystar_nature","300gr_recystar","300gr_recystar_nature"],"property":"material"},{"options":["digital"],"property":"printingmethod"}],[{"options":["inkjet"],"property":"printingmethod"},{"options":["custom:width:105-210","custom:height:148-297","a4_landscape","thesis_landscape","carre_xl","a6_landscape"],"property":"size"}],[{"options":["inkjet"],"property":"printingmethod"},{"property":"material","options":["90gr_gesatineerd_mc","90gr_silk_mc","70gr_hvo","80gr_hvo","90gr_paperwise_earth_pact_natural","150gr_paperwise_earth_pact_natural","295gr_paperwise_earth_pact_natural","90gr_recystar","120gr_recystar","170gr_recystar","300gr_recystar","90gr_recystar_nature","120gr_recystar_nature","170gr_recystar_nature","300gr_recystar_nature","120gr_hv_bankpost","80gr_recyclingpaper_rebello_or_vivus_89","135gr_recyclingpaper_rebello_or_vivus_89","170gr_recyclingpaper_rebello_or_vivus_89","300gr_recyclingpaper_rebello_or_vivus_89","115gr_teslin","167gr_teslin","243gr_teslin"]}],[{"options":["inkjet"],"property":"printingmethod"},{"property":"cover_material","options":["300gr_sbs","240gr_sbs_invercote","280_sbs_dubbel","150gr_paperwise_earth_pact_natural","295gr_paperwise_earth_pact_natural","300gr_recystar_nature","300gr_recystar","280gr_linnen","170gr_recyclingpaper_rebello_or_vivus_89","300gr_recyclingpaper_rebello_or_vivus_89","167gr_teslin","243gr_teslin"]}],[{"options":["inkjet","offset"],"property":"printingmethod"},{"options":["single_sided_partial_gloss","single_sided_embossed_partial_gloss_40","single_sided_foil_gold","single_sided_foil_silver","single_sided_foil_copper","sigle_sided_cold_foil","single_sided_foil_rose","single_sided_foil_rainbow","single_sided_foil_glitter","single_sided_embossed_partial_gloss_80","foil_glitter","foil_copper","foil_gold","foil_rainbow","foil_rose","foil_silver","embossed_partial_gloss_40","embossed_partial_gloss_80","group_partial_gloss"],"property":"spot_finish"}],[{"options":["inkjet"],"property":"printingmethod"},{"property":"sealed","options":["1","10","25"]}],[{"options":["inkjet"],"property":"printingmethod"},{"property":"pages","options":["108","104","100","96","92","88","84","80","76","72","68"]}],[{"options":["170gr_hvo"],"property":"material"},{"options":["300gr_hvo"],"property":"cover_material"},{"options":["offset"],"property":"printingmethod"}],[{"options":["108","104","100","96","92","88","84"],"property":"pages"},{"options":["digital"],"property":"printingmethod"}],[{"property":"size","options":["a4_landscape","a5_landscape","a6_landscape","thesis_landscape"]},{"property":"material","options":["90gr_gesatineerd_mc","90gr_silk_mc","70gr_hvo"]}],[{"options":["scriptie"],"property":"size"},{"options":["300gr_recystar_nature","300gr_recystar"],"property":"cover_material"}],[{"options":["a4_landscape","a5_landscape","a6_landscape"],"property":"size"},{"options":["120gr_hv_bankpost"],"property":"material"}],[{"options":["250gr_hvo","300gr_recystar_nature","300gr_recystar","300gr_biotop","150gr_paperwise_earth_pact_natural","295gr_paperwise_earth_pact_natural","280_sbs_dubbel","280gr_linnen"],"property":"cover_material"},{"options":["yes"],"property":"squarefold"}],[{"options":["120gr_recystar","120gr_recystar_nature"],"property":"material"},{"options":["1","10","25"],"property":"sealed"}],[{"property":"material","options":["90gr_gesatineerd_mc","150gr_gesatineerd_mc","170gr_gesatineerd_mc","90gr_silk_mc","115gr_silk_mc","135gr_silk_mc","150gr_silk_mc","170gr_silk_mc","90gr_biotop","120gr_biotop","160gr_biotop","70gr_hvo","80gr_hvo","90gr_hvo","120gr_hvo","170gr_hvo","90gr_paperwise_earth_pact_natural","150gr_paperwise_earth_pact_natural","90gr_recystar","120gr_recystar","170gr_recystar","90gr_recystar_nature","120gr_recystar_nature","170gr_recystar_nature","120gr_hv_bankpost","115gr_gesatineerd_mc","135gr_gesatineerd_mc","300gr_recystar_nature","300gr_recystar"]},{"options":["selfcover"],"property":"cover_material"},{"options":["foil_gold","foil_silver","foil_rose","foil_copper","foil_glitter","foil_rainbow","embossed_partial_gloss_40","embossed_partial_gloss_80"],"property":"spot_finish"}],[{"options":["90gr_recystar_nature","120gr_recystar_nature","170gr_recystar_nature","300gr_recystar_nature","300gr_recystar","170gr_recystar","120gr_recystar","90gr_recystar","90gr_biotop","90gr_gesatineerd_mc","90gr_silk_mc","115gr_teslin","167gr_teslin","243gr_teslin"],"property":"material"},{"property":"spot_finish","options":["foil_gold","foil_silver","foil_rose","foil_copper","foil_glitter","foil_rainbow","embossed_partial_gloss_40","embossed_partial_gloss_80"]}],[{"options":["a6_landscape","thesis_landscape"],"property":"size"},{"options":["300gr_recystar_nature","300gr_recystar"],"property":"cover_material"}],[{"property":"size","options":["a6_landscape","carre_xl","thesis_landscape","custom:width:105-210","custom:height:148-297"]},{"property":"material","options":["80gr_recyclingpaper_rebello_or_vivus_89","135gr_recyclingpaper_rebello_or_vivus_89","170gr_recyclingpaper_rebello_or_vivus_89","300gr_recyclingpaper_rebello_or_vivus_89"]}],[{"options":["170gr_recyclingpaper_rebello_or_vivus_89","300gr_recyclingpaper_rebello_or_vivus_89"],"property":"cover_material"},{"options":["single_soft_touch_lamination","single_sided_scratch_resistant_laminate","double_sided_gloss_lamination","double_sided_matt_lamination","double_sided_scratch_resistant_laminate","double_soft_touch_lamination","single_sided_linen_lamination","double_sided_linen_lamination"],"property":"finish"}],[{"property":"number_of_loop_stitches","options":["4"]},{"options":["300gr_recyclingpaper_rebello_or_vivus_89","170gr_recyclingpaper_rebello_or_vivus_89"],"property":"cover_material"}],[{"property":"material","options":["80gr_recyclingpaper_rebello_or_vivus_89","135gr_recyclingpaper_rebello_or_vivus_89","170gr_recyclingpaper_rebello_or_vivus_89","300gr_recyclingpaper_rebello_or_vivus_89"]},{"property":"sealed","options":["1","10","25"]}],[{"property":"pallet_delivery","options":["bundle_250_boxes","bundle_250_no_boxes","bundle_random_boxes","cross_bundle_100_no_boxes"]},{"property":"material","options":["80gr_recyclingpaper_rebello_or_vivus_89","135gr_recyclingpaper_rebello_or_vivus_89","170gr_recyclingpaper_rebello_or_vivus_89","300gr_recyclingpaper_rebello_or_vivus_89"]}],[{"options":["1","10","25"],"property":"sealed"},{"property":"cover_material","options":["170gr_recyclingpaper_rebello_or_vivus_89","300gr_recyclingpaper_rebello_or_vivus_89"]}],[{"property":"pallet_delivery","options":["bundle_250_boxes","bundle_250_no_boxes","bundle_random_boxes","cross_bundle_100_no_boxes"]},{"property":"cover_material","options":["170gr_recyclingpaper_rebello_or_vivus_89","300gr_recyclingpaper_rebello_or_vivus_89"]}],[{"property":"cover_material","options":["170gr_recyclingpaper_rebello_or_vivus_89","300gr_recyclingpaper_rebello_or_vivus_89","280_sbs_dubbel"]},{"property":"printingmethod","options":["digital"]}],[{"property":"material","options":["80gr_recyclingpaper_rebello_or_vivus_89","135gr_recyclingpaper_rebello_or_vivus_89","170gr_recyclingpaper_rebello_or_vivus_89","300gr_recyclingpaper_rebello_or_vivus_89"]},{"property":"cover_material","options":["170gr_gesatineerd_mc","250gr_gesatineerd_mc","300gr_gesatineerd_mc","350gr_gesatineerd_mc","170gr_silk_mc","250gr_silk_mc","300gr_silk_mc","350gr_silk_mc","280_sbs_dubbel","300gr_sbs","160gr_biotop","250gr_biotop","300gr_biotop","150gr_paperwise_earth_pact_natural","295gr_paperwise_earth_pact_natural","300gr_recystar_nature","300gr_recystar","280gr_linnen","300gr_hvo","250gr_hvo","170gr_hvo"]}],[{"property":"cover_material","options":["300gr_recyclingpaper_rebello_or_vivus_89","170gr_recyclingpaper_rebello_or_vivus_89"]},{"property":"material","options":["90gr_gesatineerd_mc","115gr_gesatineerd_mc","135gr_gesatineerd_mc","150gr_gesatineerd_mc","170gr_gesatineerd_mc","250gr_gesatineerd_mc","300gr_gesatineerd_mc","90gr_silk_mc","115gr_silk_mc","135gr_silk_mc","150gr_silk_mc","170gr_silk_mc","250gr_silk_mc","300gr_silk_mc","90gr_biotop","120gr_biotop","160gr_biotop","250gr_biotop","70gr_hvo","80gr_hvo","300gr_hvo","90gr_paperwise_earth_pact_natural","150gr_paperwise_earth_pact_natural","295gr_paperwise_earth_pact_natural","90gr_recystar","120gr_recystar","170gr_recystar","300gr_recystar","90gr_recystar_nature","120gr_recystar_nature","170gr_recystar_nature","300gr_recystar_nature","80gr_roman","90gr_hvo"]}],[{"property":"printingmethod","options":["inkjet"]},{"options":["double_sided_linen_lamination","single_sided_linen_lamination","double_soft_touch_lamination","double_sided_scratch_resistant_laminate","single_sided_scratch_resistant_laminate","single_soft_touch_lamination"],"property":"finish"}],[{"property":"size","options":["custom:width:105-240","custom:height:148-312"]},{"property":"material","options":["90gr_gesatineerd_mc","90gr_silk_mc","90gr_recystar","70gr_hvo"]},{"property":"printingmethod","options":["digital"]}],[{"property":"sample","options":["sample_with_voucher","sample_with_watermark"]},{"options":["offset"],"property":"printingmethod"}],[{"property":"cover_fold_out","options":["front","back","front_and_back"]},{"property":"cover_material","options":["selfcover","350gr_gesatineerd_mc","350gr_silk_mc","300gr_hvo","300gr_sbs","160gr_biotop","250gr_biotop","300gr_biotop","170gr_recyclingpaper_rebello_or_vivus_89","300gr_recyclingpaper_rebello_or_vivus_89","150gr_paperwise_earth_pact_natural","295gr_paperwise_earth_pact_natural","300gr_recystar_nature","300gr_recystar","280gr_linnen","160gr_hvo","200gr_silk_mc"]}],[{"property":"cover_fold_out","options":["front","back","front_and_back"]},{"options":["double_sided_gloss_lamination","double_sided_matt_lamination","double_sided_scratch_resistant_laminate","double_soft_touch_lamination","double_sided_linen_lamination","single_sided_linen_lamination"],"property":"finish"}],[{"property":"cover_fold_out","options":["front","back","front_and_back"]},{"property":"fold_out_finish_cover","options":["none"]}],[{"property":"cover_fold_out","options":["front","back","front_and_back"]},{"property":"material","options":["300gr_gesatineerd_mc","300gr_silk_mc","90gr_biotop","120gr_biotop","160gr_biotop","250gr_biotop","70gr_hvo","80gr_hvo","300gr_hvo","80gr_recyclingpaper_rebello_or_vivus_89","135gr_recyclingpaper_rebello_or_vivus_89","170gr_recyclingpaper_rebello_or_vivus_89","300gr_recyclingpaper_rebello_or_vivus_89","90gr_paperwise_earth_pact_natural","150gr_paperwise_earth_pact_natural","295gr_paperwise_earth_pact_natural","90gr_recystar","120gr_recystar","170gr_recystar","300gr_recystar","90gr_recystar_nature","120gr_recystar_nature","170gr_recystar_nature","300gr_recystar_nature","80gr_roman_hh","250gr_hvo"]}],[{"property":"cover_fold_out","options":["front","back","front_and_back"]},{"options":["digital","inkjet"],"property":"printingmethod"}],[{"property":"cover_fold_out","options":["front","back","front_and_back"]},{"property":"spot_finish","options":["foil_gold","foil_silver","foil_rose","foil_copper","foil_glitter","foil_rainbow","embossed_partial_gloss_40","embossed_partial_gloss_80"]}],[{"property":"cover_fold_out","options":["front","back","front_and_back"]},{"property":"squarefold","options":["yes"]}],[{"options":["fold_out_cover_cut_2mm_back","fold_out_cover_cut_evenly"],"property":"fold_out_finish_cover"},{"options":["none"],"property":"cover_fold_out"}],[{"property":"size","options":["custom:width:107-210","custom:height:148-297","a6","us_large","a5_large","carre_xl","a6_landscape","din_large","din_large_plus"]},{"property":"fold_out_finish_cover","options":["fold_out_cover_cut_2mm_back"]}],[{"options":["custom:width:105-210","custom:height:148-297","carre_xl","a6_landscape","din_large","din_large_plus"],"property":"size"},{"property":"fold_out_finish_cover","options":["fold_out_cover_cut_evenly"]}],[{"options":["custom:width:105-297","custom:height:120-297"],"property":"size"},{"property":"printingmethod","options":["offset"]}],[{"options":["90gr_gesatineerd_mc","115gr_gesatineerd_mc","150gr_gesatineerd_mc","90gr_silk_mc","115gr_silk_mc","150gr_silk_mc","80gr_hvo","120gr_hvo"],"property":"material","description":"Materialen wat enkel naar Cartim kan. Zij kunnen custom formaat tot max. 230 x 297 mm / 297 x 230 mm"},{"property":"printingmethod","options":["offset"]},{"property":"size","options":["custom:width:105-230","custom:height:120-297","carre_xl"]}],[{"options":["300gr_gesatineerd_mc","250gr_hvo"],"property":"cover_material"},{"property":"printingmethod","options":["offset"]},{"property":"size","options":["carre_xl","custom:width:105-230","custom:height:120-297"]}],[{"options":["a6_landscape","thesis_landscape"],"property":"size","description":"liggende formaten die PDCP niet kan"},{"property":"material","options":["90gr_recystar_nature","90gr_recystar","120gr_recystar","170gr_recystar","300gr_recystar","120gr_recystar_nature","170gr_recystar_nature","300gr_recystar_nature"]}],[{"property":"sample","options":["sample_with_voucher","sample_with_watermark"]},{"property":"copies","options":[2,3,4,5,6,7,8,9,10,11,12,13,14,15,16,17,18,19,20,21,22,23,24,25,26,27,28,29,30,31,32,33,34,35,36,37,38,39,40,41,42,43,44,45,46,47,48,49,50,51,52,53,54,55,56,57,58,59,60,61,62,63,64,65,66,67,68,69,70,71,72,73,74,75,76,77,78,79,80,81,82,83,84,85,86,87,88,89,90,91,92,93,94,95,96,97,98,99,100,101,102,103,104,105,106,107,108,109,110,111,112,113,114,115,116,117,118,119,120,121,122,123,124,125,126,127,128,129,130,131,132,133,134,135,136,137,138,139,140,141,142,143,144,145,146,147,148,149,150,151,152,153,154,155,156,157,158,159,160,161,162,163,164,165,166,167,168,169,170,171,172,173,174,175,176,177,178,179,180,181,182,183,184,185,186,187,188,189,190,191,192,193,194,195,196,197,198,199,200,201,202,203,204,205,206,207,208,209,210,211,212,213,214,215,216,217,218,219,220,221,222,223,224,225,226,227,228,229,230,231,232,233,234,235,236,237,238,239,240,241,242,243,244,245,246,247,248,249,250,251,252,253,254,255,256,257,258,259,260,261,262,263,264,265,266,267,268,269,270,271,272,273,274,275,276,277,278,279,280,281,282,283,284,285,286,287,288,289,290,291,292,293,294,295,296,297,298,299,300,301,302,303,304,305,306,307,308,309,310,311,312,313,314,315,316,317,318,319,320,321,322,323,324,325,326,327,328,329,330,331,332,333,334,335,336,337,338,339,340,341,342,343,344,345,346,347,348,349,350,351,352,353,354,355,356,357,358,359,360,361,362,363,364,365,366,367,368,369,370,371,372,373,374,375,376,377,378,379,380,381,382,383,384,385,386,387,388,389,390,391,392,393,394,395,396,397,398,399,400,401,402,403,404,405,406,407,408,409,410,411,412,413,414,415,416,417,418,419,420,421,422,423,424,425,426,427,428,429,430,431,432,433,434,435,436,437,438,439,440,441,442,443,444,445,446,447,448,449,450,451,452,453,454,455,456,457,458,459,460,461,462,463,464,465,466,467,468,469,470,471,472,473,474,475,476,477,478,479,480,481,482,483,484,485,486,487,488,489,490,491,492,493,494,495,496,497,498,499,500,501,502,503,504,505,506,507,508,509,510,511,512,513,514,515,516,517,518,519,520,521,522,523,524,525,526,527,528,529,530,531,532,533,534,535,536,537,538,539,540,541,542,543,544,545,546,547,548,549,550,551,552,553,554,555,556,557,558,559,560,561,562,563,564,565,566,567,568,569,570,571,572,573,574,575,576,577,578,579,580,581,582,583,584,585,586,587,588,589,590,591,592,593,594,595,596,597,598,599,600,601,602,603,604,605,606,607,608,609,610,611,612,613,614,615,616,617,618,619,620,621,622,623,624,625,626,627,628,629,630,631,632,633,634,635,636,637,638,639,640,641,642,643,644,645,646,647,648,649,650,651,652,653,654,655,656,657,658,659,660,661,662,663,664,665,666,667,668,669,670,671,672,673,674,675,676,677,678,679,680,681,682,683,684,685,686,687,688,689,690,691,692,693,694,695,696,697,698,699,700,701,702,703,704,705,706,707,708,709,710,711,712,713,714,715,716,717,718,719,720,721,722,723,724,725,726,727,728,729,730,731,732,733,734,735,736,737,738,739,740,741,742,743,744,745,746,747,748,749,750,751,752,753,754,755,756,757,758,759,760,761,762,763,764,765,766,767,768,769,770,771,772,773,774,775,776,777,778,779,780,781,782,783,784,785,786,787,788,789,790,791,792,793,794,795,796,797,798,799,800,801,802,803,804,805,806,807,808,809,810,811,812,813,814,815,816,817,818,819,820,821,822,823,824,825,826,827,828,829,830,831,832,833,834,835,836,837,838,839,840,841,842,843,844,845,846,847,848,849,850,851,852,853,854,855,856,857,858,859,860,861,862,863,864,865,866,867,868,869,870,871,872,873,874,875,876,877,878,879,880,881,882,883,884,885,886,887,888,889,890,891,892,893,894,895,896,897,898,899,900,901,902,903,904,905,906,907,908,909,910,911,912,913,914,915,916,917,918,919,920,921,922,923,924,925,926,927,928,929,930,931,932,933,934,935,936,937,938,939,940,941,942,943,944,945,946,947,948,949,950,951,952,953,954,955,956,957,958,959,960,961,962,963,964,965,966,967,968,969,970,971,972,973,974,975,976,977,978,979,980,981,982,983,984,985,986,987,988,989,990,991,992,993,994,995,996,997,998,999,1000,1001,1002,1003,1004,1005,1006,1007,1008,1009,1010,1011,1012,1013,1014,1015,1016,1017,1018,1019,1020,1021,1022,1023,1024,1025,1026,1027,1028,1029,1030,1031,1032,1033,1034,1035,1036,1037,1038,1039,1040,1041,1042,1043,1044,1045,1046,1047,1048,1049,1050,1051,1052,1053,1054,1055,1056,1057,1058,1059,1060,1061,1062,1063,1064,1065,1066,1067,1068,1069,1070,1071,1072,1073,1074,1075,1076,1077,1078,1079,1080,1081,1082,1083,1084,1085,1086,1087,1088,1089,1090,1091,1092,1093,1094,1095,1096,1097,1098,1099,1100,1101,1102,1103,1104,1105,1106,1107,1108,1109,1110,1111,1112,1113,1114,1115,1116,1117,1118,1119,1120,1121,1122,1123,1124,1125,1126,1127,1128,1129,1130,1131,1132,1133,1134,1135,1136,1137,1138,1139,1140,1141,1142,1143,1144,1145,1146,1147,1148,1149,1150,1151,1152,1153,1154,1155,1156,1157,1158,1159,1160,1161,1162,1163,1164,1165,1166,1167,1168,1169,1170,1171,1172,1173,1174,1175,1176,1177,1178,1179,1180,1181,1182,1183,1184,1185,1186,1187,1188,1189,1190,1191,1192,1193,1194,1195,1196,1197,1198,1199,1200,1201,1202,1203,1204,1205,1206,1207,1208,1209,1210,1211,1212,1213,1214,1215,1216,1217,1218,1219,1220,1221,1222,1223,1224,1225,1226,1227,1228,1229,1230,1231,1232,1233,1234,1235,1236,1237,1238,1239,1240,1241,1242,1243,1244,1245,1246,1247,1248,1249,1250,1251,1252,1253,1254,1255,1256,1257,1258,1259,1260,1261,1262,1263,1264,1265,1266,1267,1268,1269,1270,1271,1272,1273,1274,1275,1276,1277,1278,1279,1280,1281,1282,1283,1284,1285,1286,1287,1288,1289,1290,1291,1292,1293,1294,1295,1296,1297,1298,1299,1300,1301,1302,1303,1304,1305,1306,1307,1308,1309,1310,1311,1312,1313,1314,1315,1316,1317,1318,1319,1320,1321,1322,1323,1324,1325,1326,1327,1328,1329,1330,1331,1332,1333,1334,1335,1336,1337,1338,1339,1340,1341,1342,1343,1344,1345,1346,1347,1348,1349,1350,1351,1352,1353,1354,1355,1356,1357,1358,1359,1360,1361,1362,1363,1364,1365,1366,1367,1368,1369,1370,1371,1372,1373,1374,1375,1376,1377,1378,1379,1380,1381,1382,1383,1384,1385,1386,1387,1388,1389,1390,1391,1392,1393,1394,1395,1396,1397,1398,1399,1400,1401,1402,1403,1404,1405,1406,1407,1408,1409,1410,1411,1412,1413,1414,1415,1416,1417,1418,1419,1420,1421,1422,1423,1424,1425,1426,1427,1428,1429,1430,1431,1432,1433,1434,1435,1436,1437,1438,1439,1440,1441,1442,1443,1444,1445,1446,1447,1448,1449,1450,1451,1452,1453,1454,1455,1456,1457,1458,1459,1460,1461,1462,1463,1464,1465,1466,1467,1468,1469,1470,1471,1472,1473,1474,1475,1476,1477,1478,1479,1480,1481,1482,1483,1484,1485,1486,1487,1488,1489,1490,1491,1492,1493,1494,1495,1496,1497,1498,1499,1500,1501,1502,1503,1504,1505,1506,1507,1508,1509,1510,1511,1512,1513,1514,1515,1516,1517,1518,1519,1520,1521,1522,1523,1524,1525,1526,1527,1528,1529,1530,1531,1532,1533,1534,1535,1536,1537,1538,1539,1540,1541,1542,1543,1544,1545,1546,1547,1548,1549,1550,1551,1552,1553,1554,1555,1556,1557,1558,1559,1560,1561,1562,1563,1564,1565,1566,1567,1568,1569,1570,1571,1572,1573,1574,1575,1576,1577,1578,1579,1580,1581,1582,1583,1584,1585,1586,1587,1588,1589,1590,1591,1592,1593,1594,1595,1596,1597,1598,1599,1600,1601,1602,1603,1604,1605,1606,1607,1608,1609,1610,1611,1612,1613,1614,1615,1616,1617,1618,1619,1620,1621,1622,1623,1624,1625,1626,1627,1628,1629,1630,1631,1632,1633,1634,1635,1636,1637,1638,1639,1640,1641,1642,1643,1644,1645,1646,1647,1648,1649,1650,1651,1652,1653,1654,1655,1656,1657,1658,1659,1660,1661,1662,1663,1664,1665,1666,1667,1668,1669,1670,1671,1672,1673,1674,1675,1676,1677,1678,1679,1680,1681,1682,1683,1684,1685,1686,1687,1688,1689,1690,1691,1692,1693,1694,1695,1696,1697,1698,1699,1700,1701,1702,1703,1704,1705,1706,1707,1708,1709,1710,1711,1712,1713,1714,1715,1716,1717,1718,1719,1720,1721,1722,1723,1724,1725,1726,1727,1728,1729,1730,1731,1732,1733,1734,1735,1736,1737,1738,1739,1740,1741,1742,1743,1744,1745,1746,1747,1748,1749,1750,1751,1752,1753,1754,1755,1756,1757,1758,1759,1760,1761,1762,1763,1764,1765,1766,1767,1768,1769,1770,1771,1772,1773,1774,1775,1776,1777,1778,1779,1780,1781,1782,1783,1784,1785,1786,1787,1788,1789,1790,1791,1792,1793,1794,1795,1796,1797,1798,1799,1800,1801,1802,1803,1804,1805,1806,1807,1808,1809,1810,1811,1812,1813,1814,1815,1816,1817,1818,1819,1820,1821,1822,1823,1824,1825,1826,1827,1828,1829,1830,1831,1832,1833,1834,1835,1836,1837,1838,1839,1840,1841,1842,1843,1844,1845,1846,1847,1848,1849,1850,1851,1852,1853,1854,1855,1856,1857,1858,1859,1860,1861,1862,1863,1864,1865,1866,1867,1868,1869,1870,1871,1872,1873,1874,1875,1876,1877,1878,1879,1880,1881,1882,1883,1884,1885,1886,1887,1888,1889,1890,1891,1892,1893,1894,1895,1896,1897,1898,1899,1900,1901,1902,1903,1904,1905,1906,1907,1908,1909,1910,1911,1912,1913,1914,1915,1916,1917,1918,1919,1920,1921,1922,1923,1924,1925,1926,1927,1928,1929,1930,1931,1932,1933,1934,1935,1936,1937,1938,1939,1940,1941,1942,1943,1944,1945,1946,1947,1948,1949,1950,1951,1952,1953,1954,1955,1956,1957,1958,1959,1960,1961,1962,1963,1964,1965,1966,1967,1968,1969,1970,1971,1972,1973,1974,1975,1976,1977,1978,1979,1980,1981,1982,1983,1984,1985,1986,1987,1988,1989,1990,1991,1992,1993,1994,1995,1996,1997,1998,1999,2000,2001,2002,2003,2004,2005,2006,2007,2008,2009,2010,2011,2012,2013,2014,2015,2016,2017,2018,2019,2020,2021,2022,2023,2024,2025,2026,2027,2028,2029,2030,2031,2032,2033,2034,2035,2036,2037,2038,2039,2040,2041,2042,2043,2044,2045,2046,2047,2048,2049,2050,2051,2052,2053,2054,2055,2056,2057,2058,2059,2060,2061,2062,2063,2064,2065,2066,2067,2068,2069,2070,2071,2072,2073,2074,2075,2076,2077,2078,2079,2080,2081,2082,2083,2084,2085,2086,2087,2088,2089,2090,2091,2092,2093,2094,2095,2096,2097,2098,2099,2100,2101,2102,2103,2104,2105,2106,2107,2108,2109,2110,2111,2112,2113,2114,2115,2116,2117,2118,2119,2120,2121,2122,2123,2124,2125,2126,2127,2128,2129,2130,2131,2132,2133,2134,2135,2136,2137,2138,2139,2140,2141,2142,2143,2144,2145,2146,2147,2148,2149,2150,2151,2152,2153,2154,2155,2156,2157,2158,2159,2160,2161,2162,2163,2164,2165,2166,2167,2168,2169,2170,2171,2172,2173,2174,2175,2176,2177,2178,2179,2180,2181,2182,2183,2184,2185,2186,2187,2188,2189,2190,2191,2192,2193,2194,2195,2196,2197,2198,2199,2200,2201,2202,2203,2204,2205,2206,2207,2208,2209,2210,2211,2212,2213,2214,2215,2216,2217,2218,2219,2220,2221,2222,2223,2224,2225,2226,2227,2228,2229,2230,2231,2232,2233,2234,2235,2236,2237,2238,2239,2240,2241,2242,2243,2244,2245,2246,2247,2248,2249,2250,2251,2252,2253,2254,2255,2256,2257,2258,2259,2260,2261,2262,2263,2264,2265,2266,2267,2268,2269,2270,2271,2272,2273,2274,2275,2276,2277,2278,2279,2280,2281,2282,2283,2284,2285,2286,2287,2288,2289,2290,2291,2292,2293,2294,2295,2296,2297,2298,2299,2300,2301,2302,2303,2304,2305,2306,2307,2308,2309,2310,2311,2312,2313,2314,2315,2316,2317,2318,2319,2320,2321,2322,2323,2324,2325,2326,2327,2328,2329,2330,2331,2332,2333,2334,2335,2336,2337,2338,2339,2340,2341,2342,2343,2344,2345,2346,2347,2348,2349,2350,2351,2352,2353,2354,2355,2356,2357,2358,2359,2360,2361,2362,2363,2364,2365,2366,2367,2368,2369,2370,2371,2372,2373,2374,2375,2376,2377,2378,2379,2380,2381,2382,2383,2384,2385,2386,2387,2388,2389,2390,2391,2392,2393,2394,2395,2396,2397,2398,2399,2400,2401,2402,2403,2404,2405,2406,2407,2408,2409,2410,2411,2412,2413,2414,2415,2416,2417,2418,2419,2420,2421,2422,2423,2424,2425,2426,2427,2428,2429,2430,2431,2432,2433,2434,2435,2436,2437,2438,2439,2440,2441,2442,2443,2444,2445,2446,2447,2448,2449,2450,2451,2452,2453,2454,2455,2456,2457,2458,2459,2460,2461,2462,2463,2464,2465,2466,2467,2468,2469,2470,2471,2472,2473,2474,2475,2476,2477,2478,2479,2480,2481,2482,2483,2484,2485,2486,2487,2488,2489,2490,2491,2492,2493,2494,2495,2496,2497,2498,2499,2500,2501,2502,2503,2504,2505,2506,2507,2508,2509,2510,2511,2512,2513,2514,2515,2516,2517,2518,2519,2520,2521,2522,2523,2524,2525,2526,2527,2528,2529,2530,2531,2532,2533,2534,2535,2536,2537,2538,2539,2540,2541,2542,2543,2544,2545,2546,2547,2548,2549,2550,2551,2552,2553,2554,2555,2556,2557,2558,2559,2560,2561,2562,2563,2564,2565,2566,2567,2568,2569,2570,2571,2572,2573,2574,2575,2576,2577,2578,2579,2580,2581,2582,2583,2584,2585,2586,2587,2588,2589,2590,2591,2592,2593,2594,2595,2596,2597,2598,2599,2600,2601,2602,2603,2604,2605,2606,2607,2608,2609,2610,2611,2612,2613,2614,2615,2616,2617,2618,2619,2620,2621,2622,2623,2624,2625,2626,2627,2628,2629,2630,2631,2632,2633,2634,2635,2636,2637,2638,2639,2640,2641,2642,2643,2644,2645,2646,2647,2648,2649,2650,2651,2652,2653,2654,2655,2656,2657,2658,2659,2660,2661,2662,2663,2664,2665,2666,2667,2668,2669,2670,2671,2672,2673,2674,2675,2676,2677,2678,2679,2680,2681,2682,2683,2684,2685,2686,2687,2688,2689,2690,2691,2692,2693,2694,2695,2696,2697,2698,2699,2700,2701,2702,2703,2704,2705,2706,2707,2708,2709,2710,2711,2712,2713,2714,2715,2716,2717,2718,2719,2720,2721,2722,2723,2724,2725,2726,2727,2728,2729,2730,2731,2732,2733,2734,2735,2736,2737,2738,2739,2740,2741,2742,2743,2744,2745,2746,2747,2748,2749,2750,2751,2752,2753,2754,2755,2756,2757,2758,2759,2760,2761,2762,2763,2764,2765,2766,2767,2768,2769,2770,2771,2772,2773,2774,2775,2776,2777,2778,2779,2780,2781,2782,2783,2784,2785,2786,2787,2788,2789,2790,2791,2792,2793,2794,2795,2796,2797,2798,2799,2800,2801,2802,2803,2804,2805,2806,2807,2808,2809,2810,2811,2812,2813,2814,2815,2816,2817,2818,2819,2820,2821,2822,2823,2824,2825,2826,2827,2828,2829,2830,2831,2832,2833,2834,2835,2836,2837,2838,2839,2840,2841,2842,2843,2844,2845,2846,2847,2848,2849,2850,2851,2852,2853,2854,2855,2856,2857,2858,2859,2860,2861,2862,2863,2864,2865,2866,2867,2868,2869,2870,2871,2872,2873,2874,2875,2876,2877,2878,2879,2880,2881,2882,2883,2884,2885,2886,2887,2888,2889,2890,2891,2892,2893,2894,2895,2896,2897,2898,2899,2900,2901,2902,2903,2904,2905,2906,2907,2908,2909,2910,2911,2912,2913,2914,2915,2916,2917,2918,2919,2920,2921,2922,2923,2924,2925,2926,2927,2928,2929,2930,2931,2932,2933,2934,2935,2936,2937,2938,2939,2940,2941,2942,2943,2944,2945,2946,2947,2948,2949,2950,2951,2952,2953,2954,2955,2956,2957,2958,2959,2960,2961,2962,2963,2964,2965,2966,2967,2968,2969,2970,2971,2972,2973,2974,2975,2976,2977,2978,2979,2980,2981,2982,2983,2984,2985,2986,2987,2988,2989,2990,2991,2992,2993,2994,2995,2996,2997,2998,2999,3000,3001,3002,3003,3004,3005,3006,3007,3008,3009,3010,3011,3012,3013,3014,3015,3016,3017,3018,3019,3020,3021,3022,3023,3024,250,300,400,500,750,1000,1250,1500,1750,2000,2250,2500,2750,3000,3250,3500,3750,4000,4250,4500,4750,5000,5250,5500,5750,6000,6250,6500,6750,7000,7250,7500,7750,8000,8250,8500,8750,9000,9250,9500,9750,10000,10250,10500,10750,11000,11250,11500,11750,12000,12250,12500,12750,13000,13250,13500,13750,14000,14250,14500,14750,15000,15250,15500,15750,16000,16250,16500,16750,17000,17250,17500,17750,18000,18250,18500,18750,19000,19250,19500,19750,20000,20250,20500,20750,21000,21250,21500,21750,22000,22250,22500,22750,23000,23250,23500,23750,24000,24250,24500,24750,25000,25250,25500,25750,26000,26250,26500,26750,27000,27250,27500,27750,28000,28250,28500,28750,29000,29250,29500,29750,30000,30250,30500,30750,31000,31250,31500,31750,32000,32250,32500,32750,33000,33250,33500,33750,34000,34250,34500,34750,35000,35250,35500,35750,36000,36250,36500,36750,37000,37250,37500,37750,38000,38250,38500,38750,39000,39250,39500,39750,40000,40250,40500,40750,41000,41250,41500,41750,42000,42250,42500,42750,43000,43250,43500,43750,44000,44250,44500,44750,45000,45250,45500,45750,46000,46250,46500,46750,47000,47250,47500,47750,48000,48250,48500,48750,49000,49250,49500,49750,50000,50250,50500,50750,51000,51250,51500,51750,52000,52250,52500,52750,53000,53250,53500,53750,54000,54250,54500,54750,55000,55250,55500,55750,56000,56250,56500,56750,57000,57250,57500,57750,58000,58250,58500,58750,59000,59250,59500,59750,60000,60250,60500,60750,61000,61250,61500,61750,62000,62250,62500,62750,63000,63250,63500,63750,64000,64250,64500,64750,65000,65250,65500,65750,66000,66250,66500,66750,67000,67250,67500,67750,68000,68250,68500,68750,69000,69250,69500,69750,70000,70250]}],[{"options":["120gr_recystar","170gr_recystar","300gr_recystar","90gr_recystar_nature","120gr_recystar_nature","170gr_recystar_nature","300gr_recystar_nature"],"property":"material"},{"property":"printingmethod","options":["digital"]},{"property":"size","options":["custom:height:135-"]}],[{"property":"cover_material","options":["300gr_recystar_nature","300gr_recystar"]},{"property":"printingmethod","options":["digital"]},{"property":"size","options":["custom:height:135-"]}],[{"options":["loop_stitched"],"property":"binding"},{"property":"printingmethod","options":["inkjet"]}],[{"property":"material","options":["80gr_recyclingpaper_rebello_or_vivus_89"]},{"options":["170gr_recyclingpaper_rebello_or_vivus_89"],"property":"cover_material"},{"property":"pages","options":["96"]},{"property":"printingmethod","options":["offset"]}],[{"property":"material","options":["80gr_recyclingpaper_rebello_or_vivus_89"]},{"property":"cover_material","options":["300gr_recyclingpaper_rebello_or_vivus_89"]},{"property":"pages","options":["96","92"]},{"options":["offset"],"property":"printingmethod"}],[{"property":"material","options":["135gr_recyclingpaper_rebello_or_vivus_89"]},{"property":"cover_material","options":["selfcover"]},{"property":"pages","options":["96","92","88","84","80","76","72"]},{"property":"printingmethod","options":["offset"]}],[{"property":"material","options":["135gr_recyclingpaper_rebello_or_vivus_89"]},{"options":["170gr_recyclingpaper_rebello_or_vivus_89"],"property":"cover_material"},{"property":"pages","options":["96","92","88","84","80","76","72","68"]},{"property":"printingmethod","options":["offset"]}],[{"property":"material","options":["135gr_recyclingpaper_rebello_or_vivus_89"]},{"property":"cover_material","options":["300gr_recyclingpaper_rebello_or_vivus_89"]},{"property":"pages","options":["96","92","88","84","80","76","72","68","64"]},{"property":"printingmethod","options":["offset"]}],[{"property":"material","options":["170gr_recyclingpaper_rebello_or_vivus_89"]},{"options":["selfcover"],"property":"cover_material"},{"property":"pages","options":["96","92","88","84","80","76","72","68","64","60","56"]},{"property":"printingmethod","options":["offset"]}],[{"property":"material","options":["170gr_recyclingpaper_rebello_or_vivus_89"]},{"property":"cover_material","options":["300gr_recyclingpaper_rebello_or_vivus_89"]},{"property":"pages","options":["96","92","88","84","80","76","72","68","64","60","56","52"]},{"options":["offset"],"property":"printingmethod"}],[{"property":"material","options":["300gr_recyclingpaper_rebello_or_vivus_89"]},{"property":"cover_material","options":["selfcover"]},{"property":"pages","options":["96","92","88","84","80","76","72","68","64","60","56","52","48","44","40","36"]},{"property":"printingmethod","options":["offset"]}],[{"property":"material","options":["115gr_teslin","167gr_teslin","243gr_teslin"]},{"property":"printingmethod","options":["digital"]},{"options":["a4_landscape","carre_xl","thesis_landscape","custom:width:105-210","custom:height:148-297"],"property":"size"}],[{"property":"binding","options":["loop_stitched"]},{"options":["90gr_gesatineerd_mc","90gr_biotop","120gr_biotop","160gr_biotop","250gr_biotop","90gr_hvo","120gr_hvo","90gr_paperwise_earth_pact_natural","150gr_paperwise_earth_pact_natural","295gr_paperwise_earth_pact_natural","90gr_recystar","120gr_recystar","170gr_recystar","300gr_recystar","90gr_recystar_nature","120gr_recystar_nature","170gr_recystar_nature","300gr_recystar_nature","90gr_silk_mc"],"property":"material"},{"property":"printingmethod","options":["digital"]}],[{"options":["loop_stitched"],"property":"binding"},{"property":"cover_material","options":["160gr_biotop","250gr_biotop","300gr_biotop","150gr_paperwise_earth_pact_natural","295gr_paperwise_earth_pact_natural","300gr_recystar_nature","300gr_recystar"]},{"property":"printingmethod","options":["digital"]}],[{"property":"finish","options":["single_sided_linen_lamination","double_sided_linen_lamination"]},{"options":["a4_landscape","a5_landscape","a6_landscape","carre_xl","thesis_landscape","custom:width:105-240","custom:height:148-340"],"property":"size"}]],"warnings":[{"warningSlug":"soft touch lamination on brochures","combination":[{"property":"finish","options":["single_soft_touch_lamination","double_soft_touch_lamination"]},{"options":["digital","inkjet","offset"],"property":"printingmethod"}]},{"warningSlug":"scratch_silk","combination":[{"property":"cover_material","options":["250gr_silk_mc","300gr_silk_mc","350gr_silk_mc"]},{"property":"finish","options":["geen"]}]}]}