{"sku":"stormfix","active":true,"titleSingle":"Stormfix","titlePlural":"Stormfix","createdAt":"2023-10-11T11:11:57.219Z","updatedAt":"2024-02-14T10:49:58.907Z","introductionDate":"2023-10-11T11:11:57.219Z","properties":[{"slug":"summary_image","locked":false,"options":[{"slug":"stormfix","nullable":true,"eco":false,"enrichments":[],"name":"stormfix"}],"viewMode":{"reseller":"default"},"type":"checkbox","optionsInSummary":[],"parentOptions":[],"title":"summary_image"},{"slug":"tensioner_type","title":"Type de crochets de fixation","locked":false,"options":[{"slug":"stormfix","name":"Stormfix 20 cm","nullable":false,"eco":false,"enrichments":[]}],"viewMode":{"reseller":"default"},"type":"radio","optionsInSummary":[],"parentOptions":[]},{"slug":"material","title":"Support","locked":false,"options":[{"slug":"5mm_elastic_cord","name":"Corde élastique 5 mm","nullable":false,"eco":false,"enrichments":[{"propertySlug":"weight","optionSlug":"1000"}]}],"viewMode":{"reseller":"default"},"type":"radio","optionsInSummary":[],"parentOptions":[]},{"slug":"copies","title":"Quantité","locked":false,"options":[],"viewMode":{"reseller":"copies"},"optionsInSummary":[],"copiesInSummary":{},"rangeSets":[{"options":[{"max":1000,"steps":1,"min":1}],"summary":[1,10,25,50,75,100],"printingmethod":"raw_material"}],"copyLimit":{},"parentOptions":[]},{"slug":"printtype","title":"Impression","locked":false,"options":[{"slug":"00","name":"Non imprimé","nullable":false,"eco":false,"pages":[{"numberOfColors":1,"colorspace":"indexed"}],"enrichments":[]}],"viewMode":{"reseller":"default"},"type":"radio","optionsInSummary":[],"parentOptions":[]},{"slug":"urgency","title":"Urgence","locked":false,"options":[{"slug":"standard","name":"Standard","nullable":false,"eco":false,"enrichments":[]},{"slug":"quick","name":"Rapide","nullable":false,"eco":false,"enrichments":[]},{"slug":"urgent","name":"Urgent","nullable":false,"eco":false,"enrichments":[]},{"slug":"moderate","nullable":false,"eco":false,"enrichments":[],"name":"Moderate"}],"viewMode":{"reseller":"default"},"type":"radio","optionsInSummary":[],"parentOptions":[]},{"slug":"size","title":"Format (largeur x hauteur)","locked":false,"options":[{"slug":"stormgrip","name":"Stormgrip","nullable":false,"width":50,"height":"200"}],"viewMode":{"reseller":"default"},"type":"radio","optionsInSummary":[],"parentOptions":[]},{"slug":"printingmethod","title":"Méthode d'impression","locked":false,"options":[{"slug":"raw_material","name":"Sans impression","nullable":false,"eco":false,"enrichments":[]}],"viewMode":{"reseller":"default"},"type":"radio","optionsInSummary":[],"parentOptions":[]}],"hsCode":"5603940000","isAvailableInUserRegion":true,"hasAccessories":false,"accessoryExcludes":[],"propertyGroups":[{"slug":"stormfix-olkiyolc","columnWidth":{"reseller":"summary"},"properties":["summary_image","tensioner_type","material"]},{"slug":"stormfix-nhlcsamh","columnWidth":{"reseller":"two-columns"},"properties":["copies"],"title":"Amount"},{"slug":"stormfix-zuwqkwik","columnWidth":{"reseller":"hidden"},"properties":["printtype","urgency","size","printingmethod"],"title":"Hidden"}],"excludes":[],"warnings":[]}