{"sku":"suction-cup-windowflag-stick","active":true,"createdAt":"2023-12-12T13:55:38.391Z","updatedAt":"2024-11-07T12:15:23.617Z","introductionDate":"2023-12-12T13:55:38.391Z","properties":[{"slug":"summary_image","title":"summary image","locked":false,"options":[{"slug":"suction-cup-windowflag-stick","nullable":true,"eco":false,"enrichments":[],"name":"suction-cup-windowflag-stick"}],"viewMode":{"reseller":"default"},"type":"checkbox","optionsInSummary":[],"parentOptions":[]},{"slug":"copies","title":"Quantité","locked":false,"options":[],"viewMode":{"reseller":"copies"},"optionsInSummary":[],"copiesInSummary":{},"rangeSets":[{"options":[{"max":100,"steps":1,"min":1}],"summary":[1,2,3,4,5,6,7,8,9,10],"printingmethod":"raw_material"}],"copyLimit":{},"parentOptions":[]},{"slug":"accessories_flags","title":"Accessoires pour drapeaux","locked":false,"options":[{"slug":"suction-cup-windowflag-stick","nullable":false,"eco":false,"enrichments":[],"name":"Suction cup and window flag stick"}],"viewMode":{"reseller":"default"},"type":"radio","optionsInSummary":[],"parentOptions":[]},{"slug":"material","title":"Support","locked":false,"options":[{"slug":"accessories","name":"Accessoires","nullable":false,"eco":false,"enrichments":[]}],"viewMode":{"reseller":"default"},"type":"radio","optionsInSummary":[],"parentOptions":[]},{"slug":"printingmethod","title":"Méthode d'impression","locked":false,"options":[{"slug":"raw_material","name":"Sans impression","nullable":false,"eco":false,"enrichments":[]}],"viewMode":{"reseller":"default"},"type":"radio","optionsInSummary":[],"parentOptions":[]},{"slug":"urgency","title":"Urgence","locked":false,"options":[{"slug":"standard","name":"Standard","nullable":false,"eco":false,"enrichments":[]},{"slug":"quick","name":"Rapide","nullable":false,"eco":false,"enrichments":[]},{"slug":"urgent","name":"Urgent","nullable":false,"eco":false,"enrichments":[]},{"slug":"moderate","nullable":false,"eco":false,"enrichments":[],"name":"Moderate"}],"viewMode":{"reseller":"default"},"type":"radio","optionsInSummary":[],"parentOptions":[]},{"slug":"size","title":"Format (largeur x hauteur)","locked":false,"options":[{"slug":"accessories","name":"Accessories","nullable":false,"width":1,"height":1}],"viewMode":{"reseller":"default"},"type":"radio","optionsInSummary":[],"parentOptions":[]},{"slug":"printtype","title":"Impression","locked":false,"options":[{"slug":"00","name":"Non imprimé","nullable":false,"eco":false,"pages":[{"numberOfColors":1,"colorspace":"indexed"}],"enrichments":[]}],"viewMode":{"reseller":"default"},"type":"radio","optionsInSummary":[],"parentOptions":[]}],"hsCode":"7326909800","isAvailableInUserRegion":true,"hasAccessories":false,"accessoryExcludes":[],"propertyGroups":[{"slug":"flag-counter-weight-naxkwcqg","columnWidth":{"reseller":"summary"},"columnHeight":{"reseller":"2block"},"properties":["summary_image"]},{"slug":"flag-counter-weight-beddtafv","columnWidth":{"reseller":"two-columns"},"columnHeight":{"reseller":"2block"},"properties":["copies"]},{"slug":"flag-counter-weight-wfjqxwvu","columnWidth":{"reseller":"hidden"},"columnHeight":{},"properties":["accessories_flags","material","printingmethod","urgency","size","printtype"]}],"excludes":[],"warnings":[],"titlePlural":"Suction cup and window flag sticks ","titleSingle":"Suction cup with flagpole"}