{"sku":"suction-cup-hooks","active":true,"titleSingle":"Ventouse avec crochet","titlePlural":"Ventouses avec crochets","createdAt":"2023-09-29T15:05:50.212Z","updatedAt":"2024-02-14T10:49:54.153Z","introductionDate":"2023-09-29T15:05:50.212Z","properties":[{"slug":"summary_image","locked":false,"options":[{"slug":"suction-cup-hooks","name":"suction-cup-hooks","nullable":false,"eco":false,"enrichments":[]}],"viewMode":{"reseller":"icons"},"type":"checkbox","optionsInSummary":[],"parentOptions":[],"title":"summary_image"},{"slug":"specifications-one","title":"Spécifications","locked":false,"options":[{"slug":"suction-cup-hook-size","name":"50 mm","nullable":true,"eco":false,"enrichments":[]}],"viewMode":{"reseller":"default"},"type":"radio","optionsInSummary":[],"parentOptions":[]},{"slug":"copies","title":"Quantité","locked":false,"options":[],"viewMode":{"reseller":"copies"},"optionsInSummary":[],"copiesInSummary":{},"rangeSets":[{"options":[{"max":100,"steps":1,"min":1}],"summary":[1,5,10,15,20,25],"printingmethod":"raw_material"}],"copyLimit":{},"parentOptions":[]},{"slug":"printingmethod","title":"Méthode d'impression","locked":false,"options":[{"slug":"raw_material","name":"Sans impression","nullable":false,"eco":false,"enrichments":[]}],"viewMode":{"reseller":"default"},"type":"radio","optionsInSummary":[],"parentOptions":[]},{"slug":"urgency","title":"Urgence","locked":false,"options":[{"slug":"quick","name":"Rapide","nullable":false,"eco":false,"enrichments":[]},{"slug":"standard","name":"Standard","nullable":false,"eco":false,"enrichments":[]},{"slug":"urgent","name":"Urgent","nullable":false,"eco":false,"enrichments":[]},{"slug":"moderate","nullable":false,"eco":false,"enrichments":[],"name":"Moderate"}],"viewMode":{"reseller":"default"},"type":"radio","optionsInSummary":[],"parentOptions":[]},{"slug":"size","title":"Format (largeur x hauteur)","locked":false,"options":[{"slug":"onesize","name":"-","nullable":false,"width":10,"height":10}],"viewMode":{"reseller":"default"},"type":"radio","optionsInSummary":[],"parentOptions":[]},{"slug":"material","title":"Support","locked":false,"options":[{"slug":"plastic","name":"Plastique","nullable":false,"eco":false,"enrichments":[{"propertySlug":"weight","optionSlug":"1100"}]}],"viewMode":{"reseller":"default"},"type":"radio","optionsInSummary":[],"parentOptions":[]},{"slug":"printtype","title":"Impression","locked":false,"options":[{"slug":"00","name":"Non imprimé","nullable":false,"eco":false,"pages":[{"numberOfColors":1,"colorspace":"indexed"}],"enrichments":[]}],"viewMode":{"reseller":"default"},"type":"radio","optionsInSummary":[],"parentOptions":[]}],"bleed":0,"hsCode":"3926909700","isAvailableInUserRegion":true,"hasAccessories":false,"accessoryExcludes":[],"propertyGroups":[{"slug":"suction-cup-hooks-xoxvkzmx","columnWidth":{"reseller":"summary"},"properties":["summary_image","specifications-one"]},{"slug":"suction-cup-hooks-cqdpiaxf","columnWidth":{"reseller":"two-columns"},"title":"Quantité","properties":["copies"]},{"slug":"suction-cup-hooks-byrqydrg","columnWidth":{"reseller":"hidden"},"properties":["printingmethod","urgency","size","material","printtype"],"title":"hidden"}],"excludes":[],"warnings":[]}