{"sku":"sunglasses","active":true,"titleSingle":"Lunette de soleil basique","titlePlural":"Lunettes de soleil basique","createdAt":"2024-01-17T14:13:17.939Z","updatedAt":"2024-08-15T13:31:59.177Z","properties":[{"slug":"summary_image","title":"summary image","locked":false,"options":[{"slug":"sunglasses","name":"sunglasses","nullable":true,"eco":false,"enrichments":[]}],"viewMode":{"reseller":"default"},"type":"checkbox","optionsInSummary":[],"parentOptions":[]},{"slug":"size","title":"Format produit (Largeur x Hauteur)","locked":false,"options":[{"slug":"120_x_46_mm","name":"120 x 46 mm","nullable":false,"width":65,"height":8},{"slug":"120_x_46_mm_00","name":"120 x 46 mm","nullable":false,"width":1,"height":1}],"viewMode":{"reseller":"default"},"type":"radio","optionsInSummary":[],"parentOptions":[]},{"slug":"material","title":"Support","locked":false,"options":[{"slug":"kunststof","name":"Plastique","nullable":false,"eco":false,"enrichments":[]}],"viewMode":{"reseller":"default"},"type":"radio","optionsInSummary":[],"parentOptions":[]},{"slug":"weight","title":"Poids","locked":false,"options":[{"slug":"220_gram","name":"220 grammes par pièce","nullable":true,"eco":false,"enrichments":[]}],"viewMode":{"reseller":"default"},"type":"radio","optionsInSummary":[],"parentOptions":[]},{"slug":"packaging_quantity","title":"Quantités d'emballage","locked":false,"options":[{"slug":"packed_per_250","name":"Par 250","nullable":true,"eco":false,"enrichments":[]}],"viewMode":{"reseller":"default"},"type":"radio","optionsInSummary":[],"parentOptions":[]},{"slug":"color","title":"Couleur","locked":false,"options":[{"slug":"black","name":"Noir","nullable":false,"eco":false,"enrichments":[{"propertySlug":"rgb","optionSlug":"30-30-30"},{"propertySlug":"cmyk","optionSlug":"75-65-60-80"},{"propertySlug":"color","optionSlug":"#1e1e1e"}]},{"slug":"sunglasses_blue","name":"Bleu","nullable":false,"eco":false,"enrichments":[{"propertySlug":"color","optionSlug":"#0057B8"},{"propertySlug":"Pantone","optionSlug":"2935C"}]},{"slug":"sunglasses_red","name":"Rouge","nullable":false,"eco":false,"enrichments":[{"propertySlug":"color","optionSlug":"#D6001C"},{"propertySlug":"Pantone","optionSlug":"2035 c"}]},{"slug":"sunglasses_white","name":"Blanc","nullable":false,"eco":false,"enrichments":[{"propertySlug":"color","optionSlug":"#ffffff"},{"propertySlug":"Pantone","optionSlug":"WHITE"}]},{"slug":"sunglasses_yellow","name":"Jaune","nullable":false,"eco":false,"enrichments":[{"propertySlug":"color","optionSlug":"#FFD100"},{"propertySlug":"Pantone","optionSlug":"109C"}]},{"slug":"sunglasses_orange","name":"Orange","nullable":false,"eco":false,"enrichments":[{"propertySlug":"color","optionSlug":"#fe5000"},{"propertySlug":"Pantone","optionSlug":"021C"}]},{"slug":"sunglasses_pink","name":"Rose","nullable":false,"eco":false,"enrichments":[{"propertySlug":"color","optionSlug":"#E93CAC"},{"propertySlug":"Pantone","optionSlug":"232C"}]},{"slug":"sunglasses_lime_green","name":"Vert citron","nullable":false,"eco":false,"enrichments":[{"propertySlug":"color","optionSlug":"#C0DF16"},{"propertySlug":"Pantone","optionSlug":"2297C"}]}],"viewMode":{"reseller":"default"},"type":"radio","optionsInSummary":[],"parentOptions":[]},{"slug":"printtype","title":"Impression","locked":false,"options":[{"slug":"00","name":"Non imprimé","nullable":false,"eco":false,"pages":[{"numberOfColors":1,"colorspace":"indexed"}],"parent":"unprinted","enrichments":[]},{"slug":"10","name":"1/0 Pantone","nullable":false,"eco":false,"pages":[{"numberOfColors":1,"colorspace":"indexed"}],"parent":"enkelzijdig","enrichments":[]},{"slug":"11","name":"1/1 Pantone","nullable":false,"eco":false,"pages":[{"numberOfColors":1,"colorspace":"indexed"},{"numberOfColors":1,"colorspace":"indexed"}],"parent":"dubbelzijdig","enrichments":[]},{"slug":"20","name":"2/0 Pantone","nullable":false,"eco":false,"pages":[{"numberOfColors":2,"colorspace":"indexed"}],"parent":"enkelzijdig","enrichments":[]},{"slug":"22","name":"2/2 Pantone","nullable":false,"eco":false,"pages":[{"numberOfColors":2,"colorspace":"indexed"},{"numberOfColors":2,"colorspace":"indexed"}],"parent":"dubbelzijdig","enrichments":[]},{"slug":"30","name":"3/0 Pantone","nullable":false,"eco":false,"pages":[{"numberOfColors":3,"colorspace":"indexed"}],"parent":"enkelzijdig","enrichments":[]},{"slug":"33","name":"3/3 Pantone","nullable":false,"eco":false,"pages":[{"numberOfColors":3,"colorspace":"indexed"},{"numberOfColors":3,"colorspace":"indexed"}],"parent":"dubbelzijdig","enrichments":[]},{"slug":"40_pms","name":"4/0 Pantone","nullable":false,"eco":false,"pages":[{"numberOfColors":4,"colorspace":"cmyk"}],"parent":"enkelzijdig","enrichments":[]},{"slug":"44_pms","name":"4/4 Pantone","nullable":false,"eco":false,"pages":[{"numberOfColors":4,"colorspace":"cmyk"},{"numberOfColors":4,"colorspace":"cmyk"}],"parent":"dubbelzijdig","enrichments":[]}],"viewMode":{"reseller":"summary-modal"},"type":"radio","optionsInSummary":["10","11","00"],"parentOptions":[{"slug":"enkelzijdig","name":"Recto seul","nullable":false,"eco":false,"enrichments":[]},{"slug":"dubbelzijdig","name":"Recto/verso","nullable":false,"eco":false,"enrichments":[]},{"slug":"unprinted","name":"Sans impression","nullable":false,"eco":false,"enrichments":[]}]},{"slug":"print_position","title":"Position de l'impression","locked":false,"options":[{"slug":"none","name":"Sans ","nullable":true,"eco":false,"enrichments":[]},{"slug":"sunglasses_left_side","name":"Branche gauche","nullable":false,"eco":false,"enrichments":[]},{"slug":"sunglasses_right_side","name":"Branche droite","nullable":false,"eco":false,"enrichments":[]},{"slug":"sunglasses_left_and_right_different_design","name":"Branches gauche et droite","nullable":false,"eco":false,"enrichments":[]}],"viewMode":{"reseller":"default"},"type":"radio","optionsInSummary":[],"parentOptions":[]},{"slug":"copies","title":"Quantité","locked":false,"options":[],"viewMode":{"reseller":"copies"},"optionsInSummary":[],"copiesInSummary":{},"rangeSets":[{"summary":[5,10,25,50,100,250,500,1000,2500,5000,8000],"options":[{"max":25,"steps":5,"min":5},{"max":250,"steps":25,"min":25},{"max":500,"steps":50,"min":250},{"steps":100,"max":2500,"min":500},{"max":5250,"steps":250,"min":2500},{"max":7500,"steps":250,"min":5250},{"max":8001,"steps":1,"min":7500}],"printingmethod":"pad_printing"},{"options":[{"max":2,"steps":1,"min":1}],"summary":[1],"printingmethod":"sample"}],"copyLimit":{},"parentOptions":[]},{"slug":"urgency","title":"Urgence","locked":false,"options":[{"slug":"standard","name":"Standard","nullable":false,"eco":false,"enrichments":[]},{"slug":"quick","name":"Rapide","nullable":false,"eco":false,"enrichments":[]},{"slug":"urgent","name":"Urgent","nullable":false,"eco":false,"enrichments":[]},{"slug":"moderate","nullable":false,"eco":false,"enrichments":[],"name":"Moderate"}],"viewMode":{"reseller":"default"},"type":"radio","optionsInSummary":[],"parentOptions":[]},{"slug":"printingmethod","title":"Méthode d'impression","locked":false,"options":[{"slug":"pad_printing","name":"Tamponnage","nullable":false,"eco":false,"enrichments":[]},{"slug":"sample","name":"Échantillon non imprimé","nullable":false,"eco":false,"enrichments":[]}],"viewMode":{"reseller":"default"},"type":"radio","optionsInSummary":[],"parentOptions":[]},{"slug":"article_number","title":"Numéro d'article","locked":false,"options":[{"slug":"mo7455-03","name":"MO7455-03","nullable":false,"eco":false,"enrichments":[]},{"slug":"mo7455-04","name":"MO7455-04","nullable":false,"eco":false,"enrichments":[]},{"slug":"mo7455-05","name":"MO7455-05","nullable":false,"eco":false,"enrichments":[]},{"slug":"mo7455-06","name":"MO7455-06","nullable":false,"eco":false,"enrichments":[]},{"slug":"mo7455-08","name":"MO7455-08","nullable":false,"eco":false,"enrichments":[]},{"slug":"mo7455-10","name":"MO7455-10","nullable":false,"eco":false,"enrichments":[]},{"slug":"mo7455-38","name":"MO7455-38","nullable":false,"eco":false,"enrichments":[]},{"slug":"mo7455-48","name":"MO7455-48","nullable":false,"eco":false,"enrichments":[]}],"viewMode":{"reseller":"default"},"type":"radio","optionsInSummary":[],"parentOptions":[]},{"slug":"delivery","title":"Préférence d'emballage","locked":false,"options":[{"slug":"shipping_midocean","name":"Shipping Midocean","nullable":false,"eco":false,"enrichments":[]},{"slug":"none","name":"Sans","nullable":true,"eco":false,"enrichments":[]}],"viewMode":{"reseller":"default"},"type":"radio","optionsInSummary":[],"parentOptions":[]},{"slug":"handling_costs","title":"Frais de manutention","locked":false,"options":[{"slug":"handlings_cost_a","name":"Frais de manutention a","nullable":false,"eco":false,"enrichments":[]},{"slug":"none","nullable":true,"eco":false,"enrichments":[],"name":"Sans"}],"viewMode":{"reseller":"default"},"type":"radio","optionsInSummary":[],"parentOptions":[]},{"slug":"box_delivery","locked":false,"options":[{"slug":"500","nullable":false,"eco":false,"enrichments":[],"name":"500"}],"viewMode":{"reseller":"default"},"type":"number","optionsInSummary":[],"parentOptions":[],"title":"box_delivery"}],"maxDesigns":1,"bleed":"0","hsCode":"9004100000","isAvailableInUserRegion":true,"hasAccessories":false,"accessoryExcludes":[],"propertyGroups":[{"slug":"sunglasses-vcbxdgml","columnWidth":{"reseller":"summary-2h"},"properties":["summary_image","size","material","weight","packaging_quantity"]},{"slug":"sunglasses-wrkvweus","columnWidth":{"reseller":"third"},"properties":["color","printtype","print_position"]},{"slug":"sunglasses-myeviudy","columnWidth":{"reseller":"third"},"properties":["copies"]},{"slug":"sunglasses-qftegzld","columnWidth":{"reseller":"hidden"},"properties":["urgency","printingmethod","article_number","delivery","handling_costs","box_delivery"],"title":"Hidden"}],"excludes":[[{"property":"print_position","options":["sunglasses_left_and_right_different_design"]},{"property":"printtype","options":["10"]}],[{"property":"print_position","options":["sunglasses_left_side","sunglasses_right_side"]},{"property":"printtype","options":["11"]}],[{"options":["pad_printing"],"property":"printingmethod"},{"property":"printtype","options":["00"]}],[{"property":"printingmethod","options":["sample"]},{"options":["10","11"],"property":"printtype"}],[{"property":"printtype","options":["00"]},{"options":["sunglasses_left_side","sunglasses_right_side","sunglasses_left_and_right_different_design"],"property":"print_position"}],[{"property":"printtype","options":["11","10"]},{"options":["none"],"property":"print_position"}]],"warnings":[]}