{"sku":"surface-cleaner","active":true,"titleSingle":"Dégraissant","titlePlural":"Dégraissants","createdAt":"2024-02-14T10:50:02.158Z","updatedAt":"2024-02-14T10:50:02.158Z","introductionDate":"2024-02-14T10:50:02.158Z","properties":[{"slug":"accessories","title":"Accessoires","locked":false,"options":[{"slug":"surface_cleaner_ammoniak","name":"Dégraissant - Amoniaque","nullable":false,"eco":false,"enrichments":[]},{"slug":"surface_cleaner_amino-ethanol","name":"Dégraissant - Amino-ethanol","nullable":false,"eco":false,"enrichments":[]}],"viewMode":{"reseller":"icons"},"type":"radio","optionsInSummary":[],"parentOptions":[]},{"slug":"size","title":"Format (largeur x hauteur)","locked":false,"options":[{"slug":"500_ml","name":"500 ml","nullable":false,"width":275,"height":100}],"viewMode":{"reseller":"default"},"type":"radio","optionsInSummary":[],"parentOptions":[]},{"slug":"material","title":"Support","locked":false,"options":[{"slug":"500gr_butoxyethanol","name":"Produit de nettoyage à base de Butoxyethanol et Amoniaque","nullable":false,"eco":false,"enrichments":[]},{"slug":"500gr_butoxyethanol-amino-ethanol","name":"Produit de nettoyage à base de Butoxyethanol et Amoniaque/ethanol","nullable":false,"eco":false,"enrichments":[]}],"viewMode":{"reseller":"default"},"type":"radio","optionsInSummary":[],"parentOptions":[]},{"slug":"copies","title":"Quantité","locked":false,"options":[],"viewMode":{"reseller":"copies"},"optionsInSummary":[],"copiesInSummary":{},"rangeSets":[{"summary":[1,2,3,4,5],"options":[{"max":100,"steps":1,"min":0}],"printingmethod":"raw_material"}],"copyLimit":{},"parentOptions":[]},{"slug":"printingmethod","title":"Méthode d'impression","locked":false,"options":[{"slug":"raw_material","name":"Sans impression","nullable":false,"eco":false,"enrichments":[]}],"viewMode":{"reseller":"default"},"type":"radio","optionsInSummary":[],"parentOptions":[]},{"slug":"printtype","title":"Impression","locked":false,"options":[{"slug":"00","name":"Non imprimé","nullable":false,"eco":false,"pages":[{"numberOfColors":1,"colorspace":"indexed"}],"enrichments":[]}],"viewMode":{"reseller":"default"},"type":"radio","optionsInSummary":[],"parentOptions":[]},{"slug":"urgency","title":"Urgence","locked":false,"options":[{"slug":"standard","name":"Standard","nullable":false,"eco":false,"enrichments":[]},{"slug":"quick","name":"Rapide","nullable":false,"eco":false,"enrichments":[]},{"slug":"urgent","name":"Urgent","nullable":false,"eco":false,"enrichments":[]},{"slug":"moderate","nullable":false,"eco":false,"enrichments":[],"name":"Moderate"}],"viewMode":{"reseller":"default"},"type":"radio","optionsInSummary":[],"parentOptions":[]}],"maxDesigns":1,"hsCode":"3402909000","isAvailableInUserRegion":true,"hasAccessories":false,"accessoryExcludes":[],"propertyGroups":[{"slug":"surface-cleaner-fsnqxyde","columnWidth":{"reseller":"full"},"properties":["accessories"],"title":"Type"},{"slug":"surface-cleaner-tokfxspu","columnWidth":{"reseller":"third"},"properties":["size"],"title":"Size"},{"slug":"surface-cleaner-iqgpicuf","columnWidth":{"reseller":"third"},"properties":["material"],"title":"Support"},{"slug":"surface-cleaner-fhvwtwwl","columnWidth":{"reseller":"third"},"properties":["copies"],"title":"Amount"},{"slug":"surface-cleaner-zrlszuji","columnWidth":{"reseller":"hidden"},"properties":["printingmethod","printtype","urgency"],"title":"Hidden"}],"excludes":[[{"property":"accessories","options":["surface_cleaner_ammoniak"]},{"property":"material","options":["500gr_butoxyethanol-amino-ethanol"]}],[{"property":"accessories","options":["surface_cleaner_amino-ethanol"]},{"options":["500gr_butoxyethanol"],"property":"material"}]]}