{"sku":"t-shirt-budget-2","active":true,"titleSingle":"T-shirt Sol's Regent","titlePlural":"Sol's Regent t-shirt","createdAt":"2023-09-05T11:11:43.135Z","updatedAt":"2024-10-18T11:21:33.510Z","properties":[{"slug":"summary_image:color_textile","title":"summary image","locked":false,"options":[{"slug":"sols_regent_image","nullable":true,"enrichments":[{"propertySlug":"color","optionSlug":"#9f9f9f"}]},{"slug":"navy_blue_tshirt_sol_regent","nullable":false,"enrichments":[{"propertySlug":"color","optionSlug":"#2d2f3b"}]},{"slug":"white_tshirt_sol_regent","nullable":false,"enrichments":[{"propertySlug":"color","optionSlug":"#f2f2f4"}]},{"slug":"black_tshirt_sol_regent","nullable":false,"enrichments":[{"propertySlug":"color","optionSlug":"#181816"}]},{"slug":"light_red_tshirt_sol_regent","nullable":false,"enrichments":[{"propertySlug":"color","optionSlug":"#A32330"}]},{"slug":"orange_tshirt_sol_regent","nullable":false,"enrichments":[{"propertySlug":"color","optionSlug":"#d16f16"}]},{"slug":"apple_green_tshirt_sol_regent","nullable":false,"enrichments":[{"propertySlug":"color","optionSlug":"#b9cc58"}]},{"slug":"aqua_tshirt_sol_regent","nullable":false,"enrichments":[{"propertySlug":"color","optionSlug":"#4d8bb0"}]},{"slug":"army_tshirt_sol_regent","nullable":false,"enrichments":[{"propertySlug":"color","optionSlug":"#898a6b"}]},{"slug":"bottle_green_tshirt_sol_regent","nullable":false,"enrichments":[{"propertySlug":"color","optionSlug":"#3d523d"}]},{"slug":"gold_tshirt_sol_regent","nullable":false,"enrichments":[{"propertySlug":"color","optionSlug":"#f4d835"}]},{"slug":"grey_melange_tshirt_sol_regent","nullable":false,"enrichments":[{"propertySlug":"color","optionSlug":"#9f9f9f"}]},{"slug":"kelly_green_tshirt_sol_regent","nullable":false,"enrichments":[{"propertySlug":"color","optionSlug":"#418f59"}]},{"slug":"light_purple_tshirt_sol_regent","nullable":false,"enrichments":[{"propertySlug":"color","optionSlug":"#623e84"}]},{"slug":"orchid_pink_tshirt_sol_regent","nullable":false,"enrichments":[{"propertySlug":"color","optionSlug":"#d98cb6"}]},{"slug":"pale_pink_tshirt_sol_regent","nullable":false,"enrichments":[{"propertySlug":"color","optionSlug":"#e9d2d8"}]},{"slug":"royal_blue_tshirt_sol_regent","nullable":false,"enrichments":[{"propertySlug":"color","optionSlug":"#375597"}]},{"slug":"tango_red_tshirt_sol_regent","nullable":false,"enrichments":[{"propertySlug":"color","optionSlug":"#a71833"}]},{"slug":"dark_grey_tshirt_sol_regent","nullable":false,"eco":false,"enrichments":[{"propertySlug":"color","optionSlug":"#575757"}]}],"viewMode":{"reseller":"default"},"type":"radio","optionsInSummary":[],"parentOptions":[]},{"slug":"brand_name","title":"Marque / Modèle","locked":false,"options":[{"slug":"sols_regent_150","name":"Sol's Regent","nullable":false,"eco":false,"enrichments":[]}],"viewMode":{"reseller":"default"},"type":"radio","optionsInSummary":[],"parentOptions":[]},{"slug":"material","title":"Support","locked":false,"options":[{"slug":"150gr_cotton_bc","name":"Coton 150 g/m2 ringspun (à fil de chaîne continu)","nullable":false,"eco":false,"enrichments":[]}],"viewMode":{"reseller":"default"},"type":"radio","optionsInSummary":[],"parentOptions":[]},{"slug":"fitting","title":"Coupe","locked":false,"options":[{"slug":"regular","name":"Regular","nullable":true,"enrichments":[]}],"viewMode":{"reseller":"default"},"type":"radio","optionsInSummary":[],"parentOptions":[]},{"slug":"certificate","title":"certificat","locked":false,"options":[{"slug":"oeko-tex_100","name":"Oeko-tex 100","nullable":true,"eco":false,"enrichments":[]}],"viewMode":{"reseller":"default"},"type":"checkbox","optionsInSummary":[],"parentOptions":[]},{"slug":"positions_front","title":"Devant","locked":false,"options":[{"slug":"transfer","name":"Impression couleur par transfert","nullable":false,"eco":false,"enrichments":[]},{"slug":"1pms","name":"1 Pantone - Sérigraphie","nullable":false,"eco":false,"enrichments":[]},{"slug":"2pms","name":"2 Pantone - Sérigraphie","nullable":false,"eco":false,"enrichments":[]},{"slug":"3pms","name":"3 Pantone - Sérigraphie","nullable":false,"eco":false,"enrichments":[]},{"slug":"4pms","name":"4 Pantone - Sérigraphie","nullable":false,"eco":false,"enrichments":[]}],"viewMode":{"reseller":"default"},"type":"radio","optionsInSummary":[],"parentOptions":[],"meta":{"area_y":400,"area_x":280}},{"slug":"positions_back","title":"Dos","locked":false,"options":[{"slug":"transfer","name":"Impression couleur par transfert","nullable":false,"eco":false,"enrichments":[]},{"slug":"1pms","name":"1 Pantone - Sérigraphie","nullable":false,"eco":false,"enrichments":[]},{"slug":"2pms","name":"2 Pantone - Sérigraphie","nullable":false,"eco":false,"enrichments":[]},{"slug":"3pms","name":"3 Pantone - Sérigraphie","nullable":false,"eco":false,"enrichments":[]},{"slug":"4pms","name":"4 Pantone - Sérigraphie","nullable":false,"eco":false,"enrichments":[]}],"viewMode":{"reseller":"default"},"type":"radio","optionsInSummary":[],"parentOptions":[],"meta":{"area_y":400,"area_x":280}},{"slug":"positions_chest","title":"Poitrine gauche","locked":false,"options":[{"slug":"transfer","name":"Impression couleur par transfert","nullable":false,"eco":false,"enrichments":[]},{"slug":"1pms","name":"1 Pantone - Sérigraphie","nullable":false,"eco":false,"enrichments":[]},{"slug":"2pms","name":"2 Pantone - Sérigraphie","nullable":false,"eco":false,"enrichments":[]},{"slug":"3pms","name":"3 Pantone - Sérigraphie","nullable":false,"eco":false,"enrichments":[]},{"slug":"4pms","name":"4 Pantone - Sérigraphie","nullable":false,"eco":false,"enrichments":[]}],"viewMode":{"reseller":"default"},"type":"radio","optionsInSummary":[],"parentOptions":[],"meta":{"area_y":100,"area_x":100}},{"slug":"positions_chest_right","title":"Poitrine droite","locked":false,"options":[{"slug":"transfer","name":"Impression couleur par transfert","nullable":false,"eco":false,"enrichments":[]},{"slug":"1pms","name":"1 Pantone - Sérigraphie","nullable":false,"eco":false,"enrichments":[]},{"slug":"2pms","name":"2 Pantone - Sérigraphie","nullable":false,"eco":false,"enrichments":[]},{"slug":"3pms","name":"3 Pantone - Sérigraphie","nullable":false,"eco":false,"enrichments":[]},{"slug":"4pms","name":"4 Pantone - Sérigraphie","nullable":false,"eco":false,"enrichments":[]}],"viewMode":{"reseller":"default"},"type":"radio","optionsInSummary":[],"parentOptions":[],"meta":{"area_y":100,"area_x":100}},{"slug":"positions_sleeve_left","title":"Manche gauche","locked":false,"options":[{"slug":"transfer","name":"Impression couleur par transfert","nullable":false,"eco":false,"enrichments":[]},{"slug":"1pms","name":"1 Pantone - Sérigraphie","nullable":false,"eco":false,"enrichments":[]},{"slug":"2pms","name":"2 Pantone - Sérigraphie","nullable":false,"eco":false,"enrichments":[]},{"slug":"3pms","name":"3 Pantone - Sérigraphie","nullable":false,"eco":false,"enrichments":[]},{"slug":"4pms","name":"4 Pantone - Sérigraphie","nullable":false,"eco":false,"enrichments":[]}],"viewMode":{"reseller":"default"},"type":"radio","optionsInSummary":[],"parentOptions":[],"meta":{"area_y":100,"area_x":100}},{"slug":"positions_sleeve_right","title":"Manche droite","locked":false,"options":[{"slug":"transfer","name":"Impression couleur par transfert","nullable":false,"eco":false,"enrichments":[]},{"slug":"1pms","name":"1 Pantone - Sérigraphie","nullable":false,"eco":false,"enrichments":[]},{"slug":"2pms","name":"2 Pantone - Sérigraphie","nullable":false,"eco":false,"enrichments":[]},{"slug":"3pms","name":"3 Pantone - Sérigraphie","nullable":false,"eco":false,"enrichments":[]},{"slug":"4pms","name":"4 Pantone - Sérigraphie","nullable":false,"eco":false,"enrichments":[]}],"viewMode":{"reseller":"default"},"type":"radio","optionsInSummary":[],"parentOptions":[],"meta":{"area_y":100,"area_x":100}},{"slug":"color_textile","title":"Couleur","locked":false,"options":[{"slug":"navy_blue_tshirt_sol_regent","name":"Navy","nullable":false,"eco":false,"enrichments":[{"propertySlug":"color","optionSlug":"#2d2f3b"}]},{"slug":"white_tshirt_sol_regent","name":"Blanc","nullable":false,"eco":false,"enrichments":[{"propertySlug":"color","optionSlug":"#f2f2f4"}]},{"slug":"black_tshirt_sol_regent","name":"Noir","nullable":false,"eco":false,"enrichments":[{"propertySlug":"color","optionSlug":"#181816"}]},{"slug":"light_red_tshirt_sol_regent","name":"Rouge","nullable":false,"eco":false,"enrichments":[{"propertySlug":"color","optionSlug":"#A32330"}]},{"slug":"orange_tshirt_sol_regent","name":"Orange","nullable":false,"eco":false,"enrichments":[{"propertySlug":"color","optionSlug":"#d16f16"}]},{"slug":"apple_green_tshirt_sol_regent","name":"Apple green","nullable":false,"eco":false,"enrichments":[{"propertySlug":"color","optionSlug":"#b9cc58"}]},{"slug":"aqua_tshirt_sol_regent","name":"Aqua","nullable":false,"eco":false,"enrichments":[{"propertySlug":"color","optionSlug":"#4d8bb0"}]},{"slug":"army_tshirt_sol_regent","name":"Armée","nullable":false,"eco":false,"enrichments":[{"propertySlug":"color","optionSlug":"#898a6b"}]},{"slug":"bottle_green_tshirt_sol_regent","name":"Vert foncé","nullable":false,"eco":false,"enrichments":[{"propertySlug":"color","optionSlug":"#2596be"}]},{"slug":"gold_tshirt_sol_regent","name":"Or","nullable":false,"eco":false,"enrichments":[{"propertySlug":"color","optionSlug":"#f4d835"}]},{"slug":"grey_melange_tshirt_sol_regent","name":"Gris","nullable":false,"eco":false,"enrichments":[{"propertySlug":"color","optionSlug":"#9f9f9f"}]},{"slug":"kelly_green_tshirt_sol_regent","name":"Vert Kelly","nullable":false,"eco":false,"enrichments":[{"propertySlug":"color","optionSlug":"#418f59"}]},{"slug":"light_purple_tshirt_sol_regent","name":"Violet","nullable":false,"eco":false,"enrichments":[{"propertySlug":"color","optionSlug":"#623e84"}]},{"slug":"orchid_pink_tshirt_sol_regent","name":"Orchid pink","nullable":false,"eco":false,"enrichments":[{"propertySlug":"color","optionSlug":"#d98cb6"}]},{"slug":"pale_pink_tshirt_sol_regent","name":"Rose","nullable":false,"eco":false,"enrichments":[{"propertySlug":"color","optionSlug":"#e9d2d8"}]},{"slug":"royal_blue_tshirt_sol_regent","name":"Bleu royal","nullable":false,"eco":false,"enrichments":[{"propertySlug":"color","optionSlug":"#375597"}]},{"slug":"sky_blue_tshirt_sol_regent","name":"Bleu Ciel","nullable":false,"eco":false,"enrichments":[{"propertySlug":"color","optionSlug":"#a4c2e8"}]},{"slug":"tango_red_tshirt_sol_regent","name":"Tango Rouge","nullable":false,"eco":false,"enrichments":[{"propertySlug":"color","optionSlug":"#a71833"}]},{"slug":"dark_grey_tshirt_sol_regent","name":"Gris foncé","nullable":false,"eco":false,"enrichments":[{"propertySlug":"color","optionSlug":"#575757"}]}],"viewMode":{"reseller":"default"},"type":"radio","optionsInSummary":[],"parentOptions":[]},{"slug":"textile_sizes","title":"Taille","locked":false,"options":[{"slug":"xs","name":"Homme XS","nullable":false,"eco":false,"enrichments":[]},{"slug":"s","name":"Homme S","nullable":false,"eco":false,"enrichments":[]},{"slug":"m","name":"Homme M","nullable":false,"eco":false,"enrichments":[]},{"slug":"l","name":"Homme L","nullable":false,"eco":false,"enrichments":[]},{"slug":"xl","name":"Homme XL","nullable":false,"eco":false,"enrichments":[]},{"slug":"xxl","name":"Homme XXL","nullable":false,"eco":false,"enrichments":[]},{"slug":"xxxl","name":"Homme 3XL","nullable":false,"eco":false,"enrichments":[]},{"slug":"4xl","name":"Hommes 4XL","nullable":false,"eco":false,"enrichments":[]},{"slug":"woman-s","name":"Femme S","nullable":false,"eco":false,"enrichments":[]},{"slug":"woman-m","name":"Femme M","nullable":false,"eco":false,"enrichments":[]},{"slug":"woman-l","name":"Femme L","nullable":false,"eco":false,"enrichments":[]},{"slug":"woman-xl","name":"Femme XL","nullable":false,"eco":false,"enrichments":[]},{"slug":"woman-xxl","name":"Femme XXL","nullable":false,"eco":false,"enrichments":[]}],"viewMode":{"reseller":"default"},"type":"radio","optionsInSummary":[],"parentOptions":[]},{"slug":"copies","title":"Quantité","locked":false,"options":[],"viewMode":{"reseller":"default"},"optionsInSummary":[],"copiesInSummary":{},"rangeSets":[{"summary":[5,10,20,50,100],"options":[{"max":50,"steps":1,"min":1},{"max":250,"steps":1,"min":50},{"max":500,"steps":10,"min":250},{"max":1000,"steps":25,"min":500},{"max":2000,"steps":50,"min":1000}],"printingmethod":"screen_printing"},{"summary":[1],"options":[{"max":100,"steps":1,"min":1},{"max":250,"steps":5,"min":100}],"printingmethod":"embroidering"},{"summary":[],"options":[{"max":100,"steps":1,"min":1},{"max":250,"steps":5,"min":100},{"max":500,"steps":10,"min":250},{"max":1000,"steps":25,"min":500}],"printingmethod":"heat_transfer"}],"copyLimit":{},"parentOptions":[]},{"slug":"color","title":"Couleurs","locked":false,"options":[{"slug":"textile_black","name":"Noir","nullable":true,"eco":false,"enrichments":[{"propertySlug":"color","optionSlug":"#282627"}]},{"slug":"textile_white","name":"Blanc","nullable":true,"eco":false,"enrichments":[{"propertySlug":"color","optionSlug":"#ededed"}]},{"slug":"textile_grey","name":"Gris","nullable":true,"eco":false,"enrichments":[{"propertySlug":"color","optionSlug":"#b6babe"}]},{"slug":"textile_sky_blue","nullable":true,"eco":false,"enrichments":[{"propertySlug":"color","optionSlug":"#8bb2d8"}]},{"slug":"textile_blue","name":"Bleu","nullable":true,"eco":false,"enrichments":[{"propertySlug":"color","optionSlug":"#008bb9"}]},{"slug":"textile_pink","name":"Rose","nullable":true,"eco":false,"enrichments":[{"propertySlug":"color","optionSlug":"#fbe0e4"}]},{"slug":"textile_red","name":"Rouge","nullable":true,"eco":false,"enrichments":[{"propertySlug":"color","optionSlug":"#cf0927"}]},{"slug":"textile_green","name":"Vert","nullable":true,"eco":false,"enrichments":[{"propertySlug":"color","optionSlug":"#00a65e"}]},{"slug":"textile_orange","name":"Orange","nullable":true,"eco":false,"enrichments":[{"propertySlug":"color","optionSlug":"#fc7128"}]},{"slug":"textile_dark_blue","nullable":true,"eco":false,"enrichments":[{"propertySlug":"color","optionSlug":"#144e8f"}]},{"slug":"textile_khaki","name":"Kaki","nullable":true,"eco":false,"enrichments":[{"propertySlug":"color","optionSlug":"#454839"}]}],"viewMode":{"reseller":"default"},"type":"radio","optionsInSummary":[],"parentOptions":[]},{"slug":"summary_image","locked":false,"options":[],"viewMode":{"reseller":"default"},"type":"checkbox","optionsInSummary":[],"parentOptions":[],"title":"summary_image"},{"slug":"printtype","title":"Impression","locked":false,"options":[{"slug":"variable","name":"Variable","nullable":false,"eco":false,"enrichments":[]}],"viewMode":{"reseller":"default"},"type":"radio","optionsInSummary":[],"parentOptions":[]},{"slug":"printingmethod","title":"Méthode d'impression","locked":false,"options":[{"slug":"screen_printing","name":"Sérigraphie","nullable":false,"eco":false,"enrichments":[]},{"slug":"heat_transfer","name":"Transfert à chaud","nullable":false,"eco":false,"enrichments":[]},{"slug":"embroidering","name":"Broderie (12 couleurs)","nullable":false,"eco":false,"enrichments":[]}],"viewMode":{"reseller":"default"},"type":"radio","optionsInSummary":[],"parentOptions":[]},{"slug":"urgency","title":"Urgence","locked":false,"options":[{"slug":"standard","name":"Standard","nullable":false,"eco":false,"enrichments":[]},{"slug":"quick","name":"Rapide","nullable":false,"eco":false,"enrichments":[]},{"slug":"urgent","name":"Urgent","nullable":false,"eco":false,"enrichments":[]},{"slug":"moderate","nullable":false,"eco":false,"enrichments":[],"name":"Moderate"}],"viewMode":{"reseller":"default"},"type":"radio","optionsInSummary":[],"parentOptions":[]},{"slug":"quality_level","title":"Qualité","locked":false,"options":[{"slug":"budget","name":"Premier prix","nullable":false,"eco":false,"enrichments":[]}],"viewMode":{"reseller":"default"},"type":"radio","optionsInSummary":[],"parentOptions":[]},{"slug":"size","title":"Format (largeur x hauteur)","locked":false,"options":[{"slug":"t_shirt_nul_price","name":"t-shirt","nullable":false,"width":1,"height":1}],"viewMode":{"reseller":"default"},"type":"radio","optionsInSummary":[],"parentOptions":[]},{"slug":"brezo_article","locked":false,"options":[{"slug":"sol.811380","name":"SOL.811380 / Sol's Regent","nullable":false,"eco":false,"enrichments":[]},{"slug":"sol.801825","name":"SOL.801825 / Sol's Regent Woman","nullable":false,"eco":false,"enrichments":[]}],"viewMode":{"reseller":"default"},"type":"radio","optionsInSummary":[],"parentOptions":[],"title":"Brezo Article"},{"slug":"personalize","title":"Personnalisation","locked":false,"options":[{"slug":"none","name":"Sans","nullable":true,"eco":false,"enrichments":[]},{"slug":"personalize_from_excel","name":"A partir d'un fichier Excel ","nullable":false,"eco":false,"enrichments":[]}],"viewMode":{"reseller":"default"},"type":"radio","optionsInSummary":[],"parentOptions":[]},{"slug":"individually_sealed","title":"A la pièce, sous film","locked":false,"options":[{"slug":"no","name":"Non","nullable":false,"eco":false,"enrichments":[]},{"slug":"yes","name":"Oui","nullable":false,"eco":false,"enrichments":[]}],"viewMode":{"reseller":"default"},"type":"checkbox","optionsInSummary":[],"parentOptions":[]}],"maxDesigns":1,"bleed":"0","hsCode":"6109100000","isAvailableInUserRegion":true,"hasAccessories":false,"accessoryExcludes":[],"propertyGroups":[{"slug":"t-shirt-budget-2-eavacmzf","columnWidth":{"reseller":"summary-2h"},"properties":["summary_image:color_textile","brand_name","material","fitting","certificate"]},{"slug":"t-shirt-budget-2-jkiuopaq","columnWidth":{"reseller":"printing-areas"},"properties":["positions_front","positions_back","positions_chest","positions_chest_right","positions_sleeve_left","positions_sleeve_right"],"title":"Print"},{"slug":"t-shirt-budget-2-kaatmlyf","columnWidth":{"reseller":"variants"},"properties":["color_textile","textile_sizes","copies"],"title":"Variable"},{"slug":"t-shirt-budget-2-ttwshomz","columnWidth":{"reseller":"hidden"},"properties":["color","summary_image","printtype","printingmethod","urgency","quality_level","size","brezo_article"],"title":"hidden"},{"slug":"t-shirt-budget-2-cfstbmpe","columnWidth":{"reseller":"hidden"},"title":"Options complémentaires","properties":["personalize"]},{"slug":"t-shirt-budget-2-ltjnqaxk","columnWidth":{"reseller":"extras-three-columns"},"title":"Emballage","properties":["individually_sealed"]}],"excludes":[[{"options":["1pms","2pms","3pms","4pms"],"property":"positions_front"},{"options":[1,2,3,4,5,6,7,8,9],"property":"copies"}],[{"property":"positions_back","options":["1pms","2pms","3pms","4pms"]},{"property":"copies","options":[1,2,3,4,5,6,7,8,9]}],[{"property":"positions_chest","options":["1pms","2pms","3pms","4pms"]},{"property":"copies","options":[1,2,3,4,5,6,7,8,9]}],[{"property":"positions_chest_right","options":["1pms","2pms","3pms","4pms"]},{"property":"copies","options":[1,2,3,4,5,6,7,8,9]}],[{"property":"positions_sleeve_left","options":["1pms","2pms","3pms","4pms"]},{"property":"copies","options":[1,2,3,4,5,7,6,8,9]}],[{"property":"positions_sleeve_right","options":["1pms","2pms","3pms","4pms"]},{"property":"copies","options":[1,2,3,4,5,6,7,8,9]}],[{"property":"positions_front","options":["1pms","2pms","3pms","4pms","transfer"]},{"property":"positions_chest","options":["transfer","1pms","2pms","3pms","4pms"]}],[{"property":"positions_front","options":["1pms","2pms","3pms","4pms","transfer"]},{"property":"positions_chest_right","options":["transfer","1pms","2pms","3pms","4pms"]}],[{"property":"color_textile","options":["gold_tshirt_sol_regent","light_purple_tshirt_sol_regent","pale_pink_tshirt_sol_regent","sky_blue_tshirt_sol_regent","tango_red_tshirt_sol_regent"],"description":"Kleuren niet beschikbaar in dames maten"},{"property":"textile_sizes","options":["woman-s","woman-m","woman-l","woman-xl","woman-xxl"]}],[{"property":"color_textile","options":["light_purple_tshirt_sol_regent","orchid_pink_tshirt_sol_regent","pale_pink_tshirt_sol_regent","tango_red_tshirt_sol_regent","army_tshirt_sol_regent"],"description":"Kleuren niet beschikbaar in 3XL en 4xl"},{"property":"textile_sizes","options":["xxxl","4xl"]}],[{"property":"textile_sizes","options":["4xl"],"description":"Kleuren niet beschikbaar in 4XL"},{"property":"color_textile","options":["apple_green_tshirt_sol_regent","aqua_tshirt_sol_regent","army_tshirt_sol_regent","bottle_green_tshirt_sol_regent","gold_tshirt_sol_regent","kelly_green_tshirt_sol_regent","light_purple_tshirt_sol_regent","orchid_pink_tshirt_sol_regent","pale_pink_tshirt_sol_regent","sky_blue_tshirt_sol_regent","tango_red_tshirt_sol_regent","dark_grey_tshirt_sol_regent"]}]],"warnings":[]}