{"sku":"triple-basic-folder-display","active":true,"titleSingle":"Présentoir pour 3 documents","titlePlural":"Présentoirs pour 3 documents","createdAt":"2023-10-04T05:43:07.224Z","updatedAt":"2024-02-14T10:50:12.141Z","introductionDate":"2023-10-04T05:43:07.224Z","properties":[{"slug":"summary_image","title":"summary image","locked":false,"options":[{"slug":"triple-basic-folder-display","nullable":true,"eco":false,"enrichments":[],"name":"triple-basic-folder-display"}],"viewMode":{"reseller":"default"},"type":"checkbox","optionsInSummary":["triple-basic-folder-display"],"parentOptions":[]},{"slug":"size","title":"Adapté au format","locked":false,"options":[{"slug":"a4","name":"A4 - 210 x 297 mm","nullable":false,"width":"210","height":"297"}],"viewMode":{"reseller":"default"},"type":"radio","optionsInSummary":["a4"],"parentOptions":[]},{"slug":"material","title":"Matériau du support","locked":false,"options":[{"slug":"anodized_aluminum","name":"Aluminum anodisé","nullable":false,"eco":false,"enrichments":[]}],"viewMode":{"reseller":"default"},"type":"radio","optionsInSummary":["anodized_aluminum"],"parentOptions":[]},{"slug":"copies","title":"Quantité","locked":false,"options":[],"viewMode":{"reseller":"copies"},"optionsInSummary":[],"copiesInSummary":{},"rangeSets":[{"options":[{"max":500,"steps":1,"min":1}],"summary":[1,2,3,4,5,10,15],"printingmethod":"raw_material"}],"copyLimit":{},"parentOptions":[]},{"slug":"printtype","title":"Impression","locked":false,"options":[{"slug":"00","name":"Non imprimé","nullable":false,"eco":false,"pages":[{"numberOfColors":1,"colorspace":"indexed"}],"enrichments":[]}],"viewMode":{"reseller":"default"},"type":"radio","optionsInSummary":[],"parentOptions":[]},{"slug":"printingmethod","title":"Méthode d'impression","locked":false,"options":[{"slug":"raw_material","name":"Sans impression","nullable":false,"eco":false,"enrichments":[]}],"viewMode":{"reseller":"default"},"type":"radio","optionsInSummary":[],"parentOptions":[]},{"slug":"urgency","title":"Urgence","locked":false,"options":[{"slug":"standard","name":"Standard","nullable":false,"eco":false,"enrichments":[]},{"slug":"quick","name":"Rapide","nullable":false,"eco":false,"enrichments":[]},{"slug":"urgent","name":"Urgent","nullable":false,"eco":false,"enrichments":[]}],"viewMode":{"reseller":"default"},"type":"radio","optionsInSummary":[],"parentOptions":[]},{"slug":"article_number","title":"Numéro d'article","locked":false,"options":[{"slug":"7800-a4","nullable":false,"eco":false,"enrichments":[],"name":"7800-A4"}],"viewMode":{"reseller":"default"},"type":"radio","optionsInSummary":[],"parentOptions":[]}],"maxDesigns":1,"hsCode":"4911998000","isAvailableInUserRegion":true,"hasAccessories":false,"accessoryExcludes":[],"propertyGroups":[{"slug":"triple-basic-folder-display-qqburkpk","columnWidth":{"reseller":"summary"},"columnHeight":{},"properties":["summary_image"]},{"slug":"triple-basic-folder-display-mvsxzgij","columnWidth":{"reseller":"third"},"columnHeight":{},"properties":["size","material"]},{"slug":"triple-basic-folder-display-rqwnpljc","columnWidth":{"reseller":"third"},"columnHeight":{},"properties":["copies"]},{"slug":"triple-basic-folder-display-pcuwzycx","columnWidth":{"reseller":"hidden"},"columnHeight":{},"properties":["printtype","printingmethod","urgency","article_number"],"title":"Hidden"}],"excludes":[],"warnings":[]}