{"sku":"wall-mount-beachflags","active":true,"titleSingle":"Fixation murale pour beachflag","titlePlural":"Fixations murales pour beachflag","createdAt":"2024-02-14T10:49:58.529Z","updatedAt":"2024-02-14T10:49:58.529Z","introductionDate":"2024-02-14T10:49:58.529Z","properties":[{"slug":"summary_image","title":"summary image","locked":false,"options":[{"slug":"wall_mount_beachflags","nullable":true,"eco":false,"enrichments":[],"name":"wall mount beachflags"}],"viewMode":{"reseller":"default"},"type":"checkbox","optionsInSummary":[],"parentOptions":[]},{"slug":"size","title":"Format (largeur x hauteur)","locked":false,"options":[{"slug":"flag_wall_mount","name":"Plaque murale 10 x 10 cm, trous de 10 mm de diamètre","nullable":false,"width":1,"height":1}],"viewMode":{"reseller":"default"},"type":"radio","optionsInSummary":[],"parentOptions":[]},{"slug":"material","title":"Support","locked":false,"options":[{"slug":"500gr_powder_coated_steel","name":"Acier peint au four","nullable":false,"eco":false,"enrichments":[]}],"viewMode":{"reseller":"default"},"type":"radio","optionsInSummary":[],"parentOptions":[]},{"slug":"accessories_flags","title":"Type de fixation","locked":false,"options":[{"slug":"wall_mount_straight","name":"Fixation murale droite (0°)","nullable":false,"eco":false,"enrichments":[]},{"slug":"wall_mount_25_degrees","name":"Fixation murale oblique (25°)","nullable":false,"eco":false,"enrichments":[]},{"slug":"wall_mount_90_degrees","name":"Fixation murale horizontale (90°)","nullable":false,"eco":false,"enrichments":[]}],"viewMode":{"reseller":"default"},"type":"radio","optionsInSummary":[],"parentOptions":[]},{"slug":"copies","title":"Quantité","locked":false,"options":[],"viewMode":{"reseller":"copies"},"optionsInSummary":[],"copiesInSummary":{},"rangeSets":[{"options":[{"max":100,"steps":1,"min":1}],"summary":[1,2,3,4,5],"printingmethod":"raw_material"}],"copyLimit":{},"parentOptions":[]},{"slug":"printingmethod","title":"Méthode d'impression","locked":false,"options":[{"slug":"raw_material","name":"Sans impression","nullable":false,"eco":false,"enrichments":[]}],"viewMode":{"reseller":"default"},"type":"radio","optionsInSummary":[],"parentOptions":[]},{"slug":"printtype","title":"Impression","locked":false,"options":[{"slug":"00","name":"Non imprimé","nullable":false,"eco":false,"pages":[{"numberOfColors":1,"colorspace":"indexed"}],"enrichments":[]}],"viewMode":{"reseller":"default"},"type":"radio","optionsInSummary":[],"parentOptions":[]},{"slug":"urgency","title":"Urgence","locked":false,"options":[{"slug":"standard","name":"Standard","nullable":false,"eco":false,"enrichments":[]},{"slug":"moderate","nullable":false,"eco":false,"enrichments":[],"name":"Moderate"},{"slug":"quick","name":"Rapide","nullable":false,"eco":false,"enrichments":[]},{"slug":"urgent","name":"Urgent","nullable":false,"eco":false,"enrichments":[]}],"viewMode":{"reseller":"default"},"type":"radio","optionsInSummary":[],"parentOptions":[]}],"bleed":"0","hsCode":"6307909800","isAvailableInUserRegion":true,"hasAccessories":false,"accessoryExcludes":[],"propertyGroups":[{"slug":"wall-mount-beachflags-afwcxeor","columnWidth":{"reseller":"summary"},"columnHeight":{"reseller":"1block"},"properties":["summary_image","size","material"]},{"slug":"wall-mount-beachflags-jggplvdo","columnWidth":{"reseller":"two-columns"},"columnHeight":{},"properties":["accessories_flags","copies"]},{"slug":"wall-mount-beachflags-xmobvzvc","columnWidth":{"reseller":"hidden"},"columnHeight":{},"properties":["printingmethod","printtype","urgency"]}],"excludes":[],"warnings":[]}