{"sku":"whiteboard-kits","active":true,"titleSingle":"Set d'accessoires pour tableau blanc","titlePlural":"Sets d'accessoires pour tableau blanc","createdAt":"2023-12-20T13:58:43.823Z","updatedAt":"2024-09-27T07:23:51.638Z","introductionDate":"2023-12-20T13:58:43.823Z","properties":[{"slug":"summary_image","title":"summary image","locked":false,"options":[{"slug":"whiteboard-kit","nullable":true,"eco":false,"enrichments":[],"name":"whiteboard-kit"}],"viewMode":{"reseller":"default"},"type":"checkbox","optionsInSummary":[],"parentOptions":[]},{"slug":"kit_type","title":"Type de set","locked":false,"options":[{"slug":"basic-kit","name":"Set Basic","nullable":false,"eco":false,"enrichments":[]},{"slug":"premium-kit","name":"Set Premium","nullable":false,"eco":false,"enrichments":[]}],"viewMode":{"reseller":"default"},"type":"radio","optionsInSummary":[],"parentOptions":[]},{"slug":"copies","title":"Quantité","locked":false,"options":[{"slug":1,"nullable":false,"type":"raw_material"},{"slug":2,"nullable":false,"type":"raw_material"},{"slug":3,"nullable":false,"type":"raw_material"},{"slug":4,"nullable":false,"type":"raw_material"},{"slug":5,"nullable":false,"type":"raw_material"},{"slug":6,"nullable":false,"type":"raw_material"},{"slug":7,"nullable":false,"type":"raw_material"},{"slug":8,"nullable":false,"type":"raw_material"},{"slug":9,"nullable":false,"type":"raw_material"},{"slug":10,"nullable":false,"type":"raw_material"}],"viewMode":{"reseller":"copies"},"optionsInSummary":[],"rangeSets":[{"options":[{"max":100000,"steps":1,"min":1}],"summary":[1,2,3,4,5,6,7,8,9,10],"printingmethod":"raw_material"}],"parentOptions":[]},{"slug":"printtype","title":"Impression","locked":false,"options":[{"slug":"00","name":"Non imprimé","nullable":false,"eco":false,"pages":[{"numberOfColors":1,"colorspace":"indexed"}],"enrichments":[]}],"viewMode":{"reseller":"default"},"type":"radio","optionsInSummary":[],"parentOptions":[]},{"slug":"printingmethod","title":"Méthode d'impression","locked":false,"options":[{"slug":"raw_material","name":"Sans impression","nullable":false,"eco":false,"enrichments":[]}],"viewMode":{"reseller":"default"},"type":"radio","optionsInSummary":[],"parentOptions":[]},{"slug":"material","title":"Support","locked":false,"options":[{"slug":"accessories","name":"Accessoires","nullable":false,"eco":false,"enrichments":[]}],"viewMode":{"reseller":"default"},"type":"radio","optionsInSummary":[],"parentOptions":[]},{"slug":"size","title":"Format (largeur x hauteur)","locked":false,"options":[{"slug":"accessories","name":"Accessories","nullable":false,"width":1,"height":1}],"viewMode":{"reseller":"default"},"type":"radio","optionsInSummary":[],"parentOptions":[]},{"slug":"article_number","title":"Numéro d'article","locked":false,"options":[{"slug":"14017.115","nullable":false,"eco":false,"enrichments":[],"name":"14017.115"},{"slug":"14017.111","nullable":false,"eco":false,"enrichments":[],"name":"14017.111"}],"viewMode":{"reseller":"default"},"type":"radio","optionsInSummary":[],"parentOptions":[]},{"slug":"urgency","title":"Urgence","locked":false,"options":[{"slug":"standard","name":"Standard","nullable":false,"eco":false,"enrichments":[]}],"viewMode":{"reseller":"default"},"type":"radio","optionsInSummary":[],"parentOptions":[]}],"maxDesigns":1,"hsCode":"9610000000","isAvailableInUserRegion":true,"hasAccessories":false,"accessoryExcludes":[],"propertyGroups":[{"slug":"whiteboard-kits-qjxebkxv","columnWidth":{"reseller":"summary"},"columnHeight":{},"properties":["summary_image"]},{"slug":"whiteboard-kits-jqjwfnqe","columnWidth":{"reseller":"third"},"columnHeight":{},"properties":["kit_type"]},{"slug":"whiteboard-kits-ewjxqzny","columnWidth":{"reseller":"third"},"properties":["copies"]},{"slug":"whiteboard-kits-lmxhjxzk","columnWidth":{"reseller":"hidden"},"columnHeight":{},"properties":["printtype","printingmethod","material","size","article_number","urgency"],"title":"hidden"}],"excludes":[],"warnings":[]}