{"sku":"x-banner-system","active":true,"titleSingle":"Système de X-banner","titlePlural":"Systèmes de X-banner","createdAt":"2024-02-14T10:50:09.925Z","updatedAt":"2024-03-18T14:41:04.688Z","introductionDate":"2024-02-14T10:50:09.925Z","properties":[{"slug":"summary_image","locked":false,"options":[{"slug":"x-banner-system","nullable":true,"eco":false,"enrichments":[],"name":"x-banner-system"}],"viewMode":{"reseller":"default"},"type":"checkbox","optionsInSummary":[],"parentOptions":[],"title":"summary image"},{"slug":"roll_up_systems","title":"X-banner titulaire","locked":false,"options":[{"slug":"x-banner_80_200","name":"X-banner 80 x 200 cm","nullable":false,"eco":false,"enrichments":[]}],"viewMode":{"reseller":"default"},"type":"radio","optionsInSummary":[],"parentOptions":[]},{"slug":"copies","title":"Quantité","locked":false,"options":[{"slug":1,"nullable":false,"type":"raw_material"},{"slug":2,"nullable":false,"type":"raw_material"},{"slug":3,"nullable":false,"type":"raw_material"},{"slug":4,"nullable":false,"type":"raw_material"},{"slug":5,"nullable":false,"type":"raw_material"},{"slug":6,"nullable":false,"type":"raw_material"},{"slug":7,"nullable":false,"type":"raw_material"},{"slug":8,"nullable":false,"type":"raw_material"},{"slug":9,"nullable":false,"type":"raw_material"},{"slug":10,"nullable":false,"type":"raw_material"}],"viewMode":{"reseller":"copies"},"optionsInSummary":[],"rangeSets":[{"summary":[1,2,3,4,5,6,7,8,9,10],"options":[{"max":100000,"steps":1,"min":1}],"printingmethod":"raw_material"}],"parentOptions":[]},{"slug":"printingmethod","title":"Méthode d'impression","locked":false,"options":[{"slug":"raw_material","name":"Sans impression","nullable":false,"eco":false,"enrichments":[]}],"viewMode":{"reseller":"default"},"type":"radio","optionsInSummary":[],"parentOptions":[]},{"slug":"printtype","title":"Impression","locked":false,"options":[{"slug":"00","name":"Non imprimé","nullable":false,"eco":false,"pages":[{"numberOfColors":1,"colorspace":"indexed"}],"enrichments":[]}],"viewMode":{"reseller":"default"},"type":"radio","optionsInSummary":[],"parentOptions":[]},{"slug":"urgency","title":"Urgence","locked":false,"options":[{"slug":"standard","name":"Standard","nullable":false,"eco":false,"enrichments":[]},{"slug":"quick","name":"Rapide","nullable":false,"eco":false,"enrichments":[]},{"slug":"moderate","nullable":false,"eco":false,"enrichments":[],"name":"Moderate"},{"slug":"urgent","name":"Urgent","nullable":false,"eco":false,"enrichments":[]}],"viewMode":{"reseller":"default"},"type":"radio","optionsInSummary":[],"parentOptions":[]},{"slug":"material","title":"Support","locked":false,"options":[{"slug":"accessories","name":"Accessoires","nullable":false,"eco":false,"enrichments":[]}],"viewMode":{"reseller":"default"},"type":"radio","optionsInSummary":[],"parentOptions":[]},{"slug":"size","title":"Format (largeur x hauteur)","locked":false,"options":[{"slug":"accessories","name":"Accessories","nullable":false,"width":1,"height":1}],"viewMode":{"reseller":"default"},"type":"radio","optionsInSummary":[],"parentOptions":[]}],"maxDesigns":1,"hsCode":"7616991000","isAvailableInUserRegion":true,"hasAccessories":false,"accessoryExcludes":[],"propertyGroups":[{"slug":"x-banner-system-jshkurpq","columnWidth":{"reseller":"summary"},"properties":["summary_image"]},{"slug":"x-banner-system-jqukpznf","columnWidth":{"reseller":"third"},"properties":["roll_up_systems"]},{"slug":"x-banner-system-sesovkib","columnWidth":{"reseller":"third"},"properties":["copies"]},{"slug":"x-banner-system-uqioqtfu","columnWidth":{"reseller":"hidden"},"properties":["printingmethod","printtype","urgency","material","size"],"title":"Hidden"}],"excludes":[],"warnings":[]}