{"sku":"adhesive-magnet","active":true,"titleSingle":"Aimant adhésif","titlePlural":"Aimants adhésifs","createdAt":"2023-10-04T13:51:59.896Z","updatedAt":"2025-11-10T12:24:02.140Z","introductionDate":"2023-10-04T13:51:59.896Z","properties":[{"slug":"summary_image","title":"summary image","locked":false,"options":[{"slug":"adhesive_magnet","nullable":true,"eco":false,"name":"adhesive magnet"}],"required":false},{"slug":"copies","title":"Quantité","locked":false,"options":[],"required":true},{"slug":"adhesive_magnet","locked":false,"options":[{"slug":"adhesive_magnet","nullable":false,"eco":false,"name":"Aimant adhésif"}],"required":true,"title":"Adhesive magnet"},{"slug":"material","title":"Support","locked":false,"options":[{"slug":"accessories","name":"Accessoires","nullable":false,"eco":false}],"required":true},{"slug":"printingmethod","title":"Méthode d'impression","locked":false,"options":[{"slug":"raw_material","name":"Sans impression","nullable":false,"eco":false}],"required":true},{"slug":"printtype","title":"Impression","locked":false,"options":[{"slug":"00","name":"Non imprimé","nullable":false,"eco":false}],"required":true},{"slug":"urgency","title":"Urgence","locked":false,"options":[{"slug":"moderate","nullable":false,"eco":false,"name":"Moderate"},{"slug":"quick","name":"Rapide","nullable":false,"eco":false},{"slug":"standard","name":"Standard","nullable":false,"eco":false},{"slug":"urgent","name":"Urgent","nullable":false,"eco":false}],"required":true},{"slug":"size","title":"Format (largeur x hauteur)","locked":false,"options":[{"slug":"accessories","name":"Accessories","nullable":false}],"required":true}],"maxDesigns":1,"hsCode":"8505190000","isAvailableInUserRegion":true,"hasAccessories":false,"accessoryExcludes":[],"category":["materials-samples","rigids","rigids-accessories"],"flexibleprintingmethod":false,"excludes":[]}