{"sku":"beachflags","active":true,"titleSingle":"Beach flag","titlePlural":"Beach flags","createdAt":"2023-08-22T09:15:12.987Z","updatedAt":"2024-09-19T08:19:04.596Z","properties":[{"slug":"flag_types","title":"Drapeaux","locked":false,"options":[{"slug":"beach_flag_straight","name":"Beachflag bas droit","nullable":false,"eco":false},{"slug":"beach_flag_slantwise","name":"Beachflag bas oblique","nullable":false,"eco":false},{"slug":"beach_flag_half_moon","name":"Beachflag bas demi-lune","nullable":false,"eco":false},{"slug":"beach_flag_round","name":"Beachflag bas arrondi","nullable":false,"eco":false},{"slug":"square_flag","name":"Beachflag rectangulaire","nullable":false,"eco":false},{"slug":"drop_flag","name":"Beachflag goutte","nullable":false,"eco":false}]},{"slug":"size","title":"Format","locked":false,"options":[{"slug":"beach_flag_small","name":"Beachflag S (67 x 210 cm)","nullable":false},{"slug":"beach_flag_medium","name":"Beachflag M (68 x 315 cm)","nullable":false},{"slug":"beach_flag_large","name":"Beachflag L (75 x 440 cm)","nullable":false},{"slug":"beach_flag_square_small","name":"Rectangulaire S (75 x 184 cm)","nullable":false},{"slug":"beach_flag_square_medium","name":"Rectangulaire M (75 x 294 cm)","nullable":false},{"slug":"beach_flag_square_large","name":"Rectangulaire L (75 x 370 cm)","nullable":false},{"slug":"drop_flag_small","name":"Goutte S (71 x 196 cm)","nullable":false},{"slug":"drop_flag_medium","name":"Goutte M (87 x 308,5 cm)","nullable":false}]},{"slug":"material","title":"Support","locked":false,"options":[{"slug":"110gr_flag","name":"Tissu drapeau 110 g/m²","nullable":false,"eco":false},{"slug":"115gr_longlife","name":"Longlife 115 g/m²","nullable":false,"eco":false}]},{"slug":"beachflag_configuration","title":"Composition","locked":false,"options":[{"slug":"beachflag","name":"Toile uniquement","nullable":false,"eco":false},{"slug":"beachflag_pole","name":"Toile et mât","nullable":false,"eco":false},{"slug":"beachflag_pole_bag","name":"Toile, mât et sac","nullable":false,"eco":false}]},{"slug":"finish_side","title":"Finition bord","locked":false,"options":[{"slug":"left","name":"Côté gauche, direction de flottement vers la droite","nullable":false,"eco":false},{"slug":"right","name":"Côté droit, direction de flottement vers la gauche","nullable":false,"eco":false}]},{"slug":"color","title":"Couleur fourreau","locked":false,"options":[{"slug":"white","name":"Blanc","nullable":false,"eco":false},{"slug":"black","name":"Noir","nullable":false,"eco":false}]},{"slug":"copies","title":"Quantité","locked":false,"options":[{"slug":1,"nullable":false,"type":"lfp_dye_sublimation"},{"slug":2,"nullable":false,"type":"lfp_dye_sublimation"},{"slug":3,"nullable":false,"type":"lfp_dye_sublimation"},{"slug":4,"nullable":false,"type":"lfp_dye_sublimation"},{"slug":5,"nullable":false,"type":"lfp_dye_sublimation"},{"slug":10,"nullable":false,"type":"lfp_dye_sublimation"},{"slug":100,"nullable":false,"type":"lfp_dye_sublimation"}]},{"slug":"designs","title":"Design","locked":false,"options":[]},{"slug":"printingmethod","title":"Méthode d'impression","locked":false,"options":[{"slug":"lfp_dye_sublimation","name":"HP Stitch S1000","nullable":false,"eco":false}]},{"slug":"printtype","title":"Impression","locked":false,"options":[{"slug":"40","name":"4/0 quadri recto","nullable":false,"eco":false}]},{"slug":"urgency","title":"Urgence","locked":false,"options":[{"slug":"standard","name":"Standard","nullable":false,"eco":false},{"slug":"urgent","name":"Urgent","nullable":false,"eco":false},{"slug":"quick","name":"Rapide","nullable":false,"eco":false},{"slug":"moderate","nullable":false,"eco":false,"name":"Moderate"}]},{"slug":"packaging_extras","title":"Emballage","locked":false,"options":[{"slug":"packaging_banner","name":"packaging_banner","nullable":false,"eco":false}]},{"slug":"flag_systems","title":"Système de montage","locked":false,"options":[{"slug":"beachpole_small","name":"Mât en fibre, taille S","nullable":false,"eco":false},{"slug":"beachpole_medium","name":"Mât en fibre, taille M","nullable":false,"eco":false},{"slug":"beachpole_large","name":"Mât en fibre, taille L","nullable":false,"eco":false},{"slug":"squareflag_pole_s","name":"Mât S pour drapeau carré ","nullable":false,"eco":false},{"slug":"squareflag_pole_m","name":"Mât M pour drapeau carré ","nullable":false,"eco":false},{"slug":"squareflag_pole_l","name":"Mât L pour drapeau carré","nullable":false,"eco":false},{"slug":"dropflag_pole_s","name":"Mât S pour drapeau goutte","nullable":false,"eco":false},{"slug":"dropflag_pole_m","name":"Mât M pour drapeau goutte","nullable":false,"eco":false},{"slug":"none","nullable":false,"eco":false,"name":"Flag systems none"}]},{"slug":"custom_shape","title":"Forme personnalisée","locked":false,"options":[{"slug":"clean_cut_flags","name":"Coupe droite","nullable":false,"eco":false}]},{"slug":"flag_finish","title":"Drapeau seul ou avec set de montage","locked":false,"options":[{"slug":"beachflag","name":"Beachflag","nullable":false,"eco":false}]}],"maxDesigns":50,"bleed":"10","hsCode":"6307909800","isAvailableInUserRegion":true,"hasAccessories":true,"accessoryExcludes":[],"excludes":[[{"options":["beach_flag_straight","beach_flag_slantwise","beach_flag_half_moon","beach_flag_round"],"property":"flag_types"},{"options":["beach_flag_square_small","beach_flag_square_medium","beach_flag_square_large","drop_flag_small","drop_flag_medium","drop_flag_large"],"property":"size"}],[{"property":"flag_types","options":["square_flag"]},{"options":["beach_flag_small","beach_flag_medium","beach_flag_large","drop_flag_small","drop_flag_medium","drop_flag_large"],"property":"size"}],[{"options":["drop_flag"],"property":"flag_types"},{"options":["beach_flag_small","beach_flag_medium","beach_flag_large","beach_flag_square_small","beach_flag_square_medium","beach_flag_square_large"],"property":"size"}],[{"options":["beach_flag_small","beach_flag_medium","beach_flag_large"],"property":"size"},{"options":["square_flag","drop_flag"],"property":"flag_types"}],[{"options":["beach_flag_square_small","beach_flag_square_medium","beach_flag_square_large"],"property":"size"},{"options":["beach_flag_straight","beach_flag_slantwise","beach_flag_half_moon","beach_flag_round","drop_flag"],"property":"flag_types"}],[{"property":"size","options":["drop_flag_medium","drop_flag_small","drop_flag_large"]},{"options":["beach_flag_straight","beach_flag_slantwise","beach_flag_half_moon","square_flag","beach_flag_round"],"property":"flag_types"}]]}