{"sku":"beachflag-rotators","active":true,"titleSingle":"Pièce de rotation (rotateur) pour beachflag","titlePlural":"Pièces de rotation (rotateurs) pour beachflag","createdAt":"2024-02-14T10:49:47.648Z","updatedAt":"2024-02-14T10:49:47.648Z","introductionDate":"2024-02-14T10:49:47.648Z","properties":[{"slug":"summary_image","title":"summary image","locked":false,"options":[{"slug":"beachflag_rotators","nullable":true,"eco":false,"name":"Beachflag rotators"}]},{"slug":"accessories_flags","title":"Type de rotateur","locked":false,"options":[{"slug":"rotator_for_baseplate","name":"Rotateur pour plaques","nullable":false,"eco":false},{"slug":"rotator_for_watertank","name":"Rotateur pour pied parasol","nullable":false,"eco":false}]},{"slug":"copies","title":"Quantité","locked":false,"options":[]},{"slug":"printingmethod","title":"Méthode d'impression","locked":false,"options":[{"slug":"raw_material","name":"Sans impression","nullable":false,"eco":false}]},{"slug":"printtype","title":"Impression","locked":false,"options":[{"slug":"00","name":"Non imprimé","nullable":false,"eco":false}]},{"slug":"urgency","title":"Urgence","locked":false,"options":[{"slug":"standard","name":"Standard","nullable":false,"eco":false},{"slug":"moderate","nullable":false,"eco":false,"name":"Moderate"},{"slug":"quick","name":"Rapide","nullable":false,"eco":false},{"slug":"urgent","name":"Urgent","nullable":false,"eco":false}]},{"slug":"material","title":"Support","locked":false,"options":[{"slug":"accessories","name":"Accessoires","nullable":false,"eco":false}]},{"slug":"size","title":"Format (largeur x hauteur)","locked":false,"options":[{"slug":"accessories","name":"Accessories","nullable":false}]}],"maxDesigns":1,"hsCode":"3926909700","isAvailableInUserRegion":true,"hasAccessories":false,"accessoryExcludes":[],"excludes":[]}