{"sku":"beachflag-poles","active":true,"titleSingle":"Beach flag","titlePlural":"Beach flags","createdAt":"2024-02-14T10:49:54.918Z","updatedAt":"2024-02-14T10:49:54.918Z","introductionDate":"2024-02-14T10:49:54.918Z","properties":[{"slug":"summary_image","title":"summary image","locked":false,"options":[{"slug":"beachflag_poles","nullable":true,"eco":false,"name":"Beach flags"}]},{"slug":"flag_types","title":"Drapeaux","locked":false,"options":[{"slug":"beach_flag","name":"Beachflag","nullable":false,"eco":false},{"slug":"square_flag","name":"Beachflag rectangulaire","nullable":false,"eco":false},{"slug":"drop_flag","name":"Beachflag goutte","nullable":false,"eco":false}]},{"slug":"size","title":"Format (largeur x hauteur)","locked":false,"options":[{"slug":"beachpole_small","name":"Small","nullable":false},{"slug":"beachpole_medium","name":"Medium","nullable":false},{"slug":"beachpole_large","name":"Large","nullable":false}]},{"slug":"copies","title":"Quantité","locked":false,"options":[]},{"slug":"printingmethod","title":"Méthode d'impression","locked":false,"options":[{"slug":"raw_material","name":"Sans impression","nullable":false,"eco":false}]},{"slug":"printtype","title":"Impression","locked":false,"options":[{"slug":"00","name":"Non imprimé","nullable":false,"eco":false}]},{"slug":"urgency","title":"Urgence","locked":false,"options":[{"slug":"standard","name":"Standard","nullable":false,"eco":false},{"slug":"moderate","nullable":false,"eco":false,"name":"Moderate"},{"slug":"quick","name":"Rapide","nullable":false,"eco":false},{"slug":"urgent","name":"Urgent","nullable":false,"eco":false}]},{"slug":"material","title":"Support","locked":false,"options":[{"slug":"650gr_fiberglass","name":"Système en fibre de verre avec sac","nullable":false,"eco":false},{"slug":"accessories","name":"Accessoires","nullable":false,"eco":false}]}],"maxDesigns":1,"hsCode":"7326909800","isAvailableInUserRegion":true,"hasAccessories":false,"accessoryExcludes":[],"excludes":[[{"property":"flag_types","options":["drop_flag"]},{"property":"size","options":["beachpole_large"]}]]}