{"sku":"businesscards","active":true,"titleSingle":"Carte de visite","titlePlural":"Cartes de visite","createdAt":"2023-08-31T12:16:14.402Z","updatedAt":"2024-10-15T11:16:00.538Z","properties":[{"slug":"fold","title":"Mode de pliage","locked":false,"options":[{"slug":"no_fold","name":"Format simple","nullable":true,"eco":false},{"slug":"single_4","name":"Pli simple, à gauche","nullable":false,"eco":false},{"slug":"singlehorizontal_4","name":"Plis simple, en haut","nullable":false,"eco":false}]},{"slug":"size","title":"Format fermé (largeur x hauteur)","locked":false,"options":[{"slug":"bc","name":"85 x 55 mm (paysage)","nullable":false},{"slug":"bc_portrait","name":"55 x 85 mm (portrait)","nullable":false},{"slug":"bc_plus","name":"90 x 50 mm (paysage)","nullable":false},{"slug":"bc_plus_portrait","name":"50 x 90 mm (portrait)","nullable":false},{"slug":"custom","nullable":false,"customSizes":{"minHeight":40,"minWidth":40,"maxHeight":299,"maxWidth":424}}]},{"slug":"material","title":"Support","locked":false,"options":[{"slug":"300gr_gesatineerd_mc","name":"Couché brillant 300 g/m²","nullable":false,"eco":false},{"slug":"350gr_gesatineerd_mc","name":"Couché brillant 350 g/m²","nullable":false,"eco":false},{"slug":"400gr_gesatineerd_mc","name":"Couché brillant 400 g/m²","nullable":false,"eco":false},{"slug":"300gr_silk_mc","name":"Couché demi-mat (silk) 300 g/m²","nullable":false,"eco":false},{"slug":"350gr_silk_mc","name":"Couché demi-mat (silk) 350 g/m²","nullable":false,"eco":false},{"slug":"400gr_silk_mc","name":"Couché demi-mat (silk) 400 g/m²","nullable":false,"eco":false},{"slug":"300gr_tintoretto_gesso","name":"Tintoretto Gesso 300 g/m² (martelé)","nullable":false,"eco":false},{"slug":"280gr_linnen","name":"Constellation Snow 280 g/m² ","nullable":false,"eco":false},{"slug":"350gr_metallic_white","name":"Sirio Pearl Blanc 350 g/m²","nullable":false,"eco":false},{"slug":"300gr_metallic_white","name":"Sirio Pearl Blanc 300 g/m²","nullable":false,"eco":false},{"slug":"300gr_metallic_pearl","name":"Sirio Pearl Polaire 300 g/m²","nullable":false,"eco":false},{"slug":"300gr_metallic_gold","name":"Sirio Pearl Or 300 g/m²","nullable":false,"eco":false},{"slug":"300gr_metallic_silver","name":"Sirio Pearl Argent 300 g/m²","nullable":false,"eco":false},{"slug":"290gr_kraft_muskat","name":"Kraft Muskat Brown 290 g/m²","nullable":false,"eco":true},{"slug":"290gr_sirio_color_nero","name":"Sirio Color Nero 290 g/m²","nullable":false,"eco":false},{"slug":"295gr_paperwise_earth_pact_natural","name":"Paperwise® Earth Pact Natural 295 g/m²","nullable":false,"eco":true},{"slug":"300gr_recystar","name":"BalancePure® 300 g/m²","nullable":false,"eco":true},{"slug":"300gr_biotop","name":"Bio Top 3® naturel 300 g/m²","nullable":false,"eco":true},{"slug":"300gr_recystar_nature","name":"Recystar® Nature 300 g/m²","nullable":false,"eco":true},{"slug":"300gr_recyclingpaper_rebello_or_vivus_89","name":"Rebello 300 g/m², 100% recyclé","nullable":false,"eco":true},{"slug":"300gr_hvo","name":"Offset non couché 300 g/m²","nullable":false,"eco":false},{"slug":"350gr_hvo","name":"Offset non couché 350 g/m²","nullable":false,"eco":false},{"slug":"300gr_hvo_nk","name":"Carton naturel offset non couché 300 g/m²","nullable":false,"eco":false},{"slug":"350gr_hvo_nk","name":"Carton naturel offset non couché 350 g/m²","nullable":false,"eco":false},{"slug":"400gr_hvo_nk","name":"Carton naturel offset non couhcé 400 g/m²","nullable":false,"eco":false},{"slug":"300gr_sbs_symbol_card","name":"Symbol card 300 g/m², couché 1 face","nullable":false,"eco":false},{"slug":"300gr_sbs_invercote","name":"Carte Invercote® G 300 g/m², couché 1 face","nullable":false,"eco":false},{"slug":"350gr_sbs_invercote","name":"350 g/m² Invercote® G - couché 1 face","nullable":false,"eco":false},{"slug":"300gr_sbs","name":"Carte Multicard® 300 g/m², couché 1 face","nullable":false,"eco":false},{"slug":"350gr_sbs","name":"Carte Multicard® 350 g/m², couché 1 face","nullable":false,"eco":false},{"slug":"350gr_sbd","name":"Carte MultiCard® 350 g/m², couché 2 faces","nullable":false,"eco":false},{"slug":"400gr_sbd","name":"Carte MultiCard® 400 g/m², couché 2 faces","nullable":false,"eco":false},{"slug":"300gr_conqueror_vergé_(crème)_high_white","name":"Conqueror vergé naturel 300 g/m², blanc","nullable":false,"eco":false},{"slug":"300gr_cotton_max_white","name":"Gmund Cotton 300 g/m² - Max White","nullable":false,"eco":false},{"slug":"300gr_cotton_linen_cream","name":"Gmund Cotton 300 g/m² - Linen Cream","nullable":false,"eco":false},{"slug":"300gr_cotton_gentlemen_blue","name":"Gmund Cotton 300 g/m² - Gentlemen Blue","nullable":false,"eco":false},{"slug":"300gr_cotton_new_grey","name":"Gmund Cotton 300 g/m² - New Grey","nullable":false,"eco":false},{"slug":"300gr_synaps","name":"Synapse® 300 g/m² - résistant à l'eau et aux déchirures","nullable":false,"eco":false},{"slug":"234gr_yupo_blue","name":"YUPOBlue® 234 g/m² - résistant à l'eau et aux déchirures","nullable":false,"eco":false},{"slug":"319gr_yupo_blue","name":"YUPOBlue® 319 g/m² - résistant à l'eau et aux déchirures","nullable":false,"eco":false}]},{"slug":"delivery","title":"Choix d'emballage","locked":false,"options":[{"slug":"default_businesscard","name":"Emballage standard","description":"Emballage standard","nullable":true,"eco":false},{"slug":"businesscard_box","name":"Petites boîtes pour cartes de visite avec encoches pour modèle","description":"Petites boîtes pour cartes de visite avec encoches pour modèle","nullable":false,"eco":false}]},{"slug":"printtype","title":"Impression","locked":false,"options":[{"slug":"10","name":"1/0 Pantone","nullable":false,"eco":false},{"slug":"20","name":"2/0 Pantone","nullable":false,"eco":false},{"slug":"30","name":"3/0 Pantone","nullable":false,"eco":false},{"slug":"40","name":"4/0 quadri recto","nullable":false,"eco":false},{"slug":"11","name":"1/1 Pantone","nullable":false,"eco":false},{"slug":"22","name":"2/2 Pantone","nullable":false,"eco":false},{"slug":"33","name":"3/3 Pantone","nullable":false,"eco":false},{"slug":"44","name":"4/4 quadri recto/verso","nullable":false,"eco":false},{"slug":"50_full_color_plus_white","name":"5/0 quadri + blanc","nullable":false,"eco":false},{"slug":"55_full_color_plus_white","name":"5/5 quadri + blanc","nullable":false,"eco":false}]},{"slug":"finish","title":"Pelliculage ou vernis total","locked":false,"options":[{"slug":"geen","name":"Sans","nullable":true,"eco":false},{"slug":"single_sided_gloss_lamination","name":"Pelliculage brillant recto seul","nullable":false,"eco":false},{"slug":"single_sided_matt_lamination","name":"Pelliculage mat recto seul","nullable":false,"eco":false},{"slug":"double_sided_gloss_lamination","name":"Pelliculage brillant recto/verso","nullable":false,"eco":false},{"slug":"double_sided_matt_lamination","name":"Pelliculage mat recto/verso","nullable":false,"eco":false},{"slug":"single_soft_touch_lamination","name":"Pelliculage mat Soft Touch® (aspect velours) recto seul","nullable":false,"eco":false},{"slug":"double_soft_touch_lamination","name":"Pelliculage mat Soft Touch® (aspect velours) recto/verso","nullable":false,"eco":false},{"slug":"single_sided_scratch_resistant_laminate","name":"Pelliculage mat anti-rayures recto seul","nullable":false,"eco":false},{"slug":"double_sided_scratch_resistant_laminate","name":"Pelliculage mat anti-rayures recto/verso","nullable":false,"eco":false},{"slug":"single_sided_linen_lamination","name":"Pelliculage mat aspect lin recto seul","nullable":false,"eco":false},{"slug":"double_sided_linen_lamination","name":"Pelliculage mat aspect lin recto/verso","nullable":false,"eco":false}]},{"slug":"spot_finish","title":"Vernis UV sélectif ou Dorure 3D recto","locked":false,"options":[{"slug":"none","name":"Sans","nullable":true,"eco":false},{"slug":"foil_gold","name":"Dorure or","nullable":false,"eco":false},{"slug":"foil_silver","name":"Dorure argent","nullable":false,"eco":false},{"slug":"foil_rose","name":"Dorure or rosé","nullable":false,"eco":false},{"slug":"foil_copper","name":"Dorure cuivre","nullable":false,"eco":false},{"slug":"foil_glitter","name":"Dorure pailletée","nullable":false,"eco":false},{"slug":"foil_rainbow","name":"Dorure arc-en-ciel","nullable":false,"eco":false},{"slug":"partial_gloss","name":"Vernis UV sélectif","nullable":false,"eco":false},{"slug":"embossed_partial_gloss_40","name":"Vernis sélectif UV brillant épaississant 3D (40 µm)","nullable":false,"eco":false},{"slug":"embossed_partial_gloss_80","name":"Vernis sélectif UV brillant épaississant 3D (80 µm)","nullable":false,"eco":false}]},{"slug":"spot_finish_back","title":"Vernis UV sélectif ou Dorure 3D verso","locked":false,"options":[{"slug":"none","name":"Sans","nullable":true,"eco":false},{"slug":"foil_gold","name":"Dorure or","nullable":false,"eco":false},{"slug":"foil_silver","name":"Dorure argent","nullable":false,"eco":false},{"slug":"foil_rose","name":"Dorure or rosé","nullable":false,"eco":false},{"slug":"foil_copper","name":"Dorure cuivre","nullable":false,"eco":false},{"slug":"foil_glitter","name":"Dorure pailletée","nullable":false,"eco":false},{"slug":"foil_rainbow","name":"Dorure arc-en-ciel","nullable":false,"eco":false},{"slug":"partial_gloss","name":"Vernis UV sélectif","nullable":false,"eco":false},{"slug":"embossed_partial_gloss_40","name":"Vernis sélectif UV brillant épaississant 3D (40 µm)","nullable":false,"eco":false},{"slug":"embossed_partial_gloss_80","name":"Vernis sélectif UV brillant épaississant 3D (80 µm)","nullable":false,"eco":false}]},{"slug":"copies","title":"Quantité","locked":false,"options":[{"slug":25,"nullable":false,"type":"digital"},{"slug":50,"nullable":false,"type":"digital"},{"slug":100,"nullable":false,"type":"digital"},{"slug":250,"nullable":false,"type":"digital"},{"slug":500,"nullable":false,"type":"digital"},{"slug":1000,"nullable":false,"type":"digital"}]},{"slug":"clean_cut","title":"Coupe au format","locked":true,"options":[{"slug":"yes","name":"Oui","nullable":false,"eco":false},{"slug":"no","name":"Non","nullable":true,"eco":false}]},{"slug":"personalize","title":"Personnalisation unitaire (max. 1 design)","locked":false,"options":[{"slug":"none","name":"Sans","nullable":true,"eco":false},{"slug":"numbering","name":"Numéroter 1 x ","nullable":false,"eco":false},{"slug":"personalize_from_excel","name":"A partir d'un fichier Excel ","nullable":false,"eco":false}]},{"slug":"rounded_corners","title":"Coins arrondis","locked":false,"options":[{"slug":"none","name":"Sans","nullable":true,"eco":false},{"slug":"3,5_mm_radius","name":"3,5 mm de rayon","nullable":false,"eco":false},{"slug":"7_mm_radius","name":"7 mm de rayon","nullable":false,"eco":false}]},{"slug":"drillholes","title":"Perforation (trous)","locked":false,"options":[{"slug":"none","name":"Sans","nullable":true,"eco":false},{"slug":"one_drillhole_3mm","name":"1 x 3 mm","nullable":false,"eco":false},{"slug":"two_drillholes_3mm","name":"2 x 3 mm","nullable":false,"eco":false},{"slug":"one_drillhole_4mm","name":"1 x 4 mm","nullable":false,"eco":false},{"slug":"two_drillholes_4mm","name":"2 x 4 mm","nullable":false,"eco":false},{"slug":"one_drillhole_5mm","name":"1 x 5 mm","nullable":false,"eco":false},{"slug":"two_drillholes_5mm","name":"2 x 5 mm","nullable":false,"eco":false},{"slug":"one_drillhole","name":"1 x 6 mm","nullable":false,"eco":false},{"slug":"two_drillholes","name":"2 x 6 mm","nullable":false,"eco":false}]},{"slug":"variable_creasing_line","title":"Lignes de rainage parallèle (à plat) ","locked":false,"options":[{"slug":"none","name":"Pas de ligne de rainage","nullable":true,"eco":false},{"slug":"1","name":"1 ligne de rainage","nullable":false,"eco":false},{"slug":"2","name":"2 lignes de rainage","nullable":false,"eco":false},{"slug":"3","name":"3 lignes de rainage","nullable":false,"eco":false},{"slug":"4","name":"4 lignes de rainage","nullable":false,"eco":false},{"slug":"5","name":"5 lignes de rainage","nullable":false,"eco":false}]},{"slug":"die_cut","title":"Forme de découpe personnalisée","locked":false,"options":[{"slug":"yes","name":"Oui","nullable":false,"eco":false},{"slug":"no","name":"Non","nullable":true,"eco":false}]},{"slug":"perforation","title":"Micro-perforations parallèle","locked":false,"options":[{"slug":"none","name":"Pas de ligne de perforation","nullable":true,"eco":false},{"slug":"1_perforation_line","name":"1 ligne de perforations","nullable":false,"eco":false}]},{"slug":"bundle","title":"Mis par lots","locked":false,"options":[{"slug":"bundle_per_50","name":"par 50","nullable":false,"eco":false},{"slug":"bundle_per_100","name":"par 100","nullable":false,"eco":false}]},{"slug":"businesscard_creasing","title":"Rainé","locked":true,"options":[{"slug":"yes","name":"Rainer","nullable":false},{"slug":"no","name":"Ne pas rainer","nullable":true}]},{"slug":"urgency","title":"Urgence","locked":false,"options":[{"slug":"quick","name":"Rapide","nullable":false,"eco":false},{"slug":"standard","name":"Standard","nullable":false,"eco":false},{"slug":"urgent","name":"Urgent","nullable":false,"eco":false},{"slug":"moderate","nullable":false,"eco":false,"name":"Moderate"}]},{"slug":"printingmethod","title":"Méthode d'impression","locked":false,"options":[{"slug":"digital","name":"Digital","nullable":false,"eco":false},{"slug":"inkjet","name":"Jet d'encre","description":"varioPRINT iX-serie inkjet","nullable":false,"eco":false},{"slug":"offset","name":"Offset","nullable":false,"eco":false}]},{"slug":"sheet_size","title":"Format fini (Largeur x Hauteur)","locked":false,"options":[{"slug":"indigo_320w_460h","nullable":false},{"slug":"not_defined","name":"non défini","nullable":false,"eco":false}]},{"slug":"folded","title":"A livrer plié","locked":true,"options":[{"slug":"no","name":"Livré plano","description":"Livré plano","nullable":false,"eco":false},{"slug":"yes","name":"Livré plié","description":"Livré plié","nullable":false,"eco":false}]},{"slug":"plano_delivery","title":"Livré à plat","locked":true,"options":[{"slug":"yes","name":"Oui","nullable":false}]}],"maxDesigns":50,"bleed":"1.5","hsCode":"4911109000","isAvailableInUserRegion":true,"hasAccessories":false,"accessoryExcludes":[],"excludes":[[{"options":["foil_glitter","foil_gold","foil_rainbow","foil_copper","foil_rose","foil_silver","partial_gloss","embossed_partial_gloss_40","embossed_partial_gloss_80"],"property":"spot_finish"},{"options":["geen"],"property":"finish"},{"options":["350gr_hvo","300gr_hvo","540gr_two_layer_multiloft_kraft","480gr_two_layer_multiloft_ultra_white","540gr_two_layer_multiloft_black","480gr_two_layer_multiloft_white","810gr_three_layer_multiloft_kraft","810gr_three_layer_multiloft_black","750gr_three_layer_multiloft_white","750gr_three_layer_multiloft_ultra_white","350gr_hvo_nk","400gr_hvo_nk","300gr_recystar","300gr_recystar_nature","300gr_cotton_max_white","300gr_cotton_linen_cream","300gr_cotton_new_grey","300gr_cotton_gentlemen_blue","290gr_kraft_muskat","440gr_kraft_muskat","350gr_atelier","300gr_hvo_nk","290gr_sirio_color_nero","300gr_biotop"],"property":"material"}],[{"options":[],"property":"spot_finish"},{"options":["geen","single_sided_gloss_lamination","single_sided_matt_lamination","single_soft_touch_lamination","single_sided_scratch_resistant_laminate","single_sided_uv_coating_gloss","single_sided_uv_coating_matt","single_sided_linen_lamination","double_sided_linen_lamination"],"property":"finish"},{"options":["350gr_hvo","300gr_hvo","300gr_hvo_nk","350gr_hvo_nk","400gr_hvo_nk","350gr_atelier"],"property":"material"}],[{"options":["300gr_sbs","350gr_sbs","350gr_sbs_invercote","300gr_sbs_symbol_card","300gr_hvo"],"property":"material"},{"options":["double_sided_gloss_lamination","double_sided_matt_lamination","double_soft_touch_lamination","double_sided_scratch_resistant_laminate","double_sided_linen_lamination"],"property":"finish"}],[{"options":["foil_glitter","foil_gold","foil_rainbow","foil_copper","foil_rose","foil_silver","embossed_partial_gloss_40","embossed_partial_gloss_80"],"property":"spot_finish"},{"options":["offset"],"property":"printingmethod"}],[{"property":"material","options":["300gr_recycled","280gr_kraft","381gr_kraft","300gr_yupo_blue_ypi","350gr_yupo_blue_ypi","250gr_sirio_materica_clay","290gr_sirio_color_pietra","500gr_sbd","400gr_yupo","295gr_paperwise_earth_pact_natural","300gr_conqueror_vergé_(crème)_high_white","300gr_conqueror_vergé_diamond_white","200gr_yupo","300gr_recystar","300gr_recystar_nature","300gr_cotton_max_white","300gr_cotton_linen_cream","300gr_cotton_new_grey","300gr_cotton_gentlemen_blue","350gr_hvo","400gr_hvo_nk","290gr_kraft_muskat","440gr_kraft_muskat","350gr_atelier","250gr_yupo","400gr_gesatineerd_mc","300gr_synaps","234gr_yupo_blue","276gr_yupo_blue","319gr_yupo_blue","350gr_metallic_white","300gr_recyclingpaper_rebello_or_vivus_89"]},{"options":["group_foils","foil_gold","foil_glitter","foil_rainbow","foil_copper","foil_rose","foil_silver","group_partial_gloss","embossed_partial_gloss_40","embossed_partial_gloss_80","partial_gloss"],"property":"spot_finish"}],[{"property":"material","options":["250gr_tintoretto_gesso","280gr_constalations_snow_(linnen)","280gr_kraftpapier","300gr_ice_silver_metallic","300gr_kraftpapier","280gr_kraft","381gr_kraft","280gr_linnen","300gr_tintoretto_gesso","250gr_sirio_materica_clay","290gr_sirio_color_pietra","300gr_recycled","295gr_paperwise_earth_pact_natural","300gr_conqueror_vergé_(crème)_high_white","300gr_conqueror_vergé_diamond_white","300gr_recystar","300gr_recystar_nature","300gr_cotton_max_white","300gr_cotton_linen_cream","300gr_cotton_new_grey","300gr_cotton_gentlemen_blue","540gr_two_layer_multiloft_black","810gr_three_layer_multiloft_black","200gr_yupo","300gr_hvo","290gr_kraft_muskat","440gr_kraft_muskat","250gr_yupo","300gr_recyclingpaper_rebello_or_vivus_89"]},{"options":["single_sided_gloss_lamination","double_sided_gloss_lamination","single_sided_matt_lamination","double_sided_matt_lamination","double_sided_uv_coating","single_soft_touch_lamination","double_soft_touch_lamination","double_sided_scratch_resistant_laminate","single_sided_scratch_resistant_laminate","single_sided_linen_lamination","double_sided_linen_lamination"],"property":"finish"}],[{"options":["250gr_tintoretto_gesso","280gr_constalations_snow_(linnen)","280gr_kraftpapier","300gr_ice_silver_metallic","300gr_kraftpapier","500gr_sbd","280gr_kraft","381gr_kraft","300gr_tintoretto_gesso","280gr_linnen","300gr_metallic_white","350gr_metallic_white","300gr_metallic_pearl","300gr_metallic_gold","300gr_yupo_blue_ypi","350gr_yupo_blue_ypi","350gr_sbs","760gr_pvc","350gr_silk_mc","300gr_metallic_silver","250gr_sirio_materica_clay","290gr_sirio_color_pietra","290gr_sirio_color_nero","400gr_yupo","295gr_paperwise_earth_pact_natural","300gr_silk_mc","200gr_yupo","300gr_sbs_symbol_card","300gr_cotton_gentlemen_blue","300gr_cotton_new_grey","300gr_cotton_linen_cream","300gr_cotton_max_white","540gr_two_layer_multiloft_kraft","480gr_two_layer_multiloft_ultra_white","480gr_two_layer_multiloft_white","540gr_two_layer_multiloft_black","810gr_three_layer_multiloft_kraft","810gr_three_layer_multiloft_black","750gr_three_layer_multiloft_white","750gr_three_layer_multiloft_ultra_white","350gr_sbs_invercote","400gr_hvo_nk","300gr_synaps","350gr_atelier","290gr_kraft_muskat","440gr_kraft_muskat","170gr_gesatineerd_mc","250gr_yupo","300gr_sbs_invercote","400gr_gesatineerd_mc","300gr_biotop","300gr_recystar_nature","234gr_yupo_blue","276gr_yupo_blue","319gr_yupo_blue","300gr_recyclingpaper_rebello_or_vivus_89","300gr_conqueror_vergé_(crème)_high_white","300gr_recystar"],"property":"material"},{"options":["offset"],"property":"printingmethod"}],[{"options":["300gr_sbs","350gr_sbs","350gr_sbs_invercote","300gr_sbs_invercote"],"property":"material"},{"options":["double_sided_matt_lamination"],"property":"finish"}],[{"property":"printtype","options":["50_full_color_plus_white","55_full_color_plus_white"]},{"options":["300gr_gesatineerd_mc","350gr_gesatineerd_mc","300gr_silk_mc","400gr_gesatineerd_mc","350gr_silk_mc","400gr_silk_mc","300gr_recycled","300gr_biotop","300gr_sbs","350gr_sbd","500gr_sbd","300gr_tintoretto_gesso","280gr_linnen","300gr_yupo_blue_ypi","350gr_yupo_blue_ypi","400gr_sbd","400gr_yupo","300gr_conqueror_vergé_(crème)_high_white","300gr_conqueror_vergé_diamond_white","300gr_hvo_nk","350gr_hvo_nk","200gr_yupo","300gr_recystar","300gr_recystar_nature","300gr_sbs_symbol_card","350gr_sbs","400gr_hvo_nk","250gr_yupo","300gr_synaps","300gr_hvo","350gr_hvo","300gr_cotton_max_white","300gr_cotton_linen_cream","300gr_cotton_gentlemen_blue","234gr_yupo_blue","276gr_yupo_blue","319gr_yupo_blue","300gr_recyclingpaper_rebello_or_vivus_89"],"property":"material"}],[{"options":["offset"],"property":"printingmethod"},{"options":["50_full_color_plus_white","55_full_color_plus_white"],"property":"printtype"}],[{"property":"material","options":["290gr_sirio_color_nero","540gr_two_layer_multiloft_black","810gr_three_layer_multiloft_black"]},{"options":["44","40"],"property":"printtype"}],[{"options":["10","20","30","11","22","33"],"property":"printtype"},{"options":["300gr_silk_mc","350gr_silk_mc","300gr_sbs_symbol_card","400gr_gesatineerd_mc","400gr_silk_mc","300gr_tintoretto_gesso","280gr_linnen","280gr_kraft","540gr_two_layer_multiloft_kraft","810gr_three_layer_multiloft_kraft","300gr_metallic_white","300gr_metallic_pearl","350gr_metallic_white","300gr_metallic_silver","300gr_metallic_gold","200gr_yupo","300gr_yupo_blue_ypi","290gr_sirio_color_pietra","250gr_sirio_materica_clay","290gr_sirio_color_nero","295gr_paperwise_earth_pact_natural","400gr_yupo","300gr_synaps","350gr_sbs_invercote","300gr_cotton_max_white","300gr_cotton_linen_cream","300gr_cotton_new_grey","300gr_cotton_gentlemen_blue","480gr_two_layer_multiloft_ultra_white","480gr_two_layer_multiloft_white","540gr_two_layer_multiloft_black","750gr_three_layer_multiloft_ultra_white","750gr_three_layer_multiloft_white","810gr_three_layer_multiloft_black","500gr_sbd","290gr_kraft_muskat","440gr_kraft_muskat","350gr_atelier","250gr_yupo","234gr_yupo_blue","319gr_yupo_blue","400gr_hvo_nk"],"property":"material"}],[{"options":["single_sided_gloss_lamination","single_sided_matt_lamination","double_sided_gloss_lamination","soft_touch","single_soft_touch_lamination","double_soft_touch_lamination","geen","single_sided_linen_lamination","double_sided_linen_lamination","single_sided_scratch_resistant_laminate","double_sided_scratch_resistant_laminate","single_sided_uv_coating_gloss","single_sided_uv_coating_matt"],"property":"finish"},{"property":"spot_finish","options":["partial_gloss"]},{"options":["offset"],"property":"printingmethod"}],[{"options":["double_soft_touch_lamination","single_soft_touch_lamination","single_sided_scratch_resistant_laminate","double_sided_scratch_resistant_laminate","single_sided_linen_lamination","double_sided_linen_lamination"],"property":"finish"},{"options":["offset"],"property":"printingmethod"}],[{"options":["33","22","11","30","20","10"],"property":"printtype"},{"options":["group_partial_gloss","group_foils","foil_glitter","foil_gold","foil_rainbow","foil_copper","foil_rose","foil_silver","embossed_partial_gloss_40","embossed_partial_gloss_80"],"property":"spot_finish"}],[{"options":["numbering","personalize_from_excel"],"property":"personalize"},{"options":["offset","inkjet"],"property":"printingmethod"}],[{"options":["partial_gloss"],"property":"spot_finish"},{"property":"printingmethod","options":["offset"]},{"property":"material","options":["300gr_gesatineerd_mc","350gr_gesatineerd_mc","400gr_gesatineerd_mc","300gr_silk_mc","350gr_silk_mc","300gr_recycled","300gr_biotop","400gr_sbd","500gr_sbd","300gr_tintoretto_gesso","280gr_linnen","280gr_kraft","381gr_kraft","300gr_metallic_white","350gr_metallic_white","300gr_metallic_pearl","300gr_metallic_silver","300gr_metallic_gold","300gr_yupo_blue_ypi","350gr_yupo_blue_ypi","250gr_sirio_materica_clay","290gr_sirio_color_pietra","295gr_paperwise_earth_pact_natural","290gr_sirio_color_nero","400gr_yupo","300gr_conqueror_vergé_(crème)_high_white","300gr_conqueror_vergé_diamond_white","300gr_hvo_nk","350gr_hvo_nk","200gr_yupo","400gr_hvo_nk","290gr_kraft_muskat","810gr_three_layer_multiloft_black","750gr_three_layer_multiloft_white","750gr_three_layer_multiloft_ultra_white","540gr_two_layer_multiloft_black","480gr_two_layer_multiloft_white","480gr_two_layer_multiloft_ultra_white","300gr_cotton_gentlemen_blue","300gr_cotton_new_grey","300gr_cotton_linen_cream","300gr_cotton_max_white","350gr_sbd","350gr_sbs","300gr_sbs","300gr_sbs_symbol_card","350gr_hvo","300gr_hvo","810gr_three_layer_multiloft_kraft","540gr_two_layer_multiloft_kraft","300gr_recystar_nature","300gr_recystar","300gr_synaps","234gr_yupo_blue","276gr_yupo_blue","319gr_yupo_blue"]}],[{"property":"finish","options":["single_sided_gloss_lamination","single_sided_matt_lamination","double_sided_gloss_lamination"]},{"options":["400gr_silk_mc"],"property":"material"},{"property":"spot_finish","options":["none"]},{"property":"printingmethod","options":["offset"]}],[{"options":["300gr_silk_mc","300gr_hvo_nk","350gr_hvo_nk","300gr_biotop","400gr_hvo_nk","300gr_hvo","300gr_recystar_nature","400gr_gesatineerd_mc","400gr_sbd"],"property":"material"},{"options":["offset"],"property":"printingmethod"},{"options":["single_sided_gloss_lamination","single_sided_matt_lamination","double_sided_gloss_lamination","double_sided_matt_lamination","single_soft_touch_lamination","double_soft_touch_lamination","single_sided_scratch_resistant_laminate","double_sided_scratch_resistant_laminate","single_sided_linen_lamination","double_sided_linen_lamination"],"property":"finish"}],[{"property":"die_cut","options":["yes"]},{"options":["offset"],"property":"printingmethod"}],[{"options":["yes"],"property":"die_cut"},{"property":"material","options":["295gr_paperwise_earth_pact_natural","290gr_sirio_color_nero","290gr_sirio_color_pietra","250gr_sirio_materica_clay","350gr_yupo_blue_ypi","300gr_yupo_blue_ypi","500gr_sbd","300gr_conqueror_vergé_(crème)_high_white","300gr_conqueror_vergé_diamond_white","220gr_verge_naturel","220gr_verge_white","200gr_yupo","300gr_cotton_max_white","300gr_cotton_new_grey","300gr_cotton_linen_cream","300gr_cotton_gentlemen_blue","400gr_yupo","540gr_two_layer_multiloft_kraft","810gr_three_layer_multiloft_kraft","480gr_two_layer_multiloft_ultra_white","480gr_two_layer_multiloft_white","540gr_two_layer_multiloft_black","750gr_three_layer_multiloft_ultra_white","750gr_three_layer_multiloft_white","810gr_three_layer_multiloft_black","350gr_atelier","300gr_sbs","300gr_recystar","300gr_recystar_nature","440gr_kraft_muskat","300gr_synaps","250gr_yupo","300gr_hvo_nk","350gr_hvo_nk","350gr_sbs","234gr_yupo_blue","276gr_yupo_blue","319gr_yupo_blue"]}],[{"property":"material","options":["300gr_sbs","300gr_sbs_symbol_card"]},{"options":["double_sided_scratch_resistant_laminate","single_sided_scratch_resistant_laminate","scratch_resistant","double_soft_touch_lamination","single_soft_touch_lamination","double_sided_matt_lamination","double_sided_gloss_lamination"],"property":"finish"},{"property":"printingmethod","options":["offset"]}],[{"options":["500gr_sbd"],"property":"material"},{"options":["double_sided_gloss_lamination","double_sided_matt_lamination","single_sided_matt_lamination","single_sided_gloss_lamination","single_soft_touch_lamination","double_soft_touch_lamination","single_sided_scratch_resistant_laminate","double_sided_scratch_resistant_laminate","single_sided_linen_lamination","double_sided_linen_lamination"],"property":"finish"}],[{"options":["single_4","singlehorizontal_4"],"property":"fold"},{"options":["1","2","3","4","5"],"property":"variable_creasing_line"}],[{"options":["4","3","5"],"property":"variable_creasing_line"},{"options":["offset"],"property":"printingmethod"}],[{"property":"finish","options":["single_sided_uv_coating_gloss"]},{"options":["280gr_kraft","381gr_kraft","300gr_metallic_white","300gr_gesatineerd_mc","350gr_gesatineerd_mc","400gr_gesatineerd_mc","300gr_silk_mc","350gr_silk_mc","400gr_silk_mc","300gr_biotop","300gr_tintoretto_gesso","280gr_linnen","350gr_metallic_white","300gr_metallic_pearl","300gr_metallic_silver","300gr_metallic_gold","200gr_yupo","300gr_yupo_blue_ypi","350gr_yupo_blue_ypi","250gr_sirio_materica_clay","290gr_sirio_color_pietra","290gr_sirio_color_nero","295gr_paperwise_earth_pact_natural","400gr_yupo","300gr_conqueror_vergé_(crème)_high_white","300gr_conqueror_vergé_diamond_white","300gr_hvo_nk","350gr_hvo_nk","300gr_sbs","400gr_sbd","500gr_sbd","300gr_recystar","300gr_recystar_nature","300gr_cotton_max_white","300gr_cotton_linen_cream","300gr_cotton_new_grey","300gr_cotton_gentlemen_blue","540gr_two_layer_multiloft_kraft","480gr_two_layer_multiloft_ultra_white","480gr_two_layer_multiloft_white","540gr_two_layer_multiloft_black","810gr_three_layer_multiloft_black","750gr_three_layer_multiloft_white","750gr_three_layer_multiloft_ultra_white","810gr_three_layer_multiloft_kraft","350gr_sbs","350gr_sbs_invercote","350gr_hvo","400gr_hvo_nk","300gr_synaps","300gr_hvo","350gr_atelier","290gr_kraft_muskat","440gr_kraft_muskat","250gr_yupo","300gr_sbs_invercote","234gr_yupo_blue","276gr_yupo_blue","319gr_yupo_blue"],"property":"material"}],[{"options":["300gr_sbs_symbol_card","350gr_sbs"],"property":"material"},{"options":["offset"],"property":"printingmethod"},{"options":["single_sided_gloss_lamination","single_sided_matt_lamination","double_sided_gloss_lamination","double_sided_matt_lamination","single_soft_touch_lamination","double_soft_touch_lamination","scratch_resistant","single_sided_scratch_resistant_laminate","double_sided_scratch_resistant_laminate"],"property":"finish"}],[{"options":["foil_glitter","foil_gold","foil_rainbow","foil_copper","foil_rose","foil_silver","partial_gloss","embossed_partial_gloss_40","embossed_partial_gloss_80"],"property":"spot_finish"},{"property":"finish","options":["geen","single_sided_uv_coating_matt","single_sided_uv_coating_gloss"]},{"property":"material","options":["300gr_hvo_nk","350gr_hvo_nk","540gr_two_layer_multiloft_kraft","480gr_two_layer_multiloft_ultra_white","480gr_two_layer_multiloft_white","540gr_two_layer_multiloft_black","810gr_three_layer_multiloft_kraft","810gr_three_layer_multiloft_black","750gr_three_layer_multiloft_white","750gr_three_layer_multiloft_ultra_white","400gr_hvo_nk","350gr_atelier"]}],[{"options":["offset"],"property":"printingmethod"},{"options":["bc_plus","bc_plus_portrait"],"property":"size"},{"options":["400gr_silk_mc"],"property":"material"},{"property":"rounded_corners","options":["3,5_mm_radius"]}],[{"options":[17000,18000,19000,20000,16000,22500,25000,27500,30000,32500,35000,37500,40000,42500,45000,47500,50000,52500,55000,57500,60000,62500,65000,67500,70000,72500,75000,77500,80000,82500,85000,87500,90000,92500,95000,97500,100000,105000,110000,115000,120000,125000,130000,135000,140000,145000],"property":"copies"},{"options":["1_perforation_line"],"property":"perforation"}],[{"property":"spot_finish","options":["foil_glitter","foil_gold","foil_rainbow","foil_copper","foil_rose","foil_silver","partial_gloss","embossed_partial_gloss_40","embossed_partial_gloss_80"]},{"property":"finish","options":["single_sided_linen_lamination","double_sided_linen_lamination","single_sided_uv_coating_gloss"]}],[{"options":["540gr_two_layer_multiloft_kraft","810gr_three_layer_multiloft_kraft","480gr_two_layer_multiloft_ultra_white","480gr_two_layer_multiloft_white","540gr_two_layer_multiloft_black","750gr_three_layer_multiloft_ultra_white","750gr_three_layer_multiloft_white","810gr_three_layer_multiloft_black","300gr_sbs_invercote"],"property":"material"},{"options":["single_sided_linen_lamination","double_sided_linen_lamination"],"property":"finish"}],[{"options":["offset"],"property":"printingmethod"},{"options":["embossed_partial_gloss_40","embossed_partial_gloss_80","foil_gold","foil_silver","foil_copper","foil_rose","foil_glitter","foil_rainbow"],"property":"spot_finish"}],[{"property":"printingmethod","options":["offset"]},{"options":["single_sided_foil_rainbow","double_sided_foil_gold","single_sided_foil_glitter","double_sided_foil_silver","double_sided_foil_copper","single_sided_foil_rose","single_sided_foil_copper","single_sided_foil_silver","single_sided_foil_gold","double_sided_foil_rose","double_sided_foil_rainbow","double_sided_foil_glitter","double_sided_foil_gold_plus_foil_silver","double_sided_foil_gold_plus_foil_copper","double_sided_foil_silver_plus_foil_copper","single_sided_foil_gold_plus_foil_silver","single_sided_foil_silver_plus_foil_copper","single_sided_foil_gold_plus_foil_copper"],"property":"spot_foil"}],[{"property":"spot_finish","options":["foil_glitter","foil_gold","foil_rainbow","foil_copper","foil_rose","foil_silver","partial_gloss","embossed_partial_gloss_40","embossed_partial_gloss_80"]},{"options":["220gr_conqueror_vergé_diamond_white","220gr_conqueror_vergé_(crème)_high_white","300gr_conqueror_vergé_diamond_white","300gr_conqueror_vergé_(crème)_high_white","300gr_yupo_blue_ypi","350gr_yupo_blue_ypi","500gr_sbd","295gr_paperwise_earth_pact_natural","300gr_recystar","300gr_recystar_nature","300gr_cotton_max_white","300gr_cotton_linen_cream","300gr_cotton_new_grey","300gr_cotton_gentlemen_blue","250gr_yupo","200gr_yupo","400gr_yupo","280gr_linnen","440gr_kraft_muskat","350gr_sbs","234gr_yupo_blue","276gr_yupo_blue","319gr_yupo_blue"],"property":"material"}],[{"options":[],"property":"spot_finish"},{"options":["single_sided_matt_lamination","single_sided_gloss_lamination","single_soft_touch_lamination","single_sided_scratch_resistant_laminate"],"property":"finish"},{"options":["300gr_hvo","350gr_hvo","300gr_hvo_nk","300gr_biotop","350gr_hvo_nk","400gr_hvo_nk","350gr_atelier"],"property":"material"}],[{"options":["offset"],"property":"printingmethod"},{"property":"delivery","options":["businesscard_box"]}],[{"options":["bundle_per_500","bundle_per_250"],"property":"bundle"},{"options":["400gr_silk_mc"],"property":"material"}],[{"options":["custom:width:85-86","custom:height:55-56"],"property":"size"},{"property":"printingmethod","options":["offset"]},{"options":["3,5_mm_radius","7_mm_radius"],"property":"rounded_corners"}],[{"options":["3,5_mm_radius","7_mm_radius"],"property":"rounded_corners"},{"options":["offset"],"property":"printingmethod"},{"options":["300gr_biotop","300gr_hvo_nk","300gr_conqueror_vergé_(crème)_high_white","300gr_conqueror_vergé_diamond_white","300gr_hvo"],"property":"material"}],[{"options":["350gr_atelier","200gr_yupo","300gr_yupo_blue_ypi","400gr_yupo","300gr_conqueror_vergé_diamond_white","300gr_conqueror_vergé_(crème)_high_white","295gr_paperwise_earth_pact_natural","250gr_sirio_materica_clay","440gr_kraft_muskat","290gr_kraft_muskat","300gr_cotton_max_white","300gr_cotton_linen_cream","300gr_cotton_new_grey","300gr_cotton_gentlemen_blue","250gr_yupo","540gr_two_layer_multiloft_kraft","540gr_two_layer_multiloft_black","280gr_linnen","290gr_sirio_color_pietra","290gr_sirio_color_nero","810gr_three_layer_multiloft_kraft","500gr_sbd","480gr_two_layer_multiloft_ultra_white","480gr_two_layer_multiloft_white","750gr_three_layer_multiloft_ultra_white","750gr_three_layer_multiloft_white","810gr_three_layer_multiloft_black","300gr_metallic_pearl","350gr_metallic_white","300gr_metallic_silver","300gr_metallic_gold","350gr_sbs","300gr_synaps"],"property":"material"},{"property":"delivery","options":["businesscard_box"]}],[{"property":"material","options":["400gr_silk_mc"]},{"options":["bc_plus_portrait","bc_plus","custom:width:55-85","custom:height:55-85","bc_portrait","bc","custom"],"property":"size"},{"property":"printingmethod","options":["offset"]},{"options":["7_mm_radius"],"property":"rounded_corners"}],[{"property":"drillholes","options":["one_drillhole_4mm","two_drillholes_4mm","one_drillhole_5mm","two_drillholes_5mm"]},{"property":"printtype","options":["10","20","30","11","22","33"]},{"options":["offset"],"property":"printingmethod"}],[{"options":["300gr_synaps","135gr_gesatineerd_mc","250gr_gesatineerd_mc","170gr_gesatineerd_mc"],"property":"material"},{"options":["single_sided_gloss_lamination","single_sided_matt_lamination","double_sided_gloss_lamination","double_sided_matt_lamination","single_soft_touch_lamination","double_soft_touch_lamination","single_sided_scratch_resistant_laminate","double_sided_scratch_resistant_laminate","single_sided_uv_coating_gloss","single_sided_linen_lamination","double_sided_linen_lamination"],"property":"finish"}],[{"options":["partial_gloss","embossed_partial_gloss_40","embossed_partial_gloss_80"],"property":"spot_finish"},{"options":["300gr_silk_mc","350gr_silk_mc","400gr_silk_mc"],"property":"material"},{"options":["3,5_mm_radius","7_mm_radius"],"property":"rounded_corners"}],[{"options":["bc_plus","bc_plus_portrait"],"property":"size"},{"options":["businesscard_box"],"property":"delivery"}],[{"property":"drillholes","options":["one_drillhole_4mm","two_drillholes_4mm","one_drillhole_5mm","two_drillholes_5mm"]},{"options":["400gr_silk_mc"],"property":"material"},{"options":["offset"],"property":"printingmethod"}],[{"property":"drillholes","options":["two_drillholes_3mm","one_drillhole_4mm","two_drillholes_4mm","one_drillhole_5mm","two_drillholes_5mm"]},{"options":["300gr_biotop","300gr_conqueror_vergé_diamond_white","300gr_conqueror_vergé_(crème)_high_white","300gr_hvo_nk","300gr_hvo","300gr_gesatineerd_mc","350gr_gesatineerd_mc","300gr_sbs","350gr_sbd","400gr_sbd","300gr_recystar"],"property":"material"},{"options":["offset"],"property":"printingmethod"}],[{"property":"printingmethod","options":["inkjet"]},{"options":["10","20","30","11","22","33","50_full_color_plus_white","55_full_color_plus_white"],"property":"printtype"}],[{"property":"finish","options":["single_sided_uv_coating_gloss","single_sided_linen_lamination","double_sided_linen_lamination","double_sided_scratch_resistant_laminate","single_sided_scratch_resistant_laminate","double_soft_touch_lamination","single_soft_touch_lamination"]},{"options":["inkjet"],"property":"printingmethod"}],[{"property":"spot_finish","options":["embossed_partial_gloss_80","embossed_partial_gloss_40","partial_gloss","foil_silver","foil_rose","foil_copper","foil_rainbow","foil_gold","foil_glitter"]},{"options":["inkjet"],"property":"printingmethod"}],[{"options":["inkjet"],"property":"printingmethod"},{"options":["yes"],"property":"die_cut"}],[{"options":["10","20","30","11","22","33"],"property":"printtype"},{"options":["digital","inkjet"],"property":"printingmethod"}],[{"options":["500gr_sbd","300gr_synaps","300gr_cotton_max_white","300gr_cotton_linen_cream","300gr_cotton_gentlemen_blue","300gr_cotton_new_grey"],"property":"material"},{"options":["7_mm_radius","3,5_mm_radius"],"property":"rounded_corners"}],[{"options":["bundle_per_50","bundle_per_100"],"property":"bundle"},{"options":["400gr_silk_mc"],"property":"material"},{"options":["offset"],"property":"printingmethod"}],[{"property":"material","options":["400gr_silk_mc"]},{"property":"printingmethod","options":["offset"]},{"options":["custom:width:85-85","custom:height:55-55","bc_plus_portrait","bc_plus"],"property":"size"}],[{"property":"material","options":["400gr_silk_mc","810gr_three_layer_multiloft_black","750gr_three_layer_multiloft_white","750gr_three_layer_multiloft_ultra_white","540gr_two_layer_multiloft_black","480gr_two_layer_multiloft_white","480gr_two_layer_multiloft_ultra_white","300gr_cotton_gentlemen_blue","300gr_cotton_new_grey","300gr_cotton_linen_cream","300gr_cotton_max_white","500gr_sbd","400gr_sbd","350gr_sbd","350gr_sbs","400gr_hvo_nk","350gr_hvo_nk","350gr_hvo","810gr_three_layer_multiloft_kraft","540gr_two_layer_multiloft_kraft","440gr_kraft_muskat","290gr_kraft_muskat","300gr_recystar_nature","300gr_recystar","300gr_conqueror_vergé_diamond_white","300gr_conqueror_vergé_(crème)_high_white","350gr_yupo_blue_ypi","300gr_yupo_blue_ypi","295gr_paperwise_earth_pact_natural","350gr_metallic_white","280gr_linnen","300gr_tintoretto_gesso","350gr_silk_mc","400gr_gesatineerd_mc","350gr_gesatineerd_mc","300gr_sbs_symbol_card","200gr_yupo","234gr_yupo_blue","276gr_yupo_blue"]},{"options":["single_sided_gloss_lamination","single_sided_matt_lamination","double_sided_gloss_lamination","double_sided_matt_lamination","single_soft_touch_lamination","double_soft_touch_lamination","single_sided_scratch_resistant_laminate","double_sided_scratch_resistant_laminate","single_sided_linen_lamination","double_sided_linen_lamination"],"property":"finish"},{"property":"perforation","options":["1_perforation_line"]}],[{"options":["inkjet"],"property":"printingmethod"},{"options":["one_drillhole_3mm","two_drillholes_3mm","one_drillhole_4mm","two_drillholes_4mm","one_drillhole_5mm","two_drillholes_5mm"],"property":"drillholes"}],[{"property":"printingmethod","options":["inkjet"]},{"options":["5"],"property":"variable_creasing_line"}],[{"property":"material","options":["300gr_yupo_blue_ypi","350gr_yupo_blue_ypi","400gr_yupo","200gr_yupo","234gr_yupo_blue","276gr_yupo_blue","319gr_yupo_blue"]},{"options":["single_soft_touch_lamination","double_soft_touch_lamination"],"property":"finish"}],[{"options":["400gr_sbd","400gr_silk_mc"],"property":"material"},{"options":["digital"],"property":"printingmethod"},{"property":"spot_finish","options":["embossed_partial_gloss_80","embossed_partial_gloss_40","foil_glitter","foil_gold","foil_rainbow","foil_copper","foil_rose","foil_silver","partial_gloss"]}],[{"options":["350gr_silk_mc","300gr_silk_mc","400gr_gesatineerd_mc","350gr_gesatineerd_mc","300gr_gesatineerd_mc","300gr_tintoretto_gesso","280gr_linnen","300gr_metallic_pearl","350gr_metallic_white","300gr_metallic_silver","300gr_metallic_gold","1gr_gesatineerd_mc","290gr_sirio_color_nero","295gr_paperwise_earth_pact_natural","300gr_synaps","300gr_yupo_blue_ypi","350gr_yupo_blue_ypi","300gr_conqueror_vergé_diamond_white","300gr_conqueror_vergé_(crème)_high_white","400gr_yupo","300gr_recystar","300gr_biotop","300gr_recystar_nature","290gr_kraft_muskat","300gr_hvo","300gr_hvo_nk","350gr_hvo","400gr_hvo_nk","350gr_hvo_nk","300gr_sbs_symbol_card","300gr_sbs","350gr_sbs","350gr_sbd","400gr_sbd","300gr_cotton_max_white","500gr_sbd","300gr_cotton_linen_cream","300gr_cotton_new_grey","300gr_cotton_gentlemen_blue","300gr_sbs_invercote","350gr_sbs_invercote","234gr_yupo_blue","276gr_yupo_blue","319gr_yupo_blue","300gr_metallic_white"],"property":"material"},{"property":"spot_finish","options":["partial_gloss"]}],[{"options":["1","2","3","4","5"],"property":"variable_creasing_line"},{"options":["300gr_synaps","300gr_recyclingpaper_rebello_or_vivus_89"],"property":"material"}],[{"options":["single_sided_gloss_lamination","single_sided_matt_lamination","single_soft_touch_lamination","single_sided_scratch_resistant_laminate","single_sided_linen_lamination","single_sided_uv_coating_gloss"],"property":"finish"},{"options":["foil_gold","foil_silver","foil_rose","foil_copper","foil_glitter","foil_rainbow","partial_gloss","embossed_partial_gloss_40","embossed_partial_gloss_80"],"property":"spot_finish_back"}],[{"options":["400gr_silk_mc","400gr_sbd"],"property":"material"},{"options":["digital"],"property":"printingmethod"},{"options":["foil_gold","foil_silver","foil_rose","foil_copper","foil_glitter","foil_rainbow","partial_gloss","embossed_partial_gloss_40","embossed_partial_gloss_80"],"property":"spot_finish_back"}],[{"options":["295gr_paperwise_earth_pact_natural","200gr_yupo","300gr_yupo_blue_ypi","350gr_yupo_blue_ypi","400gr_yupo","300gr_conqueror_vergé_(crème)_high_white","300gr_conqueror_vergé_diamond_white","300gr_recystar","300gr_recystar_nature","290gr_kraft_muskat","440gr_kraft_muskat","350gr_hvo","500gr_sbd","300gr_cotton_max_white","300gr_cotton_linen_cream","300gr_cotton_new_grey","300gr_cotton_gentlemen_blue","300gr_sbs_symbol_card","300gr_sbs","350gr_sbs","400gr_gesatineerd_mc","300gr_synaps","400gr_hvo_nk","300gr_sbs_invercote","350gr_sbs_invercote","234gr_yupo_blue","276gr_yupo_blue","319gr_yupo_blue","350gr_metallic_white","300gr_recyclingpaper_rebello_or_vivus_89"],"property":"material"},{"options":["foil_gold","foil_silver","foil_rose","foil_copper","foil_glitter","foil_rainbow","partial_gloss","embossed_partial_gloss_40","embossed_partial_gloss_80"],"property":"spot_finish_back"}],[{"options":["300gr_sbs","300gr_recystar","300gr_recystar_nature","350gr_sbs","300gr_sbs_invercote","250gr_sirio_materica_clay"],"property":"material"},{"options":["foil_gold","foil_silver","foil_rose","foil_copper","foil_glitter","foil_rainbow","partial_gloss","embossed_partial_gloss_40","embossed_partial_gloss_80"],"property":"spot_finish_back"}],[{"property":"material","options":["350gr_silk_mc","350gr_gesatineerd_mc","400gr_gesatineerd_mc","300gr_silk_mc","300gr_gesatineerd_mc","300gr_tintoretto_gesso","280gr_linnen","300gr_metallic_pearl","350gr_metallic_white","300gr_metallic_silver","300gr_metallic_gold","1gr_gesatineerd_mc","290gr_sirio_color_nero","295gr_paperwise_earth_pact_natural","300gr_synaps","300gr_yupo_blue_ypi","350gr_yupo_blue_ypi","300gr_conqueror_vergé_(crème)_high_white","400gr_yupo","300gr_conqueror_vergé_diamond_white","300gr_recystar","300gr_biotop","290gr_kraft_muskat","300gr_recystar_nature","300gr_hvo_nk","350gr_hvo","400gr_hvo_nk","300gr_sbs_symbol_card","350gr_hvo_nk","300gr_hvo","300gr_sbs","350gr_sbs","350gr_sbd","400gr_sbd","500gr_sbd","300gr_cotton_max_white","300gr_cotton_linen_cream","300gr_cotton_new_grey","300gr_cotton_gentlemen_blue","300gr_sbs_invercote","350gr_sbs_invercote","234gr_yupo_blue","276gr_yupo_blue","319gr_yupo_blue","300gr_metallic_white"]},{"options":["partial_gloss"],"property":"spot_finish_back"}],[{"options":["offset"],"property":"printingmethod"},{"options":["embossed_partial_gloss_40","embossed_partial_gloss_80","foil_gold","foil_silver","foil_rose","foil_copper","foil_glitter","foil_rainbow"],"property":"spot_finish_back"}],[{"options":["10","20","30","11","22","33"],"property":"printtype"},{"options":["foil_gold","foil_silver","foil_rose","foil_copper","foil_glitter","foil_rainbow","partial_gloss","embossed_partial_gloss_40","embossed_partial_gloss_80"],"property":"spot_finish_back"}],[{"options":["foil_gold","foil_silver","foil_rose","foil_copper","foil_glitter","foil_rainbow","partial_gloss","embossed_partial_gloss_40","embossed_partial_gloss_80"],"property":"spot_finish_back"},{"property":"finish","options":["geen"]},{"options":["300gr_recystar","300gr_recystar_nature","290gr_kraft_muskat","440gr_kraft_muskat","540gr_two_layer_multiloft_kraft","810gr_three_layer_multiloft_kraft","300gr_hvo","350gr_hvo","350gr_hvo_nk","400gr_hvo_nk","300gr_cotton_max_white","300gr_cotton_linen_cream","300gr_cotton_new_grey","300gr_cotton_gentlemen_blue","480gr_two_layer_multiloft_ultra_white","480gr_two_layer_multiloft_white","540gr_two_layer_multiloft_black","750gr_three_layer_multiloft_ultra_white","750gr_three_layer_multiloft_white","810gr_three_layer_multiloft_black","300gr_hvo_nk","290gr_sirio_color_nero","300gr_biotop"],"property":"material"}],[{"options":["foil_gold","foil_silver","foil_rose","foil_copper","foil_glitter","foil_rainbow","partial_gloss","embossed_partial_gloss_40","embossed_partial_gloss_80"],"property":"spot_finish_back"},{"options":["geen","single_sided_gloss_lamination","single_sided_matt_lamination","single_soft_touch_lamination","single_sided_scratch_resistant_laminate","single_sided_linen_lamination","single_sided_uv_coating_gloss","double_sided_linen_lamination"],"property":"finish"},{"options":["350gr_hvo","300gr_hvo","300gr_hvo_nk","350gr_hvo_nk","400gr_hvo_nk"],"property":"material"}],[{"options":["foil_gold","foil_silver","foil_rose","foil_copper","foil_glitter","foil_rainbow","partial_gloss","embossed_partial_gloss_40","embossed_partial_gloss_80"],"property":"spot_finish_back"},{"property":"finish","options":["geen","single_sided_uv_coating_gloss"]},{"property":"material","options":["300gr_hvo_nk","350gr_hvo_nk","400gr_hvo_nk","540gr_two_layer_multiloft_kraft","810gr_three_layer_multiloft_kraft","480gr_two_layer_multiloft_ultra_white","480gr_two_layer_multiloft_white","540gr_two_layer_multiloft_black","750gr_three_layer_multiloft_ultra_white","750gr_three_layer_multiloft_white","810gr_three_layer_multiloft_black"]}],[{"property":"spot_finish_back","options":["foil_gold","foil_silver","foil_rose","foil_copper","foil_glitter","foil_rainbow","partial_gloss","embossed_partial_gloss_40","embossed_partial_gloss_80"]},{"options":["300gr_conqueror_vergé_(crème)_high_white","300gr_conqueror_vergé_diamond_white","300gr_yupo_blue_ypi","350gr_yupo_blue_ypi","400gr_yupo","500gr_sbd","295gr_paperwise_earth_pact_natural","300gr_recystar","300gr_recystar_nature","300gr_cotton_max_white","300gr_cotton_linen_cream","300gr_cotton_new_grey","300gr_cotton_gentlemen_blue","200gr_yupo","300gr_sbs","280gr_linnen","350gr_sbs","234gr_yupo_blue","276gr_yupo_blue","319gr_yupo_blue"],"property":"material"}],[{"property":"spot_finish_back","options":["partial_gloss","embossed_partial_gloss_40","embossed_partial_gloss_80"]},{"options":["300gr_silk_mc","350gr_silk_mc","400gr_silk_mc"],"property":"material"},{"options":["3,5_mm_radius","7_mm_radius"],"property":"rounded_corners"}],[{"options":["foil_gold","foil_silver","foil_copper","foil_rose","foil_glitter","foil_rainbow","embossed_partial_gloss_40","embossed_partial_gloss_80"],"property":"spot_finish_back"},{"property":"printingmethod","options":["offset"]}],[{"options":["digital"],"property":"printingmethod"},{"options":["partial_gloss"],"property":"spot_finish"}],[{"options":["digital"],"property":"printingmethod"},{"options":["partial_gloss"],"property":"spot_finish_back"}],[{"options":["foil_gold","foil_silver","foil_rose","foil_copper","foil_glitter","foil_rainbow","partial_gloss","embossed_partial_gloss_40","embossed_partial_gloss_80"],"property":"spot_finish_back"},{"property":"printingmethod","options":["inkjet"]}],[{"options":["foil_gold","foil_rose","foil_silver","foil_glitter","foil_copper","foil_rainbow","partial_gloss","embossed_partial_gloss_40","embossed_partial_gloss_80"],"property":"spot_finish_back"},{"options":["single_soft_touch_lamination","single_sided_scratch_resistant_laminate","single_sided_uv_coating_gloss","single_sided_linen_lamination","single_sided_gloss_lamination","single_sided_matt_lamination"],"property":"finish"},{"options":["300gr_hvo_nk","300gr_hvo","350gr_hvo","400gr_hvo_nk","350gr_hvo_nk","300gr_sbs_symbol_card","300gr_sbs","350gr_sbs"],"property":"material"}],[{"options":["foil_glitter","foil_copper","foil_rainbow","partial_gloss","embossed_partial_gloss_40","embossed_partial_gloss_80","foil_silver","foil_gold","foil_rose"],"property":"spot_finish_back"},{"options":["single_sided_uv_coating_gloss","single_sided_linen_lamination","double_sided_linen_lamination"],"property":"finish"}],[{"options":["custom:width:85-297","custom:height:55-210"],"property":"size"},{"options":["digital"],"property":"printingmethod"},{"property":"rounded_corners","options":["3,5_mm_radius","7_mm_radius"]}],[{"options":["businesscard_box"],"property":"delivery"},{"options":["custom:width:75-85","custom:height:45-55"],"property":"size"}],[{"options":["partial_gloss"],"property":"spot_finish"},{"options":["single_sided_gloss_lamination","single_sided_matt_lamination","double_sided_gloss_lamination","single_soft_touch_lamination","double_soft_touch_lamination","single_sided_scratch_resistant_laminate","double_sided_scratch_resistant_laminate","single_sided_uv_coating_gloss","single_sided_linen_lamination","double_sided_linen_lamination"],"property":"finish"}],[{"options":["partial_gloss"],"property":"spot_finish_back"},{"options":["single_soft_touch_lamination","double_soft_touch_lamination","double_sided_gloss_lamination","single_sided_scratch_resistant_laminate","double_sided_scratch_resistant_laminate","single_sided_uv_coating_gloss","linen_lamination","single_sided_linen_lamination","double_sided_linen_lamination","single_sided_gloss_lamination","single_sided_matt_lamination"],"property":"finish"}],[{"property":"material","options":["400gr_gesatineerd_mc","400gr_silk_mc","300gr_tintoretto_gesso","280gr_linnen","300gr_metallic_pearl","350gr_metallic_white","300gr_metallic_silver","300gr_metallic_gold","290gr_sirio_color_nero","295gr_paperwise_earth_pact_natural","300gr_synaps","300gr_yupo_blue_ypi","350gr_yupo_blue_ypi","400gr_yupo","300gr_conqueror_vergé_(crème)_high_white","300gr_conqueror_vergé_diamond_white","300gr_biotop","300gr_recystar","300gr_recystar_nature","290gr_kraft_muskat","300gr_hvo_nk","350gr_hvo_nk","400gr_hvo_nk","300gr_sbs","350gr_sbs","350gr_sbd","400gr_sbd","300gr_cotton_max_white","500gr_sbd","300gr_cotton_gentlemen_blue","300gr_cotton_new_grey","300gr_cotton_linen_cream","300gr_sbs_invercote","300gr_sbs_symbol_card","234gr_yupo_blue","276gr_yupo_blue","319gr_yupo_blue","300gr_recyclingpaper_rebello_or_vivus_89"]},{"property":"printingmethod","options":["inkjet"]}],[{"options":["inkjet"],"property":"printingmethod"},{"options":["foil_silver","foil_rose","foil_copper","foil_gold","foil_glitter","foil_rainbow","partial_gloss","embossed_partial_gloss_40","embossed_partial_gloss_80"],"property":"spot_finish"}],[{"property":"printingmethod","options":["inkjet"]},{"options":["partial_gloss"],"property":"spot_finish"}],[{"property":"personalize","options":["numbering","personalize_from_excel"]},{"options":["300gr_cotton_max_white","300gr_cotton_linen_cream","300gr_cotton_gentlemen_blue","300gr_recyclingpaper_rebello_or_vivus_89","300gr_conqueror_vergé_(crème)_high_white"],"property":"material"}],[{"options":["one_drillhole_3mm","two_drillholes_3mm","one_drillhole_4mm","two_drillholes_4mm","one_drillhole_5mm","two_drillholes_5mm"],"property":"drillholes"},{"options":["300gr_cotton_max_white","300gr_cotton_linen_cream","300gr_cotton_gentlemen_blue","300gr_cotton_new_grey"],"property":"material"}],[{"options":["300gr_cotton_max_white","300gr_cotton_linen_cream","300gr_cotton_gentlemen_blue"],"property":"material"},{"options":["3","4","5"],"property":"variable_creasing_line"}],[{"property":"perforation","options":["1_perforation_line"]},{"options":["300gr_cotton_max_white","300gr_cotton_linen_cream","300gr_cotton_gentlemen_blue","300gr_recyclingpaper_rebello_or_vivus_89","300gr_conqueror_vergé_(crème)_high_white"],"property":"material"}],[{"options":["custom:width:55-440","custom:height:55-306"],"property":"size"},{"options":["inkjet"],"property":"printingmethod"}],[{"options":["yes"],"property":"die_cut"},{"options":["single_sided_linen_lamination","double_sided_linen_lamination"],"property":"finish"}],[{"options":["one_drillhole_3mm","two_drillholes_3mm","two_drillholes_4mm","two_drillholes_5mm","one_drillhole","two_drillholes"],"property":"drillholes"},{"options":["300gr_recyclingpaper_rebello_or_vivus_89"],"property":"material"}],[{"options":["40","44"],"property":"printtype"},{"options":["350gr_metallic_white","300gr_metallic_white","300gr_metallic_pearl","300gr_metallic_gold","300gr_metallic_silver"],"property":"material"},{"property":"spot_finish","options":["foil_gold","foil_silver","foil_rose","foil_copper","foil_glitter","foil_rainbow","partial_gloss","embossed_partial_gloss_40","embossed_partial_gloss_80"]}],[{"options":["40","44"],"property":"printtype"},{"property":"material","options":["350gr_metallic_white","300gr_metallic_white","300gr_metallic_pearl","300gr_metallic_gold","300gr_metallic_silver"]},{"property":"spot_finish_back","options":["foil_gold","foil_silver","foil_rose","foil_copper","foil_glitter","foil_rainbow","partial_gloss","embossed_partial_gloss_40"]}],[{"options":["single_4"],"property":"fold"},{"options":["digital","inkjet","offset"],"property":"printingmethod"},{"property":"size","options":["custom:width:50-210","custom:height:50-297"]}],[{"options":["singlehorizontal_4"],"property":"fold"},{"options":["digital","inkjet","offset"],"property":"printingmethod"},{"property":"size","options":["custom:width:50-297","custom:height:50-210"]}],[{"options":["businesscard_box"],"property":"delivery"},{"property":"finish","options":["single_sided_linen_lamination","double_sided_linen_lamination"]}],[{"options":["one_drillhole_3mm","two_drillholes_3mm","two_drillholes_4mm","two_drillholes_5mm","one_drillhole","two_drillholes"],"property":"drillholes"},{"property":"material","options":["300gr_conqueror_vergé_(crème)_high_white"]},{"property":"printingmethod","options":["digital"]}],[{"property":"variable_creasing_line","options":["1","2","3","4","5"]},{"property":"material","options":["300gr_conqueror_vergé_(crème)_high_white"]},{"property":"printingmethod","options":["digital"]}]]}