{"sku":"carabiner-hook","active":true,"createdAt":"2023-12-12T13:54:06.863Z","updatedAt":"2024-02-14T10:50:19.184Z","introductionDate":"2023-12-12T13:54:06.863Z","properties":[{"slug":"summary_image","title":"summary image","locked":false,"options":[{"slug":"carabiner-hook","nullable":true,"eco":false,"name":"Carabiner hook"}]},{"slug":"copies","title":"Quantité","locked":false,"options":[]},{"slug":"carabiner_hook","locked":false,"options":[{"slug":"carabiner_1","nullable":false,"eco":false,"name":"Carabiner"}],"title":"Carabiner hook"},{"slug":"material","title":"Support","locked":false,"options":[{"slug":"accessories","name":"Accessoires","nullable":false,"eco":false}]},{"slug":"printingmethod","title":"Méthode d'impression","locked":false,"options":[{"slug":"raw_material","name":"Sans impression","nullable":false,"eco":false}]},{"slug":"urgency","title":"Urgence","locked":false,"options":[{"slug":"standard","name":"Standard","nullable":false,"eco":false}]},{"slug":"size","title":"Format (largeur x hauteur)","locked":false,"options":[{"slug":"accessories","name":"Accessories","nullable":false}]},{"slug":"printtype","title":"Impression","locked":false,"options":[{"slug":"00","name":"Non imprimé","nullable":false,"eco":false}]}],"hsCode":"7326908500","isAvailableInUserRegion":true,"hasAccessories":false,"accessoryExcludes":[],"excludes":[],"titlePlural":"Carabiners","titleSingle":"Carabiner"}