{"sku":"christmas-hats","active":true,"titleSingle":"Bonnet de Noël","titlePlural":"Bonnets de Noël","createdAt":"2023-09-07T06:14:05.609Z","updatedAt":"2024-11-15T10:45:34.283Z","introductionDate":"2023-09-07T06:14:05.609Z","properties":[{"slug":"summary_image","title":"summary image","locked":false,"options":[{"slug":"christmas-hats","nullable":true,"eco":false,"name":"christmas-hats"}],"required":false},{"slug":"material","title":"Support","locked":false,"options":[{"slug":"polyester","name":"100% Polyester","nullable":false,"eco":false}],"required":true},{"slug":"printtype","title":"Impression","locked":false,"options":[{"slug":"40","name":"4/0 quadri recto","nullable":false,"eco":false},{"slug":"00","name":"Non imprimé","nullable":false,"eco":false}],"required":true},{"slug":"packaging_extras","title":"Piles","locked":false,"options":[{"slug":"none","name":"Sans","nullable":true,"eco":false},{"slug":"including_batteries","name":"2 piles LR44 incluses","nullable":false,"eco":false}],"required":false},{"slug":"textile_sizes","title":"Taille","locked":false,"options":[{"slug":"one_size","name":"Taille unique","nullable":false,"eco":false}],"required":true},{"slug":"color","title":"Couleurs","locked":false,"options":[{"slug":"red_white_hat","name":"Rouge / blanc","nullable":false,"eco":false},{"slug":"green_white_hat","name":"Vert / blanc","nullable":false,"eco":false},{"slug":"black_white_hat","name":"Noir / blanc","nullable":false,"eco":false},{"slug":"cobalt_blue_white_hat","name":"Bleu cobalt / blanc","nullable":false,"eco":false},{"slug":"yellow_white_hat","name":"Jaune / blanc","nullable":false,"eco":false}],"required":true},{"slug":"type_of_hat","title":"Type de bonnet","locked":false,"options":[{"slug":"christmas_hat","name":"Bonnet de Noël","nullable":false,"eco":false},{"slug":"christmas_hat_lights","name":"Bonnet de Noël avec lumières","nullable":false,"eco":false}],"required":true},{"slug":"size","title":"Format d'impression (largeur x hauteur)","locked":false,"options":[{"slug":"200_x_29_mm_hat","name":"200 x 29 mm sur la bande blanche","nullable":false},{"slug":"60_x_100_mm_hat","name":"100 x 60 mm sur le bonnet rouge","nullable":false},{"slug":"none","name":"Aucun ","nullable":false}],"required":true},{"slug":"copies","title":"Quantité","locked":false,"options":[],"required":true},{"slug":"personalize","title":"Personnaliser","locked":false,"options":[{"slug":"none","name":"Sans","nullable":true,"eco":false},{"slug":"personalize_from_excel","name":"A partir d'un fichier Excel ","nullable":false,"eco":false}],"required":false},{"slug":"printingmethod","title":"Méthode d'impression","locked":false,"options":[{"slug":"heat_transfer","name":"Transfert à chaud","nullable":false,"eco":false},{"slug":"sample","name":"Échantillon non imprimé","nullable":false,"eco":false}],"required":true},{"slug":"urgency","title":"Urgence","locked":false,"options":[{"slug":"standard","name":"Standard","nullable":false,"eco":false},{"slug":"quick","name":"Rapide","nullable":false,"eco":false},{"slug":"urgent","name":"Urgent","nullable":false,"eco":false},{"slug":"moderate","nullable":false,"eco":false,"name":"Moderate"}],"required":true},{"slug":"brezo_article","locked":false,"options":[{"slug":"ara.4003.g009","nullable":false,"eco":false,"name":"ARA.4003.G009"},{"slug":"ara.4001.g009","nullable":false,"eco":false,"name":"ARA.4001.G009"},{"slug":"ara.4001.a056","nullable":false,"eco":false,"name":" ARA.4001.A056"},{"slug":"ara.4001.e062","nullable":false,"eco":false,"name":" ARA.4001.E062"},{"slug":"ara.4001.j017","nullable":false,"eco":false,"name":" ARA.4001.J017"},{"slug":"ara.4001.k139","nullable":false,"eco":false,"name":" ARA.4001.K139"}],"required":true,"title":"Brezo Article"},{"slug":"delivery","title":"Préférence d'emballage","locked":false,"options":[{"slug":"none","name":"Sans","nullable":true,"eco":false},{"slug":"shipping_brz","name":"Shipping BRZ ","nullable":false,"eco":false}],"required":false}],"maxDesigns":1,"bleed":0,"hsCode":"6505908000","isAvailableInUserRegion":true,"hasAccessories":false,"accessoryExcludes":[],"category":[],"excludes":[[{"property":"type_of_hat","options":["christmas_hat_lights"],"description":"Christmas hats with lights can't be printed on white collar"},{"options":["200_x_29_mm_hat"],"property":"size"}],[{"property":"color","options":["green_white_hat","black_white_hat","cobalt_blue_white_hat","yellow_white_hat"],"description":"Christmas hats with lights are only available in the color Red"},{"options":["christmas_hat_lights"],"property":"type_of_hat"}],[{"property":"type_of_hat","options":["christmas_hat_lights"],"description":"Christmas hats with lights are only available in the color Red"},{"property":"color","options":["green_white_hat","black_white_hat","cobalt_blue_white_hat","yellow_white_hat"]}],[{"property":"printingmethod","options":["heat_transfer"],"description":"Printed product - must have a print"},{"property":"printtype","options":["00"]}],[{"property":"printingmethod","options":["sample"],"description":"Sample - has no print or personalisation"},{"options":["40"],"property":"printtype"}],[{"property":"printtype","options":["40"],"description":"Printed product - must have a print"},{"property":"printingmethod","options":["sample"]}],[{"property":"printtype","options":["00"],"description":"Sample - has no print or personalisation"},{"property":"printingmethod","options":["heat_transfer"]}],[{"options":["heat_transfer"],"property":"printingmethod","description":"Printed product - must have a print"},{"property":"size","options":["none"]}],[{"property":"printingmethod","options":["sample"],"description":"Sample - has no print or personalisation"},{"options":["200_x_29_mm_hat","60_x_100_mm_hat"],"property":"size"}],[{"property":"size","options":["200_x_29_mm_hat","60_x_100_mm_hat"],"description":"Printed product - must have a print"},{"property":"printingmethod","options":["sample"]}],[{"property":"size","options":["none"],"description":"Sample - has no print or personalisation"},{"property":"printingmethod","options":["heat_transfer"]}],[{"property":"printingmethod","options":["sample"],"description":"Sample - has no print or personalisation"},{"property":"personalize","options":["personalize_from_excel"]}],[{"options":["personalize_from_excel"],"property":"personalize","description":"Sample - has no print or personalisation"},{"property":"printingmethod","options":["sample"]}]]}