{"sku":"display-click-frame-straight","active":true,"titleSingle":"Cadre \"clic-clac \"droit sur pied","titlePlural":"Cadres \"clic-clac\" droits sur pied","createdAt":"2024-02-14T10:49:41.195Z","updatedAt":"2024-02-14T10:49:41.195Z","introductionDate":"2024-02-14T10:49:41.195Z","properties":[{"slug":"display_type","title":"Type de présentoir","locked":false,"options":[{"slug":"a4_straight","name":"A4 (210 x 297 mm) ","nullable":false,"eco":false},{"slug":"a3_straight","name":"A3 (297 x 420 mm)","nullable":false,"eco":false}]},{"slug":"material","title":"Support","locked":false,"options":[{"slug":"7000gr_anodized_aluminum","name":"Aluminum anodisé","nullable":false,"eco":false}]},{"slug":"display_extra","title":"Caractéristiques du présentoir","locked":false,"options":[{"slug":"hight_125","name":"Hauteur fixe - 125 cm","nullable":false,"eco":false}]},{"slug":"copies","title":"Quantité","locked":false,"options":[]},{"slug":"printingmethod","title":"Méthode d'impression","locked":false,"options":[{"slug":"raw_material","name":"Sans impression","nullable":false,"eco":false}]},{"slug":"urgency","title":"Urgence","locked":false,"options":[{"slug":"standard","name":"Standard","nullable":false,"eco":false},{"slug":"urgent","name":"Urgent","nullable":false,"eco":false}]},{"slug":"size","title":"Format (largeur x hauteur)","locked":false,"options":[{"slug":"unprinted","name":"Non imprimé","nullable":false}]},{"slug":"printtype","title":"Impression","locked":false,"options":[{"slug":"00","name":"Non imprimé","nullable":false,"eco":false}]},{"slug":"article_number","title":"Numéro d'article","locked":false,"options":[{"slug":"kliklijst_op_staander_a4_gaat_niet_verstelbaar_9050-a4","nullable":false,"eco":false,"name":"kliklijst op staander A4 gaat niet verstelbaar 9050-A4"}]}],"maxDesigns":1,"bleed":0,"hsCode":"3926909700","isAvailableInUserRegion":true,"hasAccessories":false,"accessoryExcludes":[],"excludes":[]}