{"sku":"facade-banner-system","active":true,"titleSingle":"Fixation de bannière \"extérieure\"","titlePlural":"Fixations de bannières \"extérieures\"","createdAt":"2024-02-14T10:50:26.250Z","updatedAt":"2025-06-11T08:06:27.650Z","introductionDate":"2024-02-14T10:50:26.250Z","properties":[{"slug":"summary_image","locked":false,"options":[{"slug":"facade_banner_system","name":"Wall mount banner system","nullable":true,"eco":false}],"required":false,"title":"summary_image"},{"slug":"material","title":"Support","locked":false,"options":[{"slug":"1000gr_stainless-steel","name":"Acier inox","nullable":false,"eco":false}],"required":true},{"slug":"weight","title":"Poids","locked":false,"options":[{"slug":"3600_grams","name":"3.6 kg","nullable":false,"eco":false},{"slug":"4400_grams","name":"4.4 kg","nullable":false,"eco":false}],"required":true},{"slug":"size","title":"Format (largeur x hauteur)","locked":false,"options":[{"slug":"facade_banner_60_cm","name":"Bannière de façade largeur 60 cm","nullable":false},{"slug":"facade_banner_80_cm","name":"Bannière de façade largeur 80 cm","nullable":false}],"required":true},{"slug":"copies","title":"Quantité","locked":false,"options":[],"required":true},{"slug":"printingmethod","title":"Méthode d'impression","locked":false,"options":[{"slug":"raw_material","name":"Sans impression","nullable":false,"eco":false}],"required":true},{"slug":"accessories","title":"Accessoires","locked":false,"options":[{"slug":"facade_banner_system","name":"Bannière de façade (sytème complet)","nullable":false,"eco":false}],"required":true},{"slug":"printtype","title":"Impression","locked":false,"options":[{"slug":"00","name":"Non imprimé","nullable":false,"eco":false}],"required":true},{"slug":"urgency","title":"Urgence","locked":false,"options":[{"slug":"standard","name":"Standard","nullable":false,"eco":false},{"slug":"urgent","name":"Urgent","nullable":false,"eco":false}],"required":true}],"maxDesigns":1,"bleed":3,"hsCode":"6307909800","isAvailableInUserRegion":true,"hasAccessories":false,"accessoryExcludes":[],"category":["outdoor-advertising","banners-outdoor","banner-accessories"],"flexibleprintingmethod":false,"excludes":[]}