{"sku":"facade-pole-holder","active":true,"titleSingle":"Support pour drapeau mural","titlePlural":"Supports pour drapeau mural","createdAt":"2023-10-12T14:29:19.820Z","updatedAt":"2024-02-14T10:50:24.608Z","introductionDate":"2023-10-12T14:29:19.820Z","properties":[{"slug":"summary_image","title":"summary image","locked":false,"options":[{"slug":"facade-pole-holder","nullable":true,"eco":false,"name":"Wall mount pole holders"}]},{"slug":"facade_pole_holder","locked":false,"options":[{"slug":"aluminum_facade_pole_holder","name":"Support en aluminium","nullable":false,"eco":false},{"slug":"black_aluminum_facade_pole_holder","name":"Support noir en aluminium","nullable":false,"eco":false}],"title":"Wall mount pole holder"},{"slug":"copies","title":"Quantité","locked":false,"options":[]},{"slug":"printingmethod","title":"Méthode d'impression","locked":false,"options":[{"slug":"raw_material","name":"Sans impression","nullable":false,"eco":false}]},{"slug":"material","title":"Support","locked":false,"options":[{"slug":"accessories","name":"Accessoires","nullable":false,"eco":false}]},{"slug":"urgency","title":"Urgence","locked":false,"options":[{"slug":"standard","name":"Standard","nullable":false,"eco":false},{"slug":"quick","name":"Rapide","nullable":false,"eco":false},{"slug":"urgent","name":"Urgent","nullable":false,"eco":false},{"slug":"moderate","nullable":false,"eco":false,"name":"Moderate"}]},{"slug":"size","title":"Format (largeur x hauteur)","locked":false,"options":[{"slug":"accessories","name":"Accessories","nullable":false}]},{"slug":"printtype","title":"Impression","locked":false,"options":[{"slug":"00","name":"Non imprimé","nullable":false,"eco":false}]},{"slug":"packaging_extras","title":"Emballage","locked":false,"options":[{"slug":"packaging_handling","name":"packaging_handling","nullable":false,"eco":false}]}],"hsCode":"8302300000","isAvailableInUserRegion":true,"hasAccessories":false,"accessoryExcludes":[],"excludes":[]}