{"sku":"floor-decal","active":true,"titleSingle":"Film adhésif pour sol","titlePlural":"Films adhésifs pour sol","createdAt":"2023-10-30T09:41:20.759Z","updatedAt":"2024-07-17T13:39:52.869Z","properties":[{"slug":"summary_image","title":"summary image","locked":false,"options":[{"slug":"floor-decal","nullable":true,"eco":false,"name":"floor-decal"}]},{"slug":"material","title":"Support","locked":false,"options":[{"slug":"monomeric_white_matt_ijm715","name":"Monomère blanc mat avec anti-dérapant R10 - IJM715","nullable":false,"eco":false},{"slug":"polymeer_white_matt_gf285_roughmark","nullable":false,"eco":false,"name":"Polymère blanc mat - Roughmark™ 285"},{"slug":"monomeer_white_gloss_orajet_3162","name":"Monomère blanc brillant - Orajet® 3162","nullable":false,"eco":false},{"slug":"polymeer_white_gloss_orajet_3551g","name":"Polymère blanc brillant - Orajet®  3551","nullable":false,"eco":false},{"slug":"cast_white_gloss_3m_3662-10","name":"Vinyle sol coulé blanc brillant - 3M™  Scotchcal ™ 3662","nullable":false,"eco":false}]},{"slug":"finish","title":"Pelliculage","locked":false,"options":[{"slug":"geen","name":"Sans","nullable":true,"eco":false},{"slug":"floor_lamination_monomeer_anti_skid_oraguard_250as_120_mic","name":"Pelliculage sol monomère mat 120 µm R10 - Oraguard 250AS","nullable":false,"eco":false},{"slug":"floor_lamination_monomeer_anti_skid_oraguard_255as_170_mic","name":"Pelliculage sol monomère mat 170 µm R10 - Oraguard 255AS","nullable":false,"eco":false},{"slug":"floor_lamination_pvc_free_gf_213","nullable":false,"eco":true,"name":"Lamination pour sol sans PVC - GF 213 Traffic Graffic"},{"slug":"luster_cast_mat_laminate_3m_3645","name":"Pelliculage coulé mat pour sol 200 µm R9 - 3M scotchcal 3645","nullable":false,"eco":false},{"slug":"pavement_cast_mat_laminate_3m_3647","name":"Pelliculage sol coulé blanc mat 500 µm - 3M Scotchcal 3647","nullable":false,"eco":false}]},{"slug":"size","title":"Format (largeur x hauteur)","locked":false,"options":[{"slug":"30_x_20_cm","name":"30 x 20 cm","nullable":false},{"slug":"40_x_30_cm","name":"40 x 30 cm","nullable":false},{"slug":"60_x_40_cm","name":"60 x 40 cm","nullable":false},{"slug":"90_x_60_cm","name":"90 x 60 cm","nullable":false},{"slug":"100_x_100_cm","name":"100 x 100 cm","nullable":false},{"slug":"custom","nullable":false,"customSizes":{"minHeight":50,"sizeUnit":"CM","minWidth":50,"maxHeight":7500,"dimensionalAccuracy":"MM","maxWidth":1480}}]},{"slug":"copies","title":"Quantité","locked":false,"options":[{"slug":1,"nullable":false,"type":"lfp_latex_160"},{"slug":2,"nullable":false,"type":"lfp_latex_160"},{"slug":3,"nullable":false,"type":"lfp_latex_160"},{"slug":4,"nullable":false,"type":"lfp_latex_160"},{"slug":5,"nullable":false,"type":"lfp_latex_160"},{"slug":10,"nullable":false,"type":"lfp_latex_160"}]},{"slug":"designs","title":"versions","locked":false,"options":[]},{"slug":"printtype","title":"Impression","locked":false,"options":[{"slug":"00","name":"Non imprimé","nullable":false,"eco":false},{"slug":"40","name":"4/0 quadri recto","nullable":false,"eco":false}]},{"slug":"custom_shape","title":"Coupe ou découpe","locked":false,"options":[{"slug":"clean_cut_stickers","name":"Coupe droite","nullable":false,"eco":false},{"slug":"custom_shape_die_cut","name":"Découpe à la forme","nullable":false,"eco":false}]},{"slug":"printingmethod","title":"Méthode d'impression","locked":false,"options":[{"slug":"lfp_latex_160","name":"HP Latex 800","description":"HP Latex 800","nullable":false,"eco":false}]},{"slug":"urgency","title":"Urgence","locked":false,"options":[{"slug":"standard","name":"Standard","nullable":false,"eco":false},{"slug":"quick","name":"Rapide","nullable":false,"eco":false},{"slug":"urgent","name":"Urgent","nullable":false,"eco":false},{"slug":"moderate","nullable":false,"eco":false,"name":"Moderate"}]},{"slug":"packaging_extras","title":"Emballage","locked":false,"options":[{"slug":"packaging_vinyl","name":"packaging_vinyl","nullable":false,"eco":false}]}],"maxDesigns":50,"bleed":10,"hsCode":"4911100000","isAvailableInUserRegion":true,"hasAccessories":true,"accessoryExcludes":[],"excludes":[[{"options":["cast_white_gloss_3m_3662-10"],"property":"material"},{"options":["floor_lamination_monomeer_anti_skid_oraguard_250as_120_mic","floor_lamination_monomeer_anti_skid_oraguard_255as_170_mic","grafiprint_floor_graphic_laminate_floor"],"property":"finish"}],[{"property":"material","options":["monomeer_white_gloss_orajet_3162","carpet_vinyl_polymeric_white_gloss_-_prime","monomeer_white_matt_orajet_3162"]},{"property":"finish","options":["pavement_cast_mat_laminate_3m_3647","luster_cast_mat_laminate_3m_3645","grafiprint_floor_graphic_laminate_floor"]}],[{"property":"number_of_contour_lines","options":["no_contour_lines"]},{"options":["custom_shape_die_cut"],"property":"custom_shape"}],[{"options":["monomeric_white_matt_ijm715"],"property":"material"},{"options":["floor_lamination_monomeer_anti_skid_oraguard_250as_120_mic","floor_lamination_monomeer_anti_skid_oraguard_255as_170_mic","luster_cast_mat_laminate_3m_3645","pavement_cast_mat_laminate_3m_3647","grafiprint_floor_graphic_laminate_floor"],"property":"finish"}],[{"options":["geen"],"property":"finish"},{"options":["monomeer_white_gloss_orajet_3162","monomeer_white_matt_orajet_3162","cast_white_gloss_3m_3662-10","carpet_vinyl_polymeric_white_gloss_-_prime","polymeer_white_matt_orajet_3551m","polymeer_white_gloss_orajet_3551g","polymeer_white_matt_gf285_roughmark"],"property":"material"}],[{"options":["luster_cast_mat_laminate_3m_3645"],"property":"finish"},{"options":["monomeric_white_matt_ijm715","monomeer_white_gloss_orajet_3162","monomeer_white_matt_orajet_3162","carpet_vinyl_polymeric_white_gloss_-_prime"],"property":"material"}],[{"property":"custom_shape","options":["clean_cut"]},{"options":["1","2","3","4","5","6","7","8","9","10","11","12","13","14","15","16","17","18","19","20","21","22","23","24","25","more_than_25"],"property":"number_of_contour_lines"}],[{"property":"number_of_contour_lines","options":["11","12","13","14","15","16","17","18","19","20","21","22","23","24","25","more_than_25"]},{"property":"size","options":["a4","a3","custom:width:300-","custom:height:300-"]}],[{"property":"material","options":["monomeric_white_matt_ijm715","carpet_vinyl_polymeric_white_gloss_-_prime"]},{"property":"size","options":["custom:width:-1330"]}],[{"property":"material","options":["cast_white_gloss_3m_3662-10"]},{"property":"size","options":["custom:width:-1180"]}],[{"property":"material","options":["polymeer_white_matt_gf285_roughmark"]},{"property":"finish","options":["floor_lamination_monomeer_anti_skid_oraguard_250as_120_mic","floor_lamination_monomeer_anti_skid_oraguard_255as_170_mic","luster_cast_mat_laminate_3m_3645","pavement_cast_mat_laminate_3m_3647"]}],[{"property":"material","options":["monomeric_white_glossy_3m_ij20-10r"]},{"property":"finish","options":["geen","floor_lamination_monomeer_anti_skid_oraguard_250as_120_mic","floor_lamination_monomeer_anti_skid_oraguard_255as_170_mic"]}],[{"property":"finish","options":["floor_lamination_pvc_free_gf_213"]},{"property":"material","options":["monomeric_white_matt_ijm715","monomeer_white_gloss_orajet_3162","polymeer_white_gloss_orajet_3551g","cast_white_gloss_3m_3662-10"]}],[{"options":["floor_lamination_pvc_free_gf_213"],"property":"finish"},{"property":"size","options":["custom:width:-1330"]}]]}