{"sku":"flyers","active":true,"titleSingle":"Flyer","titlePlural":"Flyers","createdAt":"2023-08-21T14:09:27.080Z","updatedAt":"2024-10-07T12:12:13.958Z","properties":[{"slug":"size","title":"Format ouvert (largeur x hauteur)","locked":false,"options":[{"slug":"a2","name":"A2 - 420 x 594 mm","nullable":false},{"slug":"a3","name":"A3 - 297 x 420 mm","nullable":false},{"slug":"a3_landscape","name":"A3 paysage - 420 x 297 mm","nullable":false},{"slug":"a4","name":"A4 - 210 x 297 mm","nullable":false},{"slug":"a4_landscape","name":"A4 paysage - 297 x 210 mm","nullable":false},{"slug":"a5","name":"A5 - 148 x 210 mm","nullable":false},{"slug":"a5_landscape","name":"A5 paysage - 210 x 148 mm","nullable":false},{"slug":"a6","name":"A6 - 105 x 148 mm","nullable":false},{"slug":"a6_landscape","name":"A6 paysage - 148 x 105 mm","nullable":false},{"slug":"a7","name":"A7 - 74 x 105 mm","nullable":false},{"slug":"a7_landscape","name":"A7 paysage - 105 x 74 mm","nullable":false},{"slug":"a4_large","name":"A4 large - 148 x 420 mm","nullable":false},{"slug":"a5_large","name":"A5 large - 105 x 297 mm","nullable":false},{"slug":"a5_large_landscape","name":"A5 large paysage - 297 x 105 mm","nullable":false},{"slug":"a6_large","name":"A6 large - 74 x 210 mm","nullable":false},{"slug":"a6_large_landscape","name":"A6 large paysage - 210 x 74 mm","nullable":false},{"slug":"a7_large","name":"A7 large - 52 x 148 mm","nullable":false},{"slug":"a7_large_landscape","name":"A7 large paysage - 148 x 52 mm","nullable":false},{"slug":"a3_vierkant","name":"Carré XL - 297 x 297 mm","nullable":false},{"slug":"carre_l","name":"Carré L - 210 x 210 mm","nullable":false},{"slug":"carre_m","name":"Carré M - 148 x 148 mm","nullable":false},{"slug":"carre_card","name":"Carte carrée - 135 x 135 mm ","nullable":false},{"slug":"carre_s","name":"Carré S - 105 x 105 mm","nullable":false},{"slug":"carre_xs","name":"Carré XS - 98 x 98 mm","nullable":false},{"slug":"card_medium","name":"Carte M - 120 x 170 mm ","nullable":false},{"slug":"card_small","name":"Carte S - 80 x 130 mm","nullable":false},{"slug":"ringband","name":"Classeur à anneaux - 51 x 298 mm","nullable":false},{"slug":"ringband_small","name":"Classeur à anneaux S - 61 x 192 mm","nullable":false},{"slug":"ringband_xsmall","name":"Classeur à anneaux XS - 38 x 192 mm","nullable":false},{"slug":"1/3_a3","name":"1/3 A3 - 140 x 297 mm","nullable":false},{"slug":"1/3_a4","name":"1/3 A4 -  99 x 210 mm","nullable":false},{"slug":"1/3_a5","name":"1/3 A5 - 70 x 148 mm","nullable":false},{"slug":"din_large","name":"Din large - 98 x 210 mm","nullable":false},{"slug":"din_large_landscape","name":"Din large paysage - 210 x 98 mm","nullable":false},{"slug":"din_large_plus","name":"Din large+ - 99 x 210 mm","nullable":false},{"slug":"din_large_plus_landscape","name":"Din large+ paysage - 210 x 99 mm","nullable":false},{"slug":"us_large","name":"US large - 105 x 210 mm","nullable":false},{"slug":"us_large_landscape","name":"US large paysage - 210 x 105 mm","nullable":false},{"slug":"custom","nullable":false,"customSizes":{"minHeight":40,"minWidth":40,"maxHeight":700,"maxWidth":930}},{"slug":"300_x_400_mm","name":"300 x 400 mm","nullable":false}]},{"slug":"material","title":"Support","locked":false,"options":[{"slug":"90gr_hv_bankpost","name":"Bankpost offset  non couché 90 g/m²","nullable":false,"eco":false},{"slug":"100gr_hv_bankpost","name":"Bankpost offset blanc non couché 100 g/m²","nullable":false,"eco":false},{"slug":"115gr_gesatineerd_mc","name":"Couché brillant 115 g/m²","nullable":false,"eco":false},{"slug":"135gr_gesatineerd_mc","name":"Couché brillant 135 g/m²","nullable":false,"eco":false},{"slug":"170gr_gesatineerd_mc","name":"Couché brillant 170 g/m²","nullable":false,"eco":false},{"slug":"250gr_gesatineerd_mc","name":"Couché brillant 250 g/m²","nullable":false,"eco":false},{"slug":"300gr_gesatineerd_mc","name":"Couché brillant 300 g/m²","nullable":false,"eco":false},{"slug":"350gr_gesatineerd_mc","name":"Couché brillant 350 g/m²","nullable":false,"eco":false},{"slug":"400gr_gesatineerd_mc","name":"Couché brillant 400 g/m²","nullable":false,"eco":false},{"slug":"115gr_silk_mc","name":"Couché demi-mat (silk) 115 g/m²","nullable":false,"eco":false},{"slug":"135gr_silk_mc","name":"Couché demi-mat (silk) 135 g/m²","nullable":false,"eco":false},{"slug":"170gr_silk_mc","name":"Couché demi-mat (silk) 170 g/m²","nullable":false,"eco":false},{"slug":"250gr_silk_mc","name":"Couché demi-mat (silk) 250 g/m²","nullable":false,"eco":false},{"slug":"300gr_silk_mc","name":"Couché demi-mat (silk) 300 g/m²","nullable":false,"eco":false},{"slug":"350gr_silk_mc","name":"Couché demi-mat (silk) 350 g/m²","nullable":false,"eco":false},{"slug":"400gr_silk_mc","name":"Couché demi-mat (silk) 400 g/m²","nullable":false,"eco":false},{"slug":"90gr_recystar_nature","name":"Recystar® Nature 90 g/m²","nullable":false,"eco":true},{"slug":"120gr_recystar_nature","name":"Recystar Nature 120 g/m²","nullable":false,"eco":true},{"slug":"170gr_recystar_nature","name":"Recystar® Nature 170 g/m²","nullable":false,"eco":true},{"slug":"300gr_recystar_nature","name":"Recystar® Nature 300 g/m²","nullable":false,"eco":true},{"slug":"90gr_biotop","name":"Bio Top 3® naturel 90 g/m²","nullable":false,"eco":true},{"slug":"120gr_biotop","name":"Bio Top 3® naturel 120 g/m²","nullable":false,"eco":true},{"slug":"160gr_biotop","name":"Bio Top 3® naturel 160 g/m²","nullable":false,"eco":true},{"slug":"250gr_biotop","name":"Bio Top 3® naturel 250 g/m²","nullable":false,"eco":true},{"slug":"300gr_biotop","name":"Bio Top 3® naturel 300 g/m²","nullable":false,"eco":true},{"slug":"90gr_hvo","name":"Offset non couché 90 g/m²","nullable":false,"eco":false},{"slug":"120gr_hvo","name":"Offset non couché 120 g/m²","nullable":false,"eco":false},{"slug":"170gr_hvo","name":"Offset  non couché 170 g/m²","nullable":false,"eco":false},{"slug":"250gr_hvo","name":"Offset non couché 250 g/m²","nullable":false,"eco":false},{"slug":"300gr_hvo","name":"Offset non couché 300 g/m²","nullable":false,"eco":false},{"slug":"350gr_hvo","name":"Offset non couché 350 g/m²","nullable":false,"eco":false},{"slug":"300gr_hvo_nk","name":"Carton naturel offset non couché 300 g/m²","nullable":false,"eco":false},{"slug":"350gr_hvo_nk","name":"Carton naturel offset non couché 350 g/m²","nullable":false,"eco":false},{"slug":"400gr_hvo_nk","name":"Carton naturel offset non couhcé 400 g/m²","nullable":false,"eco":false},{"slug":"300gr_sbs_symbol_card","name":"Symbol card 300 g/m², couché 1 face","nullable":false,"eco":false},{"slug":"350gr_sbs_invercote","name":"350 g/m² Invercote® G - couché 1 face","nullable":false,"eco":false},{"slug":"350gr_sbd_invercote","name":"Carte Invercote® 350 g/m², couché 2 faces","nullable":false,"eco":false},{"slug":"300gr_sbs","name":"Carte Multicard® 300 g/m², couché 1 face","nullable":false,"eco":false},{"slug":"350gr_sbs","name":"Carte Multicard® 350 g/m², couché 1 face","nullable":false,"eco":false},{"slug":"400gr_sbd","name":"Carte MultiCard® 400 g/m², couché 2 faces","nullable":false,"eco":false},{"slug":"110gr_cromatico","name":"Papier  calque 110 g/m² (semi-transparent)","nullable":false,"eco":false},{"slug":"150gr_cromatico","name":"Papier calque 150 g/m² (semi-transparent)","nullable":false,"eco":false},{"slug":"200gr_cromatico","name":"Papier calque 200 g/m² (semi-transparent)","nullable":false,"eco":false},{"slug":"280gr_linnen","name":"Constellation Snow 280 g/m² ","nullable":false,"eco":false},{"slug":"250gr_tintoretto_gesso","name":"Tintoretto Gesso 250 g/m² (martelé)","nullable":false,"eco":false},{"slug":"300gr_tintoretto_gesso","name":"Tintoretto Gesso 300 g/m² (martelé)","nullable":false,"eco":false},{"slug":"350gr_metallic_white","name":"Sirio Pearl Blanc 350 g/m²","nullable":false,"eco":false},{"slug":"300gr_metallic_white","name":"Sirio Pearl Blanc 300 g/m²","nullable":false,"eco":false},{"slug":"300gr_metallic_pearl","name":"Sirio Pearl Polaire 300 g/m²","nullable":false,"eco":false},{"slug":"300gr_metallic_gold","name":"Sirio Pearl Or 300 g/m²","nullable":false,"eco":false},{"slug":"300gr_metallic_silver","name":"Sirio Pearl Argent 300 g/m²","nullable":false,"eco":false},{"slug":"290gr_sirio_color_nero","name":"Sirio Color Nero 290 g/m²","nullable":false,"eco":false},{"slug":"90gr_paperwise_earth_pact_natural","name":"Paperwise® Earth Pact Natural 90 g/m²","nullable":false,"eco":true},{"slug":"150gr_paperwise_earth_pact_natural","name":"Paperwise® Earth Pact Natural 150 g/m²","nullable":false,"eco":true},{"slug":"295gr_paperwise_earth_pact_natural","name":"Paperwise® Earth Pact Natural 295 g/m²","nullable":false,"eco":true},{"slug":"80gr_recyclingpaper_rebello_or_vivus_89","name":"Rebello 80 g/m², 100% recyclé","nullable":false,"eco":true},{"slug":"90gr_recyclingpaper_rebello_or_vivus_89","name":"Rebello 90 g/m², 100% recyclé","nullable":false,"eco":true},{"slug":"135gr_recyclingpaper_rebello_or_vivus_89","name":"Rebello 135 g/m², 100% recyclé","nullable":false,"eco":true},{"slug":"170gr_recyclingpaper_rebello_or_vivus_89","name":"Rebello 170 g/m², 100% recyclé","nullable":false,"eco":true},{"slug":"300gr_recyclingpaper_rebello_or_vivus_89","name":"Rebello 300 g/m², 100% recyclé","nullable":false,"eco":true},{"slug":"90gr_recystar","name":"BalancePure® 90 g/m²","nullable":false,"eco":true},{"slug":"120gr_recystar","name":"BalancePure® 120 g/m²","nullable":false,"eco":true},{"slug":"170gr_recystar","name":"BalancePure® 170 g/m²","nullable":false,"eco":true},{"slug":"300gr_recystar","name":"BalancePure® 300 g/m²","nullable":false,"eco":true},{"slug":"290gr_kraft_muskat","name":"Kraft Muskat Brown 290 g/m²","nullable":false,"eco":true},{"slug":"300gr_conqueror_vergé_(crème)_high_white","name":"Conqueror vergé naturel 300 g/m², blanc","nullable":false,"eco":false},{"slug":"300gr_king_board_white","name":"300 g/m² King board","nullable":false,"eco":false},{"slug":"300gr_cotton_max_white","name":"Gmund Cotton 300 g/m² - Max White","nullable":false,"eco":false},{"slug":"300gr_cotton_linen_cream","name":"Gmund Cotton 300 g/m² - Linen Cream","nullable":false,"eco":false},{"slug":"300gr_cotton_new_grey","name":"Gmund Cotton 300 g/m² - New Grey","nullable":false,"eco":false},{"slug":"300gr_cotton_gentlemen_blue","name":"Gmund Cotton 300 g/m² - Gentlemen Blue","nullable":false,"eco":false},{"slug":"170gr_synaps","name":"Synapse® 170 g/m² - résistant à l'eau et aux déchirures","nullable":false,"eco":false},{"slug":"300gr_synaps","name":"Synapse® 300 g/m² - résistant à l'eau et aux déchirures","nullable":false,"eco":false},{"slug":"158gr_yupo_blue","name":"YUPOBlue® 158 g/m² - résistant à l'eau et aux déchirures","nullable":false,"eco":false},{"slug":"200gr_yupo_blue","name":"YUPOBlue® 200 g/m² - résistant à l'eau et aux déchirures","nullable":false,"eco":false},{"slug":"234gr_yupo_blue","name":"YUPOBlue® 234 g/m² - résistant à l'eau et aux déchirures","nullable":false,"eco":false},{"slug":"276gr_yupo_blue","name":"YUPOBlue® 276 g/m² - résistant à l'eau et aux déchirures","nullable":false,"eco":false},{"slug":"319gr_yupo_blue","name":"YUPOBlue® 319 g/m² - résistant à l'eau et aux déchirures","nullable":false,"eco":false},{"slug":"115gr_teslin","nullable":false,"eco":false,"name":"Teslin® 115 g/m² - résistant à l'eau et aux déchirures"},{"slug":"167gr_teslin","nullable":false,"eco":false,"name":"Teslin® 167 g/m² - résistant à l'eau et aux déchirures"},{"slug":"243gr_teslin","nullable":false,"eco":false,"name":"Teslin® 243 g/m² - résistant à l'eau et aux déchirures"}]},{"slug":"printtype","title":"Impression","locked":false,"options":[{"slug":"40","name":"4/0 quadri recto","nullable":false,"eco":false},{"slug":"44","name":"4/4 quadri recto/verso","nullable":false,"eco":false},{"slug":"50_full_color_plus_white","name":"5/0 quadri + blanc","nullable":false,"eco":false},{"slug":"55_full_color_plus_white","name":"5/5 quadri + blanc","nullable":false,"eco":false}]},{"slug":"finish","title":"Pelliculage","locked":false,"options":[{"slug":"geen","name":"Sans","nullable":true,"eco":false},{"slug":"single_sided_gloss_lamination","name":"Pelliculage brillant recto seul","nullable":false,"eco":false},{"slug":"single_sided_matt_lamination","name":"Pelliculage mat recto seul","nullable":false,"eco":false},{"slug":"double_sided_gloss_lamination","name":"Pelliculage brillant recto/verso","nullable":false,"eco":false},{"slug":"double_sided_matt_lamination","name":"Pelliculage mat recto/verso","nullable":false,"eco":false},{"slug":"single_soft_touch_lamination","name":"Pelliculage mat Soft Touch® (aspect velours) recto seul","nullable":false,"eco":false},{"slug":"double_soft_touch_lamination","name":"Pelliculage mat Soft Touch® (aspect velours) recto/verso","nullable":false,"eco":false},{"slug":"single_sided_scratch_resistant_laminate","name":"Pelliculage mat anti-rayures recto seul","nullable":false,"eco":false},{"slug":"double_sided_scratch_resistant_laminate","name":"Pelliculage mat anti-rayures recto/verso","nullable":false,"eco":false},{"slug":"single_sided_linen_lamination","name":"Pelliculage mat aspect lin recto seul","nullable":false,"eco":false},{"slug":"double_sided_linen_lamination","name":"Pelliculage mat aspect lin recto/verso","nullable":false,"eco":false}]},{"slug":"spot_finish","title":"Vernis UV sélectif ou Dorure 3D recto","locked":false,"options":[{"slug":"none","name":"Sans","nullable":true,"eco":false},{"slug":"foil_gold","name":"Dorure or","nullable":false,"eco":false},{"slug":"foil_silver","name":"Dorure argent","nullable":false,"eco":false},{"slug":"foil_rose","name":"Dorure or rosé","nullable":false,"eco":false},{"slug":"foil_copper","name":"Dorure cuivre","nullable":false,"eco":false},{"slug":"foil_glitter","name":"Dorure pailletée","nullable":false,"eco":false},{"slug":"foil_rainbow","name":"Dorure arc-en-ciel","nullable":false,"eco":false},{"slug":"embossed_partial_gloss_40","name":"Vernis sélectif UV brillant épaississant 3D (40 µm)","nullable":false,"eco":false},{"slug":"embossed_partial_gloss_80","name":"Vernis sélectif UV brillant épaississant 3D (80 µm)","nullable":false,"eco":false}]},{"slug":"spot_finish_back","title":"Vernis UV sélectif ou Dorure 3D verso","locked":false,"options":[{"slug":"none","name":"Sans","nullable":true,"eco":false},{"slug":"foil_gold","name":"Dorure or","nullable":false,"eco":false},{"slug":"foil_silver","name":"Dorure argent","nullable":false,"eco":false},{"slug":"foil_rose","name":"Dorure or rosé","nullable":false,"eco":false},{"slug":"foil_copper","name":"Dorure cuivre","nullable":false,"eco":false},{"slug":"foil_glitter","name":"Dorure pailletée","nullable":false,"eco":false},{"slug":"foil_rainbow","name":"Dorure arc-en-ciel","nullable":false,"eco":false},{"slug":"embossed_partial_gloss_40","name":"Vernis sélectif UV brillant épaississant 3D (40 µm)","nullable":false,"eco":false},{"slug":"embossed_partial_gloss_80","name":"Vernis sélectif UV brillant épaississant 3D (80 µm)","nullable":false,"eco":false}]},{"slug":"copies","title":"Quantité","locked":false,"options":[{"slug":10,"nullable":false,"type":"digital"},{"slug":50,"nullable":false,"type":"digital"},{"slug":100,"nullable":false,"type":"digital"},{"slug":250,"nullable":false,"type":"digital"}]},{"slug":"clean_cut","title":"Coupe au format","locked":true,"options":[{"slug":"no","name":"Non","nullable":true,"eco":false},{"slug":"yes","name":"Oui","nullable":false,"eco":false}]},{"slug":"variable_creasing_line","title":"Lignes de rainage parallèle","locked":false,"options":[{"slug":"none","name":"Pas de ligne de rainage","nullable":true,"eco":false},{"slug":"1","name":"1 ligne de rainage","nullable":false,"eco":false},{"slug":"2","name":"2 lignes de rainage","nullable":false,"eco":false},{"slug":"3","name":"3 lignes de rainage","nullable":false,"eco":false},{"slug":"4","name":"4 lignes de rainage","nullable":false,"eco":false},{"slug":"5","name":"5 lignes de rainage","nullable":false,"eco":false}]},{"slug":"perforation","title":"Micro-perforations parallèle","locked":false,"options":[{"slug":"none","name":"Pas de ligne de perforation","nullable":true,"eco":false},{"slug":"1_perforation_line","name":"1 ligne de perforations","nullable":false,"eco":false},{"slug":"2_perforation_lines","name":"2 lignes de perforations","nullable":false,"eco":false},{"slug":"3_perforation_lines","name":"3 lignes perforations","nullable":false,"eco":false},{"slug":"4_perforation_lines","name":"4 lignes perforations","nullable":false,"eco":false}]},{"slug":"personalize","title":"Personnalisation unitaire (max. 1 design)","locked":false,"options":[{"slug":"none","name":"Sans","nullable":true,"eco":false},{"slug":"numbering","name":"Numéroter 1 x ","nullable":false,"eco":false},{"slug":"personalize_from_excel","name":"A partir d'un fichier Excel ","nullable":false,"eco":false}]},{"slug":"die_cut","title":"Forme de découpe personnalisée","locked":false,"options":[{"slug":"no","name":"Non","nullable":true,"eco":false},{"slug":"yes","name":"Oui","nullable":false,"eco":false}]},{"slug":"drillholes","title":"Perforations (trous)","locked":false,"options":[{"slug":"none","name":"Sans","nullable":true,"eco":false},{"slug":"one_drillhole_3mm","name":"1 x 3 mm","nullable":false,"eco":false},{"slug":"two_drillholes_3mm","name":"2 x 3 mm","nullable":false,"eco":false},{"slug":"three_drillholes_3mm","name":"3 x 3 mm","nullable":false,"eco":false},{"slug":"four_drillholes_3mm","name":"4 x 3 mm","nullable":false,"eco":false},{"slug":"one_drillhole_4mm","name":"1 x 4 mm","nullable":false,"eco":false},{"slug":"two_drillholes_4mm","name":"2 x 4 mm","nullable":false,"eco":false},{"slug":"one_drillhole_5mm","name":"1 x 5 mm","nullable":false,"eco":false},{"slug":"two_drillholes_5mm","name":"2 x 5 mm","nullable":false,"eco":false},{"slug":"one_drillhole","name":"1 x 6 mm","nullable":false,"eco":false},{"slug":"two_drillholes","name":"2 x 6 mm","nullable":false,"eco":false},{"slug":"three_drillholes","name":"3 x 6 mm","nullable":false,"eco":false},{"slug":"four_drillholes","name":"4 x 6 mm","nullable":false,"eco":false},{"slug":"one_drillhole_8mm","name":"1 x 8 mm","nullable":false,"eco":false},{"slug":"two_drillhole_8mm","name":"2 x 8 mm","nullable":false,"eco":false},{"slug":"three_drillhole_8mm","name":"3 x 8 mm","nullable":false,"eco":false},{"slug":"four_drillhole_8mm","name":"4 x 8 mm","nullable":false,"eco":false},{"slug":"one_drillhole_9mm","name":"1 x 9 mm","nullable":false,"eco":false},{"slug":"two_drillholes_9mm","name":"2 x 9 mm","nullable":false,"eco":false},{"slug":"three_drillholes_9mm","name":"3 x 9 mm","nullable":false,"eco":false},{"slug":"four_drillholes_9mm","name":"4 x 9 mm","nullable":false,"eco":false},{"slug":"one_drillhole_10mm","name":"1 x 10 mm","nullable":false,"eco":false},{"slug":"two_drillholes_10mm","name":"2 x 10 mm","nullable":false,"eco":false},{"slug":"three_drillholes_10mm","name":"3 x 10 mm","nullable":false,"eco":false},{"slug":"four_drillholes_10mm","name":"4 x 10 mm","nullable":false,"eco":false}]},{"slug":"rounded_corners","title":"Coins arrondis","locked":false,"options":[{"slug":"none","name":"Sans","nullable":true,"eco":false},{"slug":"3,5_mm_radius","name":"3,5 mm de rayon","nullable":false,"eco":false},{"slug":"7_mm_radius","name":"7 mm de rayon","nullable":false,"eco":false}]},{"slug":"delivery","title":"Poids maximum des colis (voir 'Frais de transport')","locked":false,"options":[{"slug":"box_max_weight_15_kg","name":"15 kg par boîte","nullable":false,"eco":false},{"slug":"box_max_weight_25_kg","name":"25 kg par boîte","nullable":true,"eco":false},{"slug":"luxury_poster_packaging","name":"Enroulé sur tube, puis dans du papier et en boîte","nullable":false,"eco":false}]},{"slug":"pallet_delivery","title":"Livraison sur palette","locked":false,"options":[{"slug":"none","name":"sans","nullable":true},{"slug":"bundle_random_no_boxes","name":"Conditionnement sous liens croisés (sans comptage), puis mise sur palette","nullable":false},{"slug":"bundle_250_no_boxes","name":"Conditionnement par 250 sous liens croisés, puis mise sur palette","nullable":false},{"slug":"bundle_250_boxes","name":"Conditionnement par 250 sous liens croisés, puis mise en boîtes","nullable":false},{"slug":"bundle_500_no_boxes","name":"Conditionnement par 500 sous liens croisés, puis mise sur palette","nullable":false},{"slug":"bundle_500_boxes","name":"Conditionnement par 500 sous liens croisés, puis mise en boîtes","nullable":false}]},{"slug":"sealed","title":"Lots sous film","locked":false,"options":[{"slug":"none","name":"Ne pas sceller","nullable":true,"eco":false},{"slug":"25","name":"par 25","nullable":false,"eco":false},{"slug":"50","name":"par 50","nullable":false,"eco":false},{"slug":"100","name":"par 100","nullable":false,"eco":false},{"slug":"250","name":"par 250","nullable":false,"eco":false},{"slug":"500","name":"par 500","nullable":false,"eco":false}]},{"slug":"bundle","title":"Lots sous bandelette kraft","locked":false,"options":[{"slug":"bundle_per_25","name":"par 25","nullable":false,"eco":false},{"slug":"bundle_per_50","name":"par 50","nullable":false,"eco":false},{"slug":"bundle_per_100","name":"par 100","nullable":false,"eco":false},{"slug":"bundle_per_250","name":"par 250","nullable":false,"eco":false},{"slug":"bundle_per_500","name":"par 500","nullable":false,"eco":false}]},{"slug":"urgency","title":"Urgence","locked":false,"options":[{"slug":"quick","name":"Rapide","nullable":false,"eco":false},{"slug":"standard","name":"Standard","nullable":false,"eco":false},{"slug":"urgent","name":"Urgent","nullable":false,"eco":false},{"slug":"moderate","nullable":false,"eco":false,"name":"Moderate"}]},{"slug":"specific_customer_options","locked":false,"options":[{"slug":"ferket_b2_packaging","name":"Emballez les affiches individuellement dans une chemise en carton ondulé, scotchez-les tout autour et collez une étiquette.","nullable":false}],"title":"Specific customer options"},{"slug":"standard_bundle","title":"Empaqueter","locked":false,"options":[{"slug":"yes","name":"Mettre en lots","nullable":false},{"slug":"no","name":"No","nullable":true}]},{"slug":"cross_bundle","title":"Conditionnement sous liens croisés","locked":false,"options":[{"slug":"yes","name":"Conditionnement en lots sous liens croisés","nullable":false},{"slug":"no","name":"non","nullable":true}]},{"slug":"sheet_size","title":"Format fini (Largeur x Hauteur)","locked":false,"options":[{"slug":"small_indigo_sheet","name":"petite feuille d'indigo","nullable":false,"eco":false},{"slug":"large_indigo_sheet","name":"grande feuille d'indigo","nullable":false,"eco":false},{"slug":"not_defined","name":"non défini","nullable":false,"eco":false}]},{"slug":"printingmethod","title":"Méthode d'impression","locked":false,"options":[{"slug":"digital","name":"Digital","nullable":false,"eco":false},{"slug":"inkjet","name":"Jet d'encre","description":"varioPRINT iX-serie inkjet","nullable":false,"eco":false},{"slug":"offset","name":"Offset","nullable":false,"eco":false}]},{"slug":"box_delivery","locked":false,"options":[{"slug":"15","nullable":false,"eco":false,"name":"15"}],"title":"box_delivery"}],"maxDesigns":50,"bleed":1.5,"hsCode":"4911109000","isAvailableInUserRegion":true,"hasAccessories":false,"accessoryExcludes":[],"excludes":[[{"options":["115gr_gesatineerd_mc","150gr_gesatineerd_mc","200gr_gesatineerd_mc","300gr_gesatineerd_mc","115gr_silk_mc","150gr_silk_mc","200gr_silk_mc","115gr_recycled","170gr_recycled","240gr_sbs","350gr_sbs","500gr_sbd","250gr_tintoretto_gesso","280gr_linnen","280gr_kraft","381gr_kraft","300gr_metallic_white","300gr_metallic_pearl","300gr_metallic_gold","300gr_ice_silver_metallic","140gr_yupo_static_foil","300gr_yupo_blue_ypi","350gr_yupo_blue_ypi","300gr_tintoretto_gesso","350gr_metallic_white","300gr_metallic_silver","290gr_sirio_color_nero","350gr_sbd","250gr_sirio_materica_clay","290gr_sirio_color_pietra","400gr_sbd","200gr_yupo","250gr_yupo","400gr_yupo","350gr_hvo","300gr_cotton_max_white","300gr_cotton_linen_cream","300gr_cotton_new_grey","300gr_cotton_gentlemen_blue","300gr_conqueror_vergé_(crème)_high_white","300gr_conqueror_vergé_diamond_white","90gr_gesatineerd_mc","90gr_silk_mc","100gr_hv_bankpost","400gr_gesatineerd_mc","300gr_sbs","90gr_paperwise_earth_pact_natural","150gr_paperwise_earth_pact_natural","295gr_paperwise_earth_pact_natural","90gr_recystar","120gr_recystar","170gr_recystar","300gr_recystar","90gr_recystar_nature","120gr_recystar_nature","170gr_synaps","400gr_hvo_nk","70gr_hvo","80gr_hvo","350gr_atelier","290gr_kraft_muskat","440gr_kraft_muskat","120gr_hvo","300gr_recystar_nature","350gr_gesatineerd_mc","350gr_silk_mc","250gr_hvo","300gr_king_board_white","110gr_cromatico","150gr_cromatico","200gr_cromatico","170gr_recystar_nature","300gr_sbs_symbol_card","350gr_sbs_invercote","200gr_yupo_blue","234gr_yupo_blue","276gr_yupo_blue","319gr_yupo_blue","90gr_recyclingpaper_rebello_or_vivus_89","350gr_sbd_invercote","300gr_synaps","158gr_yupo_blue","115gr_teslin","167gr_teslin","243gr_teslin"],"property":"material"},{"options":["offset"],"property":"printingmethod"}],[{"options":["single_sided_gloss_lamination","single_sided_matt_lamination","single_soft_touch_lamination","single_sided_scratch_resistant_laminate","single_sided_linen_lamination"],"property":"finish"},{"options":["double_sided_embossed_partial_gloss_40","double_sided_partial_gloss","double_sided_partial_gloss_plus_foil_gold","double_sided_partial_gloss_plus_foil_silver","double_sided_partial_gloss_plus_foil_copper","double_sided_embossed_partial_gloss_40_plus_foil_gold","double_sided_embossed_partial_gloss_40_plus_foil_silver","double_sided_embossed_partial_gloss_40_plus_foil_copper","double_sided_embossed_partial_gloss_80","double_sided_foil_gold","double_sided_foil_silver","double_sided_foil_copper","double_sided_foil_rose","double_sided_foil_rainbow","double_sided_foil_glitter"],"property":"spot_finish"}],[{"property":"printingmethod","options":["offset"]},{"property":"finish","options":["double_sided_matt_lamination"]},{"options":["90gr_gesatineerd_mc","115gr_gesatineerd_mc","135gr_gesatineerd_mc","150gr_gesatineerd_mc","170gr_gesatineerd_mc","200gr_gesatineerd_mc","300gr_gesatineerd_mc","350gr_gesatineerd_mc","115gr_silk_mc","90gr_silk_mc","135gr_silk_mc","150gr_silk_mc","170gr_silk_mc","200gr_silk_mc","350gr_silk_mc","90gr_eco","115gr_recycled","170gr_recycled","90gr_biotop","120gr_biotop","160gr_biotop","250gr_biotop","300gr_biotop","90gr_hv_offset","120gr_hvo","170gr_hvo","250gr_hvo","300gr_hvo","240gr_sbs","350gr_sbs","500gr_sbd","250gr_tintoretto_gesso","280gr_linnen","280gr_kraft","381gr_kraft","300gr_metallic_white","300gr_metallic_pearl","300gr_metallic_gold","300gr_ice_silver_metallic","300gr_zwart","140gr_yupo_static_foil","90gr_recycled","300gr_recycled","350gr_sbd","300gr_tintoretto_gesso","350gr_metallic_white","300gr_metallic_silver","120gr_recycled","160gr_recycled","90gr_hvo","290gr_sirio_color_pietra","250gr_sirio_materica_clay","290gr_sirio_color_nero","400gr_sbd","200gr_yupo","250gr_yupo","300gr_yupo_blue_ypi","350gr_yupo_blue_ypi","400gr_yupo","350gr_hvo","300gr_hvo_nk","350gr_hvo_nk","90gr_recystar","120gr_recystar","170gr_recystar","300gr_recystar","300gr_sbs","90gr_recystar_nature","120gr_recystar_nature","170gr_recystar_nature","300gr_recystar_nature","300gr_sbs_symbol_card","170gr_synaps","300gr_conqueror_vergé_(crème)_high_white","300gr_conqueror_vergé_diamond_white","90gr_hv_bankpost","100gr_hv_bankpost","400gr_hvo_nk","350gr_atelier","290gr_kraft_muskat","440gr_kraft_muskat","300gr_sbs_invercote","200gr_yupo_blue","234gr_yupo_blue","276gr_yupo_blue","319gr_yupo_blue","300gr_synaps"],"property":"material"}],[{"options":["offset"],"property":"printingmethod"},{"options":["geen"],"property":"finish"},{"options":["500gr_sbd","350gr_sbs","240gr_sbs","350gr_sbd","400gr_sbd","300gr_sbs","350gr_atelier","350gr_sbs_invercote"],"property":"material"}],[{"options":["single_sided_gloss_lamination","single_sided_matt_lamination","double_sided_gloss_lamination","double_sided_matt_lamination"],"property":"finish"},{"options":["offset"],"property":"printingmethod"},{"options":["90gr_gesatineerd_mc","135gr_gesatineerd_mc","115gr_gesatineerd_mc","170gr_gesatineerd_mc","300gr_gesatineerd_mc","350gr_gesatineerd_mc","90gr_silk_mc","115gr_silk_mc","170gr_silk_mc","135gr_silk_mc","350gr_silk_mc","90gr_recycled","115gr_recycled","170gr_recycled","300gr_recycled","90gr_biotop","120gr_biotop","160gr_biotop","250gr_biotop","300gr_biotop","90gr_hv_offset","120gr_hvo","170gr_hvo","250gr_hvo","300gr_hvo","250gr_tintoretto_gesso","300gr_tintoretto_gesso","280gr_linnen","280gr_kraft","381gr_kraft","300gr_metallic_white","350gr_metallic_white","300gr_metallic_pearl","300gr_metallic_gold","300gr_metallic_silver","140gr_yupo_static_foil","300gr_yupo_blue_ypi","350gr_yupo_blue_ypi","90gr_hvo","120gr_recycled","160gr_recycled","200gr_yupo","250gr_yupo","400gr_yupo","90gr_paperwise_earth_pact_natural","150gr_paperwise_earth_pact_natural","295gr_paperwise_earth_pact_natural","350gr_hvo","300gr_hvo_nk","350gr_hvo_nk","90gr_recystar","120gr_recystar","170gr_recystar","300gr_recystar","90gr_recystar_nature","120gr_recystar_nature","170gr_recystar_nature","300gr_recystar_nature","90gr_hv_bankpost","100gr_hv_bankpost","400gr_hvo_nk","290gr_kraft_muskat","440gr_kraft_muskat","250gr_silk_mc","250gr_gesatineerd_mc","200gr_yupo_blue","234gr_yupo_blue","276gr_yupo_blue","319gr_yupo_blue","300gr_synaps"],"property":"material"}],[{"options":["double_sided_gloss_lamination","double_sided_matt_lamination","double_soft_touch_lamination","double_sided_scratch_resistant_laminate","double_sided_linen_lamination"],"property":"finish"},{"property":"material","options":["350gr_sbs","240gr_sbs","300gr_sbs","170gr_gesatineerd_mc","170gr_silk_mc","170gr_hvo","160gr_biotop","170gr_recystar","170gr_recystar_nature","120gr_recystar_nature","120gr_recystar","150gr_paperwise_earth_pact_natural","170gr_synaps","120gr_hvo","120gr_biotop","135gr_silk_mc","115gr_silk_mc","135gr_gesatineerd_mc","115gr_gesatineerd_mc","100gr_hv_bankpost","70gr_hvo","80gr_hvo","90gr_hv_bankpost","90gr_gesatineerd_mc","90gr_silk_mc","90gr_biotop","90gr_hvo","280gr_linnen","250gr_tintoretto_gesso","300gr_tintoretto_gesso","90gr_paperwise_earth_pact_natural","90gr_recystar_nature","440gr_kraft_muskat","290gr_kraft_muskat","300gr_conqueror_vergé_diamond_white","300gr_conqueror_vergé_(crème)_high_white","300gr_cotton_gentlemen_blue","300gr_cotton_new_grey","300gr_cotton_linen_cream","300gr_cotton_max_white","500gr_sbd","300gr_sbs_symbol_card","300gr_sbs_invercote","350gr_sbs_invercote","300gr_synaps"]}],[{"options":["90gr_recycled","120gr_recycled","90gr_biotop","120gr_biotop","90gr_hvo","120gr_hvo","280gr_linnen","250gr_tintoretto_gesso","280gr_kraft","381gr_kraft","140gr_yupo_static_foil","90gr_paperwise_earth_pact_natural","150gr_paperwise_earth_pact_natural","90gr_recystar","120gr_recystar","200gr_yupo","90gr_recystar_nature","120gr_recystar_nature","300gr_conqueror_vergé_(crème)_high_white","300gr_conqueror_vergé_diamond_white","90gr_hv_bankpost","100gr_hv_bankpost","250gr_sirio_materica_clay","290gr_sirio_color_pietra","290gr_sirio_color_nero","300gr_tintoretto_gesso","70gr_hvo","80gr_hvo","290gr_kraft_muskat","440gr_kraft_muskat","300gr_cotton_max_white","300gr_cotton_gentlemen_blue","300gr_cotton_new_grey","300gr_cotton_linen_cream","300gr_recyclingpaper_rebello_or_vivus_89","170gr_recyclingpaper_rebello_or_vivus_89","135gr_recyclingpaper_rebello_or_vivus_89","80gr_recyclingpaper_rebello_or_vivus_89","90gr_recyclingpaper_rebello_or_vivus_89","158gr_yupo_blue","200gr_yupo_blue"],"property":"material"},{"options":["single_sided_gloss_lamination","double_sided_gloss_lamination","single_sided_matt_lamination","double_sided_matt_lamination","single_soft_touch_lamination","double_soft_touch_lamination","single_sided_scratch_resistant_laminate","double_sided_scratch_resistant_laminate","double_sided_linen_lamination","single_sided_linen_lamination"],"property":"finish"}],[{"options":["55_full_color_plus_white","50_full_color_plus_white"],"property":"printtype"},{"options":["90gr_gesatineerd_mc","115gr_gesatineerd_mc","135gr_gesatineerd_mc","170gr_gesatineerd_mc","250gr_gesatineerd_mc","300gr_gesatineerd_mc","350gr_gesatineerd_mc","400gr_gesatineerd_mc","90gr_silk_mc","115gr_silk_mc","135gr_silk_mc","170gr_silk_mc","250gr_silk_mc","300gr_silk_mc","350gr_silk_mc","400gr_silk_mc","90gr_recycled","120gr_recycled","160gr_recycled","300gr_recycled","90gr_biotop","160gr_biotop","120gr_biotop","250gr_biotop","300gr_biotop","90gr_hvo","120gr_hvo","170gr_hvo","250gr_hvo","300gr_hvo","240gr_sbs","300gr_sbs","350gr_sbd","500gr_sbd","280gr_linnen","300gr_tintoretto_gesso","250gr_tintoretto_gesso","300gr_yupo_blue_ypi","140gr_yupo_static_foil","350gr_yupo_blue_ypi","400gr_sbd","200gr_yupo","250gr_yupo","400gr_yupo","350gr_hvo","300gr_hvo_nk","350gr_hvo_nk","300gr_sbs_symbol_card","170gr_synaps","300gr_conqueror_vergé_diamond_white","300gr_conqueror_vergé_(crème)_high_white","90gr_hv_bankpost","100gr_hv_bankpost","350gr_sbs","400gr_hvo_nk","80gr_hvo","70gr_hvo","350gr_atelier","90gr_recystar_nature","120gr_recystar_nature","170gr_recystar_nature","300gr_recystar_nature","90gr_recystar","120gr_recystar","170gr_recystar","300gr_recystar","300gr_king_board_white","80gr_recyclingpaper_rebello_or_vivus_89","170gr_recyclingpaper_rebello_or_vivus_89","300gr_recyclingpaper_rebello_or_vivus_89","135gr_recyclingpaper_rebello_or_vivus_89","350gr_sbs_invercote","200gr_yupo_blue","234gr_yupo_blue","276gr_yupo_blue","319gr_yupo_blue","90gr_recyclingpaper_rebello_or_vivus_89","350gr_sbd_invercote","300gr_cotton_max_white","300gr_cotton_linen_cream","300gr_cotton_gentlemen_blue","300gr_synaps","300gr_cotton_new_grey","115gr_teslin","167gr_teslin","243gr_teslin"],"property":"material"}],[{"property":"die_cut","options":["yes"]},{"options":["offset"],"property":"printingmethod"}],[{"options":["55_full_color_plus_white","50_full_color_plus_white"],"property":"printtype"},{"options":["offset"],"property":"printingmethod"}],[{"options":["bundle_random_no_boxes"],"property":"pallet_delivery"},{"options":["bundle_per_25","bundle_per_50","bundle_per_100","bundle_per_250","bundle_per_500"],"property":"bundle"}],[{"property":"die_cut","options":["yes"]},{"property":"material","options":["90gr_gesatineerd_mc","90gr_silk_mc","120gr_recycled","160gr_recycled","300gr_recycled","240gr_sbs","500gr_sbd","140gr_yupo_static_foil","381gr_kraft","90gr_recystar","120gr_recystar","170gr_recystar","300gr_recystar","300gr_cotton_max_white","300gr_cotton_linen_cream","300gr_cotton_new_grey","300gr_cotton_gentlemen_blue","300gr_conqueror_vergé_(crème)_high_white","300gr_conqueror_vergé_diamond_white","300gr_recystar_nature","170gr_recystar_nature","120gr_recystar_nature","90gr_recystar_nature","1gr_metallic","295gr_paperwise_earth_pact_natural","150gr_paperwise_earth_pact_natural","90gr_paperwise_earth_pact_natural","90gr_hv_bankpost","100gr_hv_bankpost","70gr_hvo","80gr_hvo","200gr_yupo","250gr_yupo","350gr_yupo_blue_ypi","300gr_yupo_blue_ypi","400gr_yupo","170gr_synaps","350gr_sbs","350gr_atelier","250gr_sirio_materica_clay","440gr_kraft_muskat","300gr_sbs_symbol_card","110gr_cromatico","150gr_cromatico","200gr_cromatico","80gr_recyclingpaper_rebello_or_vivus_89","135gr_recyclingpaper_rebello_or_vivus_89","170gr_recyclingpaper_rebello_or_vivus_89","300gr_recyclingpaper_rebello_or_vivus_89","200gr_yupo_blue","234gr_yupo_blue","276gr_yupo_blue","319gr_yupo_blue","90gr_recyclingpaper_rebello_or_vivus_89","300gr_synaps","158gr_yupo_blue","115gr_teslin","167gr_teslin","243gr_teslin"]}],[{"options":["geen","single_sided_gloss_lamination","single_sided_matt_lamination","double_sided_gloss_lamination","single_sided_scratch_resistant_laminate","double_sided_scratch_resistant_laminate","single_soft_touch_lamination","double_soft_touch_lamination","single_sided_linen_lamination","double_sided_linen_lamination"],"property":"finish"},{"options":["offset"],"property":"printingmethod"},{"options":["foil_copper","foil_glitter","foil_rose","foil_rainbow","foil_silver","foil_gold","group_foils","embossed_partial_gloss_40","embossed_partial_gloss_80","group_partial_gloss"],"property":"spot_finish"}],[{"options":["offset"],"property":"printingmethod"},{"options":["single_sided_partial_gloss","double_sided_partial_gloss","sigle_sided_cold_foil","partial_gloss"],"property":"spot_finish"},{"property":"bundle","options":["bundle_per_50","bundle_per_100","bundle_per_250","bundle_per_500"]}],[{"options":["personalize_from_excel","numbering"],"property":"personalize"},{"options":["a6","a7","a8","a7_large","a6_large","carre_m","carre_card","carre_s","carre_xs","carre_xxs","card_medium","card_small"],"property":"size"},{"options":["offset"],"property":"printingmethod"}],[{"options":["90gr_gesatineerd_mc","115gr_gesatineerd_mc","135gr_gesatineerd_mc","90gr_silk_mc","115gr_silk_mc","135gr_silk_mc","90gr_recycled","90gr_biotop","90gr_hvo","140gr_yupo_static_foil","90gr_paperwise_earth_pact_natural","90gr_recystar","120gr_recystar","90gr_recystar_nature","120gr_recystar_nature","400gr_gesatineerd_mc","90gr_hv_bankpost","100gr_hv_bankpost","70gr_hvo","80gr_hvo","500gr_sbd","120gr_biotop","160gr_biotop","120gr_hvo","110gr_cromatico","150gr_cromatico","200gr_cromatico","170gr_synaps","150gr_paperwise_earth_pact_natural","80gr_recyclingpaper_rebello_or_vivus_89","90gr_recyclingpaper_rebello_or_vivus_89","135gr_recyclingpaper_rebello_or_vivus_89","170gr_recyclingpaper_rebello_or_vivus_89","300gr_recyclingpaper_rebello_or_vivus_89","300gr_conqueror_vergé_(crème)_high_white","300gr_synaps","115gr_teslin","167gr_teslin","158gr_yupo_blue"],"property":"material"},{"property":"variable_creasing_line","options":["1","2","3","4","5"]}],[{"options":["offset"],"property":"printingmethod"},{"property":"variable_creasing_line","options":["3","4","5"]}],[{"options":["170gr_hvo","250gr_hvo","300gr_hvo","350gr_hvo","300gr_hvo_nk","350gr_hvo_nk","90gr_hv_bankpost","100gr_hv_bankpost","90gr_biotop","120gr_biotop","160gr_biotop","250gr_biotop","300gr_biotop","90gr_hvo","120gr_hvo","300gr_yupo_blue_ypi","250gr_yupo","200gr_yupo","350gr_yupo_blue_ypi","500gr_sbd","250gr_sirio_materica_clay","290gr_sirio_color_pietra","290gr_sirio_color_nero","90gr_paperwise_earth_pact_natural","150gr_paperwise_earth_pact_natural","90gr_recystar","120gr_recystar","170gr_recystar","300gr_recystar","90gr_recystar_nature","120gr_recystar_nature","170gr_recystar_nature","300gr_recystar_nature","300gr_cotton_max_white","300gr_cotton_linen_cream","300gr_cotton_new_grey","300gr_cotton_gentlemen_blue","300gr_conqueror_vergé_(crème)_high_white","300gr_conqueror_vergé_diamond_white","280gr_linnen","280gr_kraft","381gr_kraft","400gr_yupo","400gr_hvo_nk","290gr_kraft_muskat","440gr_kraft_muskat","90gr_gesatineerd_mc","90gr_silk_mc","70gr_hvo","350gr_atelier","350gr_sbs","250gr_tintoretto_gesso","200gr_yupo_blue","234gr_yupo_blue","276gr_yupo_blue","319gr_yupo_blue","295gr_paperwise_earth_pact_natural","300gr_synaps"],"property":"material"},{"options":["geen"],"property":"finish"},{"options":["foil_copper","foil_glitter","foil_rose","foil_silver","foil_rainbow","foil_gold","embossed_partial_gloss_40","embossed_partial_gloss_80"],"property":"spot_finish"}],[{"options":["10","25","50","100"],"property":"sealed"},{"options":["bundle_per_20","bundle_per_50","bundle_per_100","bundle_per_500","bundle_per_250"],"property":"bundle"}],[{"options":["bundle_250_no_boxes","bundle_250_boxes","bundle_500_no_boxes","bundle_500_boxes","bundle_random_no_boxes"],"property":"pallet_delivery"},{"options":["10","50","25","100"],"property":"sealed"}],[{"options":["500gr_sbd"],"property":"material"},{"options":["single_sided_gloss_lamination","single_sided_matt_lamination","double_sided_gloss_lamination","double_sided_matt_lamination","single_sided_scratch_resistant_laminate","double_sided_scratch_resistant_laminate","double_soft_touch_lamination","single_soft_touch_lamination","single_sided_linen_lamination","double_sided_linen_lamination"],"property":"finish"}],[{"property":"material","options":["120gr_biotop","160gr_biotop","250gr_biotop","120gr_hvo","250gr_hvo","350gr_hvo","300gr_hvo_nk","350gr_hvo_nk","400gr_hvo_nk"]},{"options":["a2"],"property":"size"},{"property":"printingmethod","options":["offset"]}],[{"options":["single_sided_gloss_lamination","single_sided_matt_lamination","double_sided_gloss_lamination","double_sided_matt_lamination","single_soft_touch_lamination","double_soft_touch_lamination","single_sided_scratch_resistant_laminate","double_sided_scratch_resistant_laminate","single_sided_linen_lamination","double_sided_linen_lamination"],"property":"finish"},{"property":"material","options":["90gr_silk_mc","115gr_silk_mc","135gr_silk_mc","90gr_gesatineerd_mc","115gr_gesatineerd_mc","135gr_gesatineerd_mc","90gr_biotop","120gr_biotop","90gr_hvo","120gr_hvo","90gr_paperwise_earth_pact_natural","150gr_paperwise_earth_pact_natural","300gr_cotton_max_white","300gr_cotton_linen_cream","300gr_cotton_gentlemen_blue","300gr_cotton_new_grey","90gr_hv_bankpost","100gr_hv_bankpost","70gr_hvo","80gr_hvo","170gr_hvo","170gr_gesatineerd_mc","170gr_silk_mc","120gr_recystar_nature","90gr_recystar_nature","170gr_recystar_nature","160gr_biotop","280gr_linnen","290gr_kraft_muskat","440gr_kraft_muskat","300gr_conqueror_vergé_diamond_white","300gr_conqueror_vergé_(crème)_high_white","170gr_recystar","120gr_recystar","90gr_recystar","500gr_sbd","250gr_tintoretto_gesso","110gr_cromatico","150gr_cromatico","200gr_cromatico","80gr_recyclingpaper_rebello_or_vivus_89","135gr_recyclingpaper_rebello_or_vivus_89","170gr_recyclingpaper_rebello_or_vivus_89","300gr_recyclingpaper_rebello_or_vivus_89","90gr_recyclingpaper_rebello_or_vivus_89","115gr_teslin","167gr_teslin","170gr_synaps","300gr_synaps"]}],[{"options":["3_perforation_lines","4_perforation_lines"],"property":"perforation"},{"options":["inkjet"],"property":"printingmethod"}],[{"options":["offset","inkjet"],"property":"printingmethod"},{"options":["foil_copper","foil_glitter","foil_rose","foil_rainbow","foil_silver","foil_gold","embossed_partial_gloss_40","embossed_partial_gloss_80"],"property":"spot_finish"}],[{"options":["double_sided_matt_lamination"],"property":"finish"},{"property":"spot_finish","options":["sigle_sided_cold_foil","double_sided_embossed_partial_gloss_40","single_sided_embossed_partial_gloss_40","embossed_partial_gloss_40"]},{"property":"printingmethod","options":["offset"]}],[{"options":["90gr_gesatineerd_mc","115gr_gesatineerd_mc","135gr_gesatineerd_mc","170gr_gesatineerd_mc","300gr_gesatineerd_mc","350gr_gesatineerd_mc","90gr_silk_mc","115gr_silk_mc","135gr_silk_mc","170gr_silk_mc","350gr_silk_mc","400gr_silk_mc","90gr_biotop","120gr_biotop","160gr_biotop","250gr_biotop","300gr_biotop","90gr_hvo","120gr_hvo","170gr_hvo","250gr_hvo","300gr_hvo","350gr_hvo","300gr_hvo_nk","350gr_hvo_nk","300gr_sbs","400gr_sbd","500gr_sbd","280gr_linnen","250gr_tintoretto_gesso","300gr_tintoretto_gesso","300gr_metallic_white","350gr_metallic_white","300gr_metallic_pearl","300gr_metallic_gold","300gr_metallic_silver","280gr_kraft","381gr_kraft","200gr_yupo","250gr_yupo","300gr_yupo_blue_ypi","350gr_yupo_blue_ypi","400gr_yupo","250gr_sirio_materica_clay","290gr_sirio_color_pietra","290gr_sirio_color_nero","90gr_paperwise_earth_pact_natural","150gr_paperwise_earth_pact_natural","295gr_paperwise_earth_pact_natural","90gr_recystar","120gr_recystar","170gr_recystar","300gr_recystar","90gr_recystar_nature","120gr_recystar_nature","170gr_recystar_nature","300gr_recystar_nature","90gr_hv_bankpost","100gr_hv_bankpost","350gr_sbs","400gr_hvo_nk","70gr_hvo","80gr_hvo","290gr_kraft_muskat","440gr_kraft_muskat","350gr_atelier","170gr_synaps","300gr_cotton_linen_cream","300gr_cotton_max_white","300gr_cotton_new_grey","300gr_cotton_gentlemen_blue","200gr_yupo_blue","234gr_yupo_blue","276gr_yupo_blue","319gr_yupo_blue","300gr_synaps"],"property":"material"},{"options":["offset"],"property":"printingmethod"},{"options":["double_sided_gloss_lamination","double_soft_touch_lamination","double_sided_scratch_resistant_laminate","single_sided_gloss_lamination","single_soft_touch_lamination","single_sided_scratch_resistant_laminate","single_sided_uv_coating_gloss","single_sided_linen_lamination","double_sided_linen_lamination","single_sided_matt_lamination"],"property":"finish"}],[{"property":"material","options":["220gr_conqueror_vergé_diamond_white","220gr_conqueror_vergé_(crème)_high_white","300gr_conqueror_vergé_diamond_white","300gr_conqueror_vergé_(crème)_high_white","300gr_gesatineerd_mc","350gr_gesatineerd_mc","350gr_silk_mc","300gr_biotop","300gr_hvo","300gr_hvo_nk","350gr_hvo_nk","300gr_tintoretto_gesso","280gr_linnen","300gr_metallic_white","350gr_metallic_white","300gr_metallic_pearl","300gr_metallic_silver","300gr_metallic_gold","280gr_kraft","381gr_kraft","300gr_yupo_blue_ypi","350gr_yupo_blue_ypi","750gr_multiloft_blue_core","750gr_multiloft_turqoise_core","750gr_multiloft_yellow_core","750gr_multiloft_black_core","750gr_multiloft_green_core","750gr_multiloft_orange_core","750gr_multiloft_pink_core","750gr_multiloft_purple_core","750gr_multiloft_red_core","750gr_multiloft_white_core","810gr_multiloft_blue_core","810gr_multiloft_turqoise_core","810gr_multiloft_yellow_core","810gr_multiloft_black_core","810gr_multiloft_green_core","810gr_multiloft_orange_core","810gr_multiloft_pink_core","810gr_multiloft_purple_core","810gr_multiloft_red_core","810gr_multiloft_white_core","250gr_sirio_materica_clay","290gr_sirio_color_pietra","290gr_sirio_color_nero","400gr_sbd","500gr_sbd","295gr_paperwise_earth_pact_natural","300gr_recystar","300gr_recystar_nature","300gr_sbs_symbol_card","90gr_hv_bankpost","400gr_hvo_nk","100gr_hv_bankpost","80gr_hvo","70gr_hvo","290gr_kraft_muskat","440gr_kraft_muskat","276gr_yupo_blue","234gr_yupo_blue"]},{"options":["offset"],"property":"printingmethod"},{"options":["single_sided_gloss_lamination","single_sided_matt_lamination","double_sided_gloss_lamination","double_sided_matt_lamination","single_soft_touch_lamination","double_soft_touch_lamination","single_sided_scratch_resistant_laminate","double_sided_scratch_resistant_laminate","single_sided_linen_lamination","double_sided_linen_lamination"],"property":"finish"}],[{"options":["400gr_silk_mc","300gr_hvo"],"property":"material"},{"options":["offset"],"property":"printingmethod"},{"options":["7_mm_radius"],"property":"rounded_corners"}],[{"options":["3,5_mm_radius","7_mm_radius"],"property":"rounded_corners"},{"options":["250gr_gesatineerd_mc","250gr_silk_mc"],"property":"material"},{"options":["offset"],"property":"printingmethod"}],[{"property":"rounded_corners","options":["3,5_mm_radius","7_mm_radius"]},{"options":["offset"],"property":"printingmethod"},{"options":["400gr_silk_mc"],"property":"material"}],[{"options":["90gr_gesatineerd_mc","115gr_gesatineerd_mc","135gr_gesatineerd_mc","170gr_gesatineerd_mc","300gr_gesatineerd_mc","350gr_gesatineerd_mc","90gr_silk_mc","400gr_gesatineerd_mc","115gr_silk_mc","135gr_silk_mc","170gr_silk_mc","350gr_silk_mc","90gr_biotop","120gr_biotop","160gr_biotop","250gr_biotop","300gr_biotop","90gr_hvo","120gr_hvo","170gr_hvo","250gr_hvo","300gr_hvo","350gr_hvo","300gr_hvo_nk","350gr_hvo_nk","300gr_sbs_symbol_card","300gr_sbs","400gr_sbd","500gr_sbd","280gr_linnen","250gr_tintoretto_gesso","300gr_tintoretto_gesso","300gr_metallic_white","350gr_metallic_white","90gr_hv_bankpost","100gr_hv_bankpost","400gr_hvo_nk","70gr_hvo","80gr_hvo","300gr_sbs_invercote"],"property":"material"},{"property":"printingmethod","options":["offset"]},{"options":["double_sided_gloss_lamination","double_sided_matt_lamination","double_soft_touch_lamination","double_sided_scratch_resistant_laminate","double_sided_linen_lamination"],"property":"finish"}],[{"options":[250000,245000,240000,235000,230000,225000,220000,215000,210000,205000,200000,195000,190000,185000,180000,175000,170000,165000,160000,155000,150000,145000,140000,135000,130000,125000,120000,115000,110000,105000,100000,97500,95000,92500,90000,87500,85000,82500,80000,77500,75000,72500,70000,67500,65000,62500,60000,57500,55000,52500,50000,47500,45000,42500,40000,37500,35000,32500,30000,27500],"property":"copies"},{"options":["1_perforation_line","2_perforation_lines","3_perforation_lines","4_perforation_lines"],"property":"perforation"}],[{"options":["bundle_250_no_boxes","bundle_250_boxes","bundle_500_no_boxes","bundle_500_boxes","bundle_random_no_boxes"],"property":"pallet_delivery"},{"property":"printingmethod","options":["digital","inkjet"]}],[{"options":["single_sided_linen_lamination","double_sided_linen_lamination"],"property":"finish"},{"options":["group_partial_gloss","single_sided_partial_gloss","single_sided_embossed_partial_gloss_40","double_sided_partial_gloss","double_sided_embossed_partial_gloss_40","group_foils","single_sided_foil_gold","single_sided_foil_silver","single_sided_foil_copper","double_sided_foil_gold","double_sided_foil_silver","double_sided_foil_copper","coldfoil","sigle_sided_cold_foil","double_sided_embossed_partial_gloss_80","single_sided_foil_rose","single_sided_foil_black","single_sided_foil_rainbow","single_sided_foil_glitter","double_sided_foil_rose","double_sided_foil_black","double_sided_foil_rainbow","double_sided_foil_glitter","single_sided_embossed_partial_gloss_80","foil_glitter","foil_rose","foil_copper","foil_silver","foil_rainbow","partial_gloss","embossed_partial_gloss_40","embossed_partial_gloss_80","foil_gold"],"property":"spot_finish"}],[{"options":["one_drillhole_8mm","two_drillhole_8mm","three_drillhole_8mm","four_drillhole_8mm","one_drillhole_9mm","two_drillholes_9mm","three_drillholes_9mm","four_drillholes_9mm","one_drillhole_10mm","two_drillholes_10mm","three_drillholes_10mm","four_drillholes_10mm","one_drillhole_3mm","two_drillholes_3mm","three_drillholes_3mm","four_drillholes_3mm","one_drillhole_4mm","two_drillholes_4mm","one_drillhole_5mm","two_drillholes_5mm"],"property":"drillholes"},{"property":"printingmethod","options":["offset"]}],[{"options":["foil_copper","foil_glitter","foil_rose","foil_rainbow","foil_silver","foil_gold","group_foils","partial_gloss","embossed_partial_gloss_40","embossed_partial_gloss_80","group_partial_gloss"],"property":"spot_finish"},{"property":"printingmethod","options":["digital","inkjet"]},{"options":["90gr_hv_bankpost","100gr_hv_bankpost","90gr_biotop","120gr_biotop","90gr_hvo","120gr_hvo","200gr_yupo","250gr_yupo","300gr_yupo_blue_ypi","350gr_yupo_blue_ypi","400gr_yupo","90gr_paperwise_earth_pact_natural","150gr_paperwise_earth_pact_natural","90gr_recystar","120gr_recystar","170gr_recystar","90gr_recystar_nature","120gr_recystar_nature","170gr_recystar_nature","300gr_cotton_max_white","300gr_cotton_linen_cream","300gr_cotton_new_grey","300gr_cotton_gentlemen_blue","300gr_conqueror_vergé_(crème)_high_white","300gr_conqueror_vergé_diamond_white","80gr_hvo","70gr_hvo","300gr_recystar","90gr_gesatineerd_mc","115gr_gesatineerd_mc","135gr_gesatineerd_mc","170gr_gesatineerd_mc","90gr_silk_mc","115gr_silk_mc","135gr_silk_mc","170gr_silk_mc","160gr_biotop","170gr_hvo","290gr_kraft_muskat","440gr_kraft_muskat","290gr_sirio_color_nero","290gr_sirio_color_pietra","250gr_sirio_materica_clay","170gr_synaps","250gr_tintoretto_gesso","200gr_yupo_blue","234gr_yupo_blue","276gr_yupo_blue","319gr_yupo_blue","300gr_synaps"],"property":"material"}],[{"property":"material","options":["400gr_silk_mc","300gr_hvo"]},{"options":["offset"],"property":"printingmethod"},{"options":["numbering","personalize_from_excel"],"property":"personalize"}],[{"options":["90gr_hv_bankpost","100gr_hv_bankpost","90gr_gesatineerd_mc","135gr_gesatineerd_mc","115gr_gesatineerd_mc","170gr_gesatineerd_mc","90gr_silk_mc","115gr_silk_mc","135gr_silk_mc","170gr_silk_mc","90gr_biotop","120gr_biotop","160gr_biotop","250gr_biotop","300gr_biotop","120gr_hvo","90gr_hvo","170gr_hvo","250gr_hvo","300gr_hvo","350gr_hvo","350gr_hvo_nk","300gr_hvo_nk","500gr_sbd","250gr_tintoretto_gesso","280gr_linnen","300gr_tintoretto_gesso","300gr_metallic_white","350gr_metallic_white","300gr_metallic_pearl","300gr_metallic_gold","300gr_metallic_silver","280gr_kraft","381gr_kraft","200gr_yupo","250gr_yupo","300gr_yupo_blue_ypi","400gr_yupo","350gr_yupo_blue_ypi","250gr_sirio_materica_clay","290gr_sirio_color_pietra","290gr_sirio_color_nero","90gr_paperwise_earth_pact_natural","150gr_paperwise_earth_pact_natural","295gr_paperwise_earth_pact_natural","90gr_recystar","120gr_recystar","300gr_recystar","170gr_recystar","90gr_recystar_nature","120gr_recystar_nature","170gr_recystar_nature","300gr_recystar_nature","300gr_cotton_max_white","300gr_cotton_new_grey","300gr_cotton_linen_cream","300gr_cotton_gentlemen_blue","300gr_conqueror_vergé_(crème)_high_white","300gr_conqueror_vergé_diamond_white","400gr_hvo_nk","70gr_hvo","80gr_hvo","290gr_kraft_muskat","440gr_kraft_muskat","300gr_recyclingpaper_rebello_or_vivus_89","170gr_recyclingpaper_rebello_or_vivus_89","135gr_recyclingpaper_rebello_or_vivus_89","80gr_recyclingpaper_rebello_or_vivus_89","200gr_yupo_blue","234gr_yupo_blue","319gr_yupo_blue","276gr_yupo_blue","90gr_recyclingpaper_rebello_or_vivus_89","350gr_sbd_invercote","400gr_sbd","170gr_synaps","300gr_synaps"],"property":"material"},{"options":["single_sided_uv_coating_gloss"],"property":"finish"}],[{"options":["single_sided_uv_coating_gloss","single_sided_linen_lamination","double_sided_linen_lamination"],"property":"finish"},{"options":["digital","inkjet"],"property":"printingmethod"},{"options":["yes"],"property":"die_cut"}],[{"property":"finish","options":["single_sided_uv_coating_gloss"]},{"options":["digital","inkjet"],"property":"printingmethod"},{"options":["1","10","25","50","100"],"property":"sealed"}],[{"property":"size","options":["a2"]},{"options":["numbering","personalize_from_excel"],"property":"personalize"}],[{"options":["a8"],"property":"size"},{"options":["offset"],"property":"printingmethod"}],[{"options":["foil_copper","foil_glitter","foil_rose","foil_rainbow","foil_silver","foil_gold","group_foils","embossed_partial_gloss_40","group_partial_gloss","embossed_partial_gloss_80"],"property":"spot_finish"},{"options":["280gr_linnen","250gr_tintoretto_gesso","400gr_sbd","400gr_silk_mc","400gr_gesatineerd_mc","300gr_recystar","300gr_recystar_nature","110gr_cromatico","350gr_sbs","300gr_cotton_max_white","300gr_cotton_linen_cream","300gr_cotton_gentlemen_blue","300gr_recyclingpaper_rebello_or_vivus_89","170gr_recyclingpaper_rebello_or_vivus_89","80gr_recyclingpaper_rebello_or_vivus_89","90gr_recyclingpaper_rebello_or_vivus_89","135gr_recyclingpaper_rebello_or_vivus_89","350gr_metallic_white","300gr_cotton_new_grey","158gr_yupo_blue","200gr_yupo_blue","234gr_yupo_blue","276gr_yupo_blue","319gr_yupo_blue","115gr_teslin","167gr_teslin","243gr_teslin"],"property":"material"}],[{"options":["170gr_gesatineerd_mc","170gr_silk_mc"],"property":"material"},{"property":"finish","options":["double_sided_linen_lamination","double_sided_scratch_resistant_laminate","double_soft_touch_lamination"]}],[{"property":"finish","options":["double_sided_uv_coating"]},{"options":["90gr_hv_bankpost","100gr_hv_bankpost","90gr_gesatineerd_mc","115gr_gesatineerd_mc","135gr_gesatineerd_mc","170gr_gesatineerd_mc","90gr_silk_mc","115gr_silk_mc","135gr_silk_mc","170gr_silk_mc","90gr_biotop","120gr_biotop","160gr_biotop","250gr_biotop","300gr_biotop","90gr_hvo","120gr_hvo","170gr_hvo","250gr_hvo","300gr_hvo","350gr_hvo","300gr_hvo_nk","350gr_hvo_nk","400gr_hvo_nk","300gr_sbs_symbol_card","300gr_sbs","350gr_sbs","500gr_sbd","250gr_tintoretto_gesso","280gr_linnen","300gr_tintoretto_gesso","300gr_metallic_white","350gr_metallic_white","300gr_metallic_pearl","300gr_metallic_gold","300gr_metallic_silver","170gr_synaps","280gr_kraft","200gr_yupo","250gr_yupo","300gr_yupo_blue_ypi","350gr_yupo_blue_ypi","400gr_yupo","250gr_sirio_materica_clay","290gr_sirio_color_pietra","290gr_sirio_color_nero","90gr_paperwise_earth_pact_natural","150gr_paperwise_earth_pact_natural","295gr_paperwise_earth_pact_natural","90gr_recystar","120gr_recystar","170gr_recystar","300gr_recystar","90gr_recystar_nature","120gr_recystar_nature","170gr_recystar_nature","300gr_recystar_nature","300gr_cotton_max_white","300gr_cotton_linen_cream","300gr_cotton_new_grey","300gr_cotton_gentlemen_blue","300gr_conqueror_vergé_(crème)_high_white","300gr_conqueror_vergé_diamond_white","70gr_hvo","80gr_hvo","290gr_kraft_muskat","440gr_kraft_muskat","300gr_sbs_invercote","350gr_sbs_invercote","200gr_yupo_blue","234gr_yupo_blue","276gr_yupo_blue","319gr_yupo_blue","350gr_sbd_invercote","400gr_sbd","300gr_synaps"],"property":"material"}],[{"options":["1","10","25"],"property":"sealed"},{"options":["offset"],"property":"printingmethod"}],[{"options":["3,5_mm_radius","7_mm_radius"],"property":"rounded_corners"},{"options":["500gr_sbd","170gr_synaps","110gr_cromatico","150gr_cromatico","200gr_cromatico","80gr_recyclingpaper_rebello_or_vivus_89","90gr_recyclingpaper_rebello_or_vivus_89","135gr_recyclingpaper_rebello_or_vivus_89","170gr_recyclingpaper_rebello_or_vivus_89","300gr_recyclingpaper_rebello_or_vivus_89","300gr_conqueror_vergé_(crème)_high_white","300gr_synaps","300gr_cotton_max_white","300gr_cotton_linen_cream","300gr_cotton_new_grey","300gr_cotton_gentlemen_blue"],"property":"material"}],[{"options":["luxury_poster_packaging"],"property":"delivery"},{"options":["a4","a4_landscape","a5","a5_landscape","a6","a6_landscape","a7","a8","a7_landscape","a4_large","a5_large","a5_large_landscape","a6_large","a6_large_landscape","a7_large","a7_large_landscape","a3_vierkant","1/3_a3","1/3_a4","1/3_a5","carre_l","carre_m","carre_s","carre_card","carre_xs","card_small","card_medium","ringband_small","ringband_xsmall","ringband","a_formaten","din_large","din_large_plus","din_large_landscape","din_large_plus_landscape","us_large_landscape","us_large"],"property":"size"}],[{"property":"delivery","options":["luxury_poster_packaging"]},{"options":["custom:width:100-","custom:height:300-"],"property":"size"}],[{"options":["offset"],"property":"printingmethod"},{"options":["luxury_poster_packaging"],"property":"delivery"}],[{"options":["290gr_sirio_color_nero"],"property":"material"},{"property":"printtype","options":["40","44"]}],[{"options":["personalize_from_excel","numbering"],"property":"personalize"},{"options":["offset"],"property":"printingmethod"}],[{"property":"finish","options":["single_sided_linen_lamination","double_sided_linen_lamination","single_soft_touch_lamination","double_soft_touch_lamination","single_sided_scratch_resistant_laminate","double_sided_scratch_resistant_laminate"]},{"options":["offset"],"property":"printingmethod"}],[{"options":["3,5_mm_radius","7_mm_radius"],"property":"rounded_corners"},{"property":"material","options":["90gr_silk_mc","115gr_silk_mc","135gr_silk_mc","170gr_silk_mc","250gr_silk_mc","300gr_silk_mc","350gr_silk_mc","400gr_silk_mc"]},{"options":["yes"],"property":"die_cut"}],[{"property":"copies","options":[55000,52500,60000,57500,62500,65000,67500,70000,72500,75000,77500,80000,82500,87500,85000,90000,92500,95000,97500,100000,105000,115000,110000,120000,125000,130000,135000,140000,145000,150000,155000,160000,165000,170000,175000,180000,185000,190000,195000,200000,205000,210000,215000,220000,225000,230000,235000,240000,245000,250000,255000,260000,265000,270000,275000,280000,285000,300000,290000,295000,305000,315000,310000,325000,320000,330000,340000,335000,345000,350000,377500,355000,400000,401000,402000,403000,404000,405000,406000,408000,407000,409000,410000,411000,412000,413000,416000,414000,415000,417000,418000,419000,420000,421000,422000,423000,424000,425000,426000,427000,428000,429000,431000,430000,432000,434000,433000,435000,436000,437000,438000,439000,440000,441000,442000,443000,444000,445000,446000,447000,448000,449000,450000,451000,452000,453000,454000,455000,456000,457000,458000,459000,460000,461000,462000,463000,464000,465000,466000,467000,468000,469000,470000,471000,472000,473000,474000,475000,476000,479000,478000,477000,481000,480000,482000,483000,484000,485000,487000,486000,488000,489000,490000,491000,492000,493000,494000,496000,495000,497000,499000,498000]},{"property":"material","options":["300gr_silk_mc"]},{"options":["single_sided_gloss_lamination","single_sided_matt_lamination","double_sided_gloss_lamination","double_sided_matt_lamination"],"property":"finish"}],[{"options":["300gr_silk_mc"],"property":"material"},{"property":"finish","options":["double_sided_linen_lamination","single_sided_linen_lamination","double_sided_scratch_resistant_laminate","single_sided_scratch_resistant_laminate","double_soft_touch_lamination","single_soft_touch_lamination","single_sided_gloss_lamination","single_sided_matt_lamination","double_sided_gloss_lamination","double_sided_matt_lamination"]},{"property":"printingmethod","options":["offset"]}],[{"options":["offset"],"property":"printingmethod"},{"options":["single_sided_gloss_lamination","single_sided_matt_lamination","double_sided_gloss_lamination","double_sided_matt_lamination","single_soft_touch_lamination","single_sided_scratch_resistant_laminate","double_soft_touch_lamination","double_sided_scratch_resistant_laminate","single_sided_linen_lamination","double_sided_linen_lamination"],"property":"finish"},{"options":["1","3","2","4","5"],"property":"variable_creasing_line"}],[{"options":["offset"],"property":"printingmethod"},{"options":["single_sided_gloss_lamination","single_sided_matt_lamination","double_sided_gloss_lamination","double_sided_matt_lamination","double_soft_touch_lamination","single_soft_touch_lamination","double_sided_scratch_resistant_laminate","single_sided_scratch_resistant_laminate","double_sided_linen_lamination","single_sided_linen_lamination"],"property":"finish"},{"options":["1_perforation_line","2_perforation_lines","3_perforation_lines","4_perforation_lines"],"property":"perforation"}],[{"options":["120gr_hvo","300gr_sbs_invercote","300gr_hvo_nk","350gr_hvo_nk","250gr_hvo","120gr_biotop","90gr_biotop","160gr_biotop","250gr_biotop","300gr_biotop"],"property":"material"},{"property":"printingmethod","options":["offset"]},{"options":["custom:width:70-446","custom:height:70-297"],"property":"size"}],[{"options":["inkjet"],"property":"printingmethod"},{"options":["50_full_color_plus_white","55_full_color_plus_white"],"property":"printtype"}],[{"options":["inkjet"],"property":"printingmethod"},{"options":["yes"],"property":"die_cut"}],[{"options":["inkjet"],"property":"printingmethod"},{"options":["100gr_hv_bankpost","400gr_gesatineerd_mc","400gr_silk_mc","170gr_recystar_nature","300gr_biotop","70gr_hvo","120gr_hvo","290gr_kraft_muskat","300gr_recystar_nature","300gr_hvo_nk","350gr_hvo_nk","400gr_hvo_nk","350gr_sbs","400gr_sbd","280gr_linnen","250gr_tintoretto_gesso","300gr_tintoretto_gesso","300gr_metallic_white","350gr_metallic_white","300gr_metallic_pearl","300gr_metallic_gold","300gr_metallic_silver","170gr_synaps","250gr_yupo","300gr_yupo_blue_ypi","350gr_yupo_blue_ypi","400gr_yupo","290gr_sirio_color_nero","90gr_paperwise_earth_pact_natural","150gr_paperwise_earth_pact_natural","295gr_paperwise_earth_pact_natural","90gr_recystar","120gr_recystar","170gr_recystar","300gr_recystar","90gr_recystar_nature","120gr_recystar_nature","300gr_cotton_max_white","300gr_cotton_linen_cream","300gr_cotton_gentlemen_blue","combine_header","300gr_sbs","110gr_cromatico","150gr_cromatico","200gr_cromatico","80gr_recyclingpaper_rebello_or_vivus_89","135gr_recyclingpaper_rebello_or_vivus_89","300gr_sbs_symbol_card","300gr_king_board_white","200gr_yupo_blue","234gr_yupo_blue","276gr_yupo_blue","319gr_yupo_blue","170gr_recyclingpaper_rebello_or_vivus_89","300gr_recyclingpaper_rebello_or_vivus_89","90gr_recyclingpaper_rebello_or_vivus_89","350gr_sbd_invercote","300gr_conqueror_vergé_(crème)_high_white","300gr_synaps","300gr_cotton_new_grey","158gr_yupo_blue","115gr_teslin","167gr_teslin","243gr_teslin"],"property":"material"}],[{"property":"printingmethod","options":["inkjet"]},{"options":["single_sided_linen_lamination","double_sided_linen_lamination","double_sided_scratch_resistant_laminate","single_sided_scratch_resistant_laminate","double_soft_touch_lamination","single_soft_touch_lamination"],"property":"finish"}],[{"options":["inkjet"],"property":"printingmethod"},{"options":["one_drillhole_3mm","two_drillholes_3mm","three_drillholes_3mm","four_drillholes_3mm","one_drillhole_4mm","two_drillholes_4mm","one_drillhole_5mm","two_drillholes_5mm","one_drillhole_8mm","two_drillhole_8mm","three_drillhole_8mm","four_drillhole_8mm","one_drillhole_9mm","two_drillholes_9mm","three_drillholes_9mm","four_drillholes_9mm","one_drillhole_10mm","two_drillholes_10mm","three_drillholes_10mm","four_drillholes_10mm"],"property":"drillholes"}],[{"options":["custom:width:40-435","custom:height:40-305","a2"],"property":"size"},{"options":["300gr_metallic_white","350gr_metallic_white","300gr_metallic_pearl","300gr_metallic_gold","300gr_metallic_silver","300gr_conqueror_vergé_(crème)_high_white","300gr_conqueror_vergé_diamond_white","290gr_sirio_color_nero","110gr_cromatico","150gr_cromatico","200gr_cromatico","115gr_teslin","167gr_teslin","243gr_teslin"],"property":"material"}],[{"options":["100"],"property":"sealed"},{"options":[10,50,1,2,3,4,5,6,7,8,9,11,12,13,14,15,16,17,18,19,20,21,22,23,24,25,26,27,28,29,30,31,32,33,34,35,36,37,38,39,40,41,42,43,44,45,46,47,48,49,51,52,53,54,55,56,57,58,59,60,61,62,63,64,65,66,67,68,69,70,71,72,73,75,76,77,78,74,79,80,81,82,83,84,85,86,87,88,89,90,91,92,93,94,95,96,97,98,99],"property":"copies"}],[{"options":["400gr_silk_mc","300gr_silk_mc","300gr_hvo"],"property":"material"},{"options":["offset"],"property":"printingmethod"},{"options":["1","10","25","50","100"],"property":"sealed"}],[{"options":["numbering","personalize_from_excel"],"property":"personalize"},{"property":"printingmethod","options":["inkjet"]}],[{"property":"printingmethod","options":["inkjet"]},{"options":["1","10","25","50","100","250","500"],"property":"sealed"}],[{"options":["200gr_yupo","250gr_yupo","300gr_yupo_blue_ypi","350gr_yupo_blue_ypi","400gr_yupo","200gr_yupo_blue","234gr_yupo_blue","276gr_yupo_blue","319gr_yupo_blue"],"property":"material"},{"options":["single_soft_touch_lamination","double_soft_touch_lamination"],"property":"finish"}],[{"options":["bundle_per_25"],"property":"bundle"},{"options":["90gr_gesatineerd_mc","90gr_silk_mc","115gr_gesatineerd_mc","70gr_hvo","115gr_silk_mc","135gr_gesatineerd_mc","135gr_silk_mc","90gr_recystar","90gr_hvo","90gr_recystar_nature","90gr_hv_bankpost","90gr_biotop","100gr_hv_bankpost","170gr_gesatineerd_mc","90gr_paperwise_earth_pact_natural","170gr_silk_mc","120gr_hvo","120gr_recystar_nature","120gr_recystar","170gr_synaps","120gr_biotop","250gr_gesatineerd_mc","170gr_hvo","200gr_yupo","170gr_recystar","160gr_biotop","150gr_paperwise_earth_pact_natural","170gr_recystar_nature","250gr_silk_mc","300gr_gesatineerd_mc","250gr_yupo","350gr_gesatineerd_mc","250gr_hvo","300gr_silk_mc","300gr_yupo_blue_ypi","250gr_biotop","290gr_sirio_color_nero","400gr_gesatineerd_mc","300gr_hvo","350gr_silk_mc","350gr_yupo_blue_ypi","280gr_linnen","300gr_cotton_max_white","300gr_cotton_linen_cream","300gr_cotton_new_grey","300gr_cotton_gentlemen_blue","300gr_metallic_gold","300gr_metallic_pearl","300gr_metallic_silver","300gr_sbs","300gr_recystar_nature","300gr_sbs_symbol_card","300gr_hvo_nk","250gr_tintoretto_gesso","290gr_kraft_muskat","300gr_recystar","350gr_hvo","300gr_biotop","400gr_yupo","350gr_metallic_white","400gr_silk_mc","80gr_recyclingpaper_rebello_or_vivus_89","200gr_yupo_blue","234gr_yupo_blue","276gr_yupo_blue","319gr_yupo_blue","90gr_recyclingpaper_rebello_or_vivus_89","300gr_synaps"],"property":"material"}],[{"property":"bundle","options":["bundle_per_50"]},{"property":"material","options":["90gr_gesatineerd_mc","90gr_silk_mc","115gr_gesatineerd_mc","70gr_hvo","115gr_silk_mc","135gr_gesatineerd_mc","135gr_silk_mc","90gr_recystar","90gr_hvo","90gr_recystar_nature","90gr_hv_bankpost","90gr_biotop","100gr_hv_bankpost","170gr_gesatineerd_mc","90gr_paperwise_earth_pact_natural","170gr_silk_mc","120gr_hvo","120gr_recystar_nature","120gr_recystar","170gr_synaps","120gr_biotop","250gr_gesatineerd_mc","170gr_hvo","200gr_yupo","170gr_recystar","400gr_silk_mc","300gr_hvo","300gr_synaps","300gr_cotton_max_white","300gr_cotton_linen_cream","300gr_cotton_new_grey","300gr_cotton_gentlemen_blue"]}],[{"options":["bundle_per_100"],"property":"bundle"},{"options":["90gr_gesatineerd_mc","90gr_silk_mc","115gr_gesatineerd_mc","70gr_hvo","115gr_silk_mc","300gr_cotton_max_white","300gr_cotton_linen_cream","300gr_cotton_new_grey","300gr_cotton_gentlemen_blue"],"property":"material"}],[{"options":["bundle_per_250"],"property":"bundle"},{"options":["290gr_sirio_color_nero","400gr_gesatineerd_mc","350gr_silk_mc","350gr_yupo_blue_ypi","280gr_linnen","300gr_cotton_max_white","300gr_cotton_linen_cream","300gr_cotton_new_grey","300gr_cotton_gentlemen_blue","300gr_metallic_gold","300gr_metallic_pearl","300gr_metallic_silver","300gr_sbs","300gr_recystar_nature","300gr_sbs_symbol_card","300gr_hvo_nk","250gr_tintoretto_gesso","290gr_kraft_muskat","300gr_recystar","350gr_hvo","300gr_biotop","400gr_yupo","350gr_metallic_white","350gr_hvo_nk","350gr_sbs","300gr_tintoretto_gesso","300gr_conqueror_vergé_(crème)_high_white","300gr_conqueror_vergé_diamond_white","400gr_hvo_nk","295gr_paperwise_earth_pact_natural","400gr_sbd","500gr_sbd","440gr_kraft_muskat","400gr_silk_mc","300gr_recyclingpaper_rebello_or_vivus_89","350gr_sbs_invercote","276gr_yupo_blue","350gr_sbd_invercote","300gr_king_board_white"],"property":"material"}],[{"options":["bundle_per_500"],"property":"bundle"},{"property":"material","options":["250gr_gesatineerd_mc","170gr_hvo","200gr_yupo","170gr_recystar","160gr_biotop","150gr_paperwise_earth_pact_natural","170gr_recystar_nature","250gr_silk_mc","300gr_gesatineerd_mc","250gr_yupo","350gr_gesatineerd_mc","250gr_hvo","300gr_silk_mc","300gr_yupo_blue_ypi","250gr_biotop","290gr_sirio_color_nero","400gr_gesatineerd_mc","300gr_hvo","350gr_silk_mc","350gr_yupo_blue_ypi","280gr_linnen","300gr_cotton_max_white","300gr_cotton_linen_cream","300gr_cotton_new_grey","300gr_cotton_gentlemen_blue","300gr_metallic_gold","300gr_metallic_pearl","300gr_metallic_silver","300gr_sbs","300gr_recystar_nature","300gr_sbs_symbol_card","300gr_hvo_nk","250gr_tintoretto_gesso","290gr_kraft_muskat","300gr_recystar","350gr_hvo","300gr_biotop","400gr_yupo","350gr_metallic_white","400gr_silk_mc","350gr_hvo_nk","350gr_sbs","300gr_tintoretto_gesso","300gr_conqueror_vergé_(crème)_high_white","300gr_conqueror_vergé_diamond_white","400gr_hvo_nk","295gr_paperwise_earth_pact_natural","400gr_sbd","500gr_sbd","440gr_kraft_muskat","300gr_recyclingpaper_rebello_or_vivus_89","170gr_recyclingpaper_rebello_or_vivus_89","135gr_recyclingpaper_rebello_or_vivus_89","350gr_sbs_invercote","200gr_yupo_blue","234gr_yupo_blue","276gr_yupo_blue","319gr_yupo_blue","350gr_sbd_invercote","300gr_synaps","300gr_king_board_white","243gr_teslin","300gr_metallic_white"]}],[{"property":"sealed","options":["25"]},{"options":["90gr_gesatineerd_mc","90gr_silk_mc","115gr_gesatineerd_mc","70gr_hvo","115gr_silk_mc","135gr_gesatineerd_mc","135gr_silk_mc","90gr_recystar","90gr_hvo","90gr_recystar_nature","90gr_hv_bankpost","90gr_biotop","100gr_hv_bankpost","170gr_gesatineerd_mc","90gr_paperwise_earth_pact_natural","170gr_silk_mc","120gr_hvo","120gr_recystar_nature","120gr_recystar","170gr_synaps","120gr_biotop","250gr_gesatineerd_mc","170gr_hvo","200gr_yupo","170gr_recystar","160gr_biotop","150gr_paperwise_earth_pact_natural","170gr_recystar_nature","250gr_silk_mc","300gr_gesatineerd_mc","250gr_yupo","350gr_gesatineerd_mc","250gr_hvo","300gr_silk_mc","300gr_yupo_blue_ypi","250gr_biotop","290gr_sirio_color_nero","400gr_gesatineerd_mc","300gr_hvo","350gr_silk_mc","350gr_yupo_blue_ypi","280gr_linnen","300gr_cotton_max_white","300gr_cotton_linen_cream","300gr_cotton_new_grey","300gr_cotton_gentlemen_blue","300gr_metallic_pearl","300gr_metallic_gold","300gr_metallic_silver","300gr_sbs","300gr_recystar_nature","300gr_sbs_symbol_card","300gr_hvo_nk","250gr_tintoretto_gesso","290gr_kraft_muskat","300gr_recystar","350gr_hvo","300gr_biotop","400gr_yupo","350gr_metallic_white","110gr_cromatico","150gr_cromatico","200gr_cromatico","200gr_yupo_blue","234gr_yupo_blue","276gr_yupo_blue","319gr_yupo_blue","80gr_recyclingpaper_rebello_or_vivus_89","90gr_recyclingpaper_rebello_or_vivus_89","135gr_recyclingpaper_rebello_or_vivus_89","300gr_conqueror_vergé_(crème)_high_white","300gr_synaps"],"property":"material"}],[{"options":["50"],"property":"sealed"},{"options":["90gr_gesatineerd_mc","90gr_silk_mc","115gr_gesatineerd_mc","70gr_hvo","115gr_silk_mc","135gr_gesatineerd_mc","135gr_silk_mc","90gr_recystar","90gr_hvo","90gr_recystar_nature","90gr_hv_bankpost","90gr_biotop","100gr_hv_bankpost","170gr_gesatineerd_mc","90gr_paperwise_earth_pact_natural","170gr_silk_mc","120gr_hvo","120gr_recystar_nature","170gr_synaps","120gr_biotop","250gr_gesatineerd_mc","170gr_hvo","200gr_yupo","120gr_recystar","170gr_recystar","110gr_cromatico","150gr_cromatico","200gr_cromatico","135gr_recyclingpaper_rebello_or_vivus_89","80gr_recyclingpaper_rebello_or_vivus_89","300gr_synaps","300gr_cotton_max_white","300gr_cotton_linen_cream","300gr_cotton_new_grey","300gr_cotton_gentlemen_blue"],"property":"material"}],[{"options":["100"],"property":"sealed"},{"options":["90gr_gesatineerd_mc","90gr_silk_mc","115gr_gesatineerd_mc","70gr_hvo","115gr_silk_mc","135gr_gesatineerd_mc","110gr_cromatico","150gr_cromatico","200gr_cromatico","80gr_recyclingpaper_rebello_or_vivus_89","135gr_recyclingpaper_rebello_or_vivus_89","170gr_synaps","300gr_synaps","300gr_cotton_max_white","300gr_cotton_linen_cream","300gr_cotton_new_grey","300gr_cotton_gentlemen_blue"],"property":"material"}],[{"options":["250"],"property":"sealed"},{"options":["290gr_sirio_color_nero","400gr_gesatineerd_mc","350gr_silk_mc","350gr_yupo_blue_ypi","280gr_linnen","300gr_cotton_max_white","300gr_cotton_linen_cream","300gr_cotton_new_grey","300gr_cotton_gentlemen_blue","300gr_metallic_pearl","300gr_metallic_gold","300gr_metallic_silver","300gr_sbs","300gr_recystar_nature","300gr_sbs_symbol_card","300gr_hvo_nk","250gr_tintoretto_gesso","290gr_kraft_muskat","300gr_recystar","350gr_hvo","300gr_biotop","400gr_yupo","350gr_metallic_white","400gr_silk_mc","350gr_hvo_nk","350gr_sbs","300gr_tintoretto_gesso","300gr_conqueror_vergé_diamond_white","300gr_conqueror_vergé_(crème)_high_white","400gr_hvo_nk","500gr_sbd","400gr_sbd","295gr_paperwise_earth_pact_natural","440gr_kraft_muskat","110gr_cromatico","150gr_cromatico","200gr_cromatico","170gr_synaps","350gr_sbs_invercote","319gr_yupo_blue","276gr_yupo_blue","350gr_sbd_invercote","80gr_recyclingpaper_rebello_or_vivus_89","135gr_recyclingpaper_rebello_or_vivus_89","300gr_recyclingpaper_rebello_or_vivus_89","300gr_synaps"],"property":"material"}],[{"property":"sealed","options":["500"]},{"options":["250gr_gesatineerd_mc","170gr_hvo","200gr_yupo","170gr_recystar","160gr_biotop","150gr_paperwise_earth_pact_natural","170gr_recystar_nature","250gr_silk_mc","300gr_gesatineerd_mc","250gr_yupo","350gr_gesatineerd_mc","250gr_hvo","300gr_silk_mc","300gr_yupo_blue_ypi","250gr_biotop","290gr_sirio_color_nero","400gr_gesatineerd_mc","300gr_hvo","350gr_silk_mc","350gr_yupo_blue_ypi","280gr_linnen","300gr_cotton_max_white","300gr_cotton_linen_cream","300gr_cotton_gentlemen_blue","300gr_metallic_gold","300gr_metallic_pearl","300gr_metallic_silver","300gr_sbs","300gr_recystar_nature","300gr_sbs_symbol_card","300gr_hvo_nk","250gr_tintoretto_gesso","290gr_kraft_muskat","300gr_recystar","350gr_hvo","300gr_biotop","400gr_yupo","350gr_metallic_white","400gr_silk_mc","350gr_hvo_nk","350gr_sbs","300gr_tintoretto_gesso","300gr_conqueror_vergé_(crème)_high_white","300gr_conqueror_vergé_diamond_white","400gr_hvo_nk","295gr_paperwise_earth_pact_natural","400gr_sbd","500gr_sbd","440gr_kraft_muskat","110gr_cromatico","150gr_cromatico","200gr_cromatico","170gr_synaps","350gr_sbs_invercote","200gr_yupo_blue","234gr_yupo_blue","276gr_yupo_blue","319gr_yupo_blue","350gr_sbd_invercote","300gr_recyclingpaper_rebello_or_vivus_89","170gr_recyclingpaper_rebello_or_vivus_89","80gr_recyclingpaper_rebello_or_vivus_89","135gr_recyclingpaper_rebello_or_vivus_89","300gr_synaps","300gr_cotton_new_grey"],"property":"material"}],[{"options":["300gr_conqueror_vergé_(crème)_high_white","300gr_conqueror_vergé_diamond_white","90gr_gesatineerd_mc","90gr_silk_mc","250gr_hvo"],"property":"material"},{"options":["custom:width:70-680","custom:height:60-475"],"property":"size"}],[{"options":["295gr_paperwise_earth_pact_natural","170gr_synaps","300gr_synaps"],"property":"material"},{"options":["custom:width:70-615","custom:height:60-425"],"property":"size"}],[{"property":"die_cut","options":["yes"]},{"property":"perforation","options":["3_perforation_lines","4_perforation_lines"]}],[{"options":["inkjet"],"property":"printingmethod"},{"options":["5"],"property":"variable_creasing_line"}],[{"options":["25","50","100","250","500"],"property":"sealed"},{"options":["custom:width:105-297","custom:height:148-420","a2","a7","a7_landscape"],"property":"size"}],[{"property":"material","options":["90gr_paperwise_earth_pact_natural","150gr_paperwise_earth_pact_natural","170gr_recystar_nature","300gr_recystar_nature","120gr_recystar_nature","120gr_recystar","90gr_recystar","170gr_recystar","90gr_recystar_nature","300gr_recystar","300gr_hvo","300gr_hvo_nk"]},{"options":["custom:width:-675","custom:height:-475"],"property":"size"}],[{"options":["offset"],"property":"printingmethod"},{"options":[1500,2000,3000,4000],"property":"copies"},{"options":["100gr_hv_bankpost","170gr_recystar_nature","300gr_recystar_nature","300gr_silk_mc","350gr_silk_mc","350gr_gesatineerd_mc","400gr_gesatineerd_mc","300gr_sbs_symbol_card","400gr_hvo_nk","70gr_hvo","120gr_hvo","250gr_hvo","350gr_hvo","80gr_recyclingpaper_rebello_or_vivus_89","135gr_recyclingpaper_rebello_or_vivus_89","300gr_recyclingpaper_rebello_or_vivus_89","170gr_recyclingpaper_rebello_or_vivus_89"],"property":"material"}],[{"property":"printingmethod","options":["digital"]},{"options":["80gr_recyclingpaper_rebello_or_vivus_89","135gr_recyclingpaper_rebello_or_vivus_89"],"property":"material"}],[{"options":["single_sided_linen_lamination","double_sided_linen_lamination"],"property":"finish"},{"options":["foil_copper","foil_glitter","foil_gold","foil_rainbow","foil_rose","foil_silver","partial_gloss","embossed_partial_gloss_80","embossed_partial_gloss_40"],"property":"spot_finish_back"}],[{"options":["inkjet"],"property":"printingmethod"},{"options":["foil_copper","foil_glitter","foil_gold","foil_rainbow","foil_rose","foil_silver","partial_gloss","embossed_partial_gloss_80","embossed_partial_gloss_40"],"property":"spot_finish_back"}],[{"options":["90gr_hv_bankpost","115gr_gesatineerd_mc","100gr_hv_bankpost","135gr_gesatineerd_mc","115gr_silk_mc","135gr_silk_mc","170gr_silk_mc","90gr_recystar_nature","120gr_recystar_nature","170gr_recystar_nature","300gr_recystar_nature","120gr_biotop","160gr_biotop","90gr_biotop","70gr_hvo","90gr_hvo","120gr_hvo","170gr_hvo","250gr_hvo","300gr_hvo","350gr_hvo","400gr_hvo_nk","300gr_hvo_nk","350gr_hvo_nk","500gr_sbd","280gr_linnen","170gr_synaps","290gr_sirio_color_nero","90gr_paperwise_earth_pact_natural","150gr_paperwise_earth_pact_natural","300gr_cotton_max_white","300gr_cotton_linen_cream","300gr_cotton_new_grey","300gr_cotton_gentlemen_blue","300gr_conqueror_vergé_(crème)_high_white","300gr_conqueror_vergé_diamond_white","440gr_kraft_muskat","290gr_kraft_muskat","200gr_yupo","250gr_yupo","300gr_yupo_blue_ypi","350gr_yupo_blue_ypi","400gr_yupo","170gr_gesatineerd_mc","300gr_biotop","250gr_tintoretto_gesso","200gr_yupo_blue","234gr_yupo_blue","276gr_yupo_blue","319gr_yupo_blue","295gr_paperwise_earth_pact_natural","300gr_synaps"],"property":"material"},{"options":["geen"],"property":"finish"},{"options":["foil_copper","foil_glitter","foil_gold","foil_rainbow","foil_rose","foil_silver","partial_gloss","embossed_partial_gloss_80","embossed_partial_gloss_40"],"property":"spot_finish_back"}],[{"options":["foil_gold","foil_silver","foil_rose","foil_copper","foil_glitter","foil_rainbow","embossed_partial_gloss_40","embossed_partial_gloss_80"],"property":"spot_finish_back"},{"options":["300gr_sbs_symbol_card","300gr_sbs","350gr_sbs","400gr_gesatineerd_mc","400gr_silk_mc","400gr_sbd","300gr_recystar","300gr_recystar_nature","110gr_cromatico","150gr_cromatico","200gr_cromatico","300gr_cotton_max_white","300gr_cotton_linen_cream","300gr_cotton_gentlemen_blue","350gr_sbs_invercote","250gr_tintoretto_gesso","170gr_recyclingpaper_rebello_or_vivus_89","300gr_recyclingpaper_rebello_or_vivus_89","80gr_recyclingpaper_rebello_or_vivus_89","90gr_recyclingpaper_rebello_or_vivus_89","135gr_recyclingpaper_rebello_or_vivus_89","350gr_metallic_white","300gr_cotton_new_grey","158gr_yupo_blue","200gr_yupo_blue","234gr_yupo_blue","276gr_yupo_blue","319gr_yupo_blue","115gr_teslin","167gr_teslin","243gr_teslin"],"property":"material"}],[{"property":"size","options":["custom:width:160-594","custom:height:105-420","a6_landscape","a7","a7_landscape","a6","a4_large","a5_large","a6_large","a6_large_landscape","a7_large","a7_large_landscape","carre_m","carre_card","carre_s","carre_xs","card_medium","card_small","ringband","ringband_small","ringband_xsmall","1/3_a3","1/3_a4","1/3_a5","din_large","din_large_landscape","din_large_plus","din_large_plus_landscape","us_large"]},{"options":["offset"],"property":"printingmethod"},{"property":"variable_creasing_line","options":["1","2"]}],[{"options":["three_drillholes_3mm","four_drillholes_3mm","one_drillhole_9mm","two_drillholes_9mm","three_drillholes_9mm","four_drillholes_9mm","one_drillhole_10mm","two_drillholes_10mm","three_drillholes_10mm","four_drillholes_10mm"],"property":"drillholes"},{"property":"spot_finish","options":["foil_gold","foil_silver","foil_rose","foil_copper","foil_glitter","foil_rainbow","embossed_partial_gloss_40","embossed_partial_gloss_80"]}],[{"options":["three_drillholes_3mm","four_drillholes_3mm","one_drillhole_9mm","two_drillholes_9mm","three_drillholes_9mm","four_drillholes_9mm","one_drillhole_10mm","two_drillholes_10mm","three_drillholes_10mm","four_drillholes_10mm"],"property":"drillholes"},{"options":["foil_gold","foil_silver","foil_rose","foil_copper","foil_glitter","foil_rainbow","embossed_partial_gloss_40","embossed_partial_gloss_80"],"property":"spot_finish_back"}],[{"options":["three_drillholes_3mm","four_drillholes_3mm","one_drillhole_9mm","two_drillholes_9mm","three_drillholes_9mm","four_drillholes_9mm","one_drillhole_10mm","two_drillholes_10mm","three_drillholes_10mm","four_drillholes_10mm"],"property":"drillholes"},{"options":["yes"],"property":"die_cut"}],[{"options":["custom:width:160-700","custom:height:105-500"],"property":"size"},{"options":["digital","inkjet"],"property":"printingmethod"},{"options":["1","2","3","4","5"],"property":"variable_creasing_line"}],[{"property":"die_cut","options":["yes"]},{"options":["a2","custom:width:40-434","custom:height:40-304"],"property":"size"},{"options":["280gr_linnen","290gr_sirio_color_nero","350gr_metallic_white","300gr_metallic_pearl","300gr_metallic_gold","300gr_metallic_silver","400gr_sbd"],"property":"material"}],[{"options":["110gr_cromatico","150gr_cromatico","200gr_cromatico"],"property":"material"},{"property":"size","options":["a2","custom:width:40-418","custom:height:40-278"]},{"options":["foil_gold","foil_silver","foil_rose","foil_copper","foil_glitter","foil_rainbow","embossed_partial_gloss_40","embossed_partial_gloss_80"],"property":"spot_finish"}],[{"options":["44","55_full_color_plus_white"],"property":"printtype"},{"options":["110gr_cromatico","150gr_cromatico","200gr_cromatico"],"property":"material"}],[{"property":"perforation","options":["1_perforation_line","2_perforation_lines","3_perforation_lines","4_perforation_lines"]},{"options":["110gr_cromatico","150gr_cromatico","200gr_cromatico","300gr_cotton_max_white","300gr_cotton_linen_cream","300gr_cotton_gentlemen_blue","300gr_conqueror_vergé_(crème)_high_white","300gr_cotton_new_grey"],"property":"material"}],[{"options":["a3","a3_landscape"],"property":"size"},{"options":["110gr_cromatico","150gr_cromatico","200gr_cromatico"],"property":"material"},{"options":["foil_gold","foil_silver","foil_rose","foil_copper","foil_glitter","foil_rainbow","embossed_partial_gloss_40","embossed_partial_gloss_80"],"property":"spot_finish"}],[{"property":"material","options":["250gr_biotop","300gr_biotop","250gr_hvo","300gr_hvo","350gr_hvo","300gr_hvo_nk","350gr_hvo_nk","400gr_hvo_nk","295gr_paperwise_earth_pact_natural","290gr_sirio_color_nero","250gr_tintoretto_gesso"]},{"options":["single_sided_gloss_lamination","single_sided_matt_lamination","single_soft_touch_lamination","single_sided_scratch_resistant_laminate","single_sided_linen_lamination"],"property":"finish"},{"property":"spot_finish_back","options":["foil_gold","foil_silver","foil_rose","foil_copper","foil_glitter","foil_rainbow","embossed_partial_gloss_40","embossed_partial_gloss_80"]}],[{"options":["a2","custom:width:40-440","custom:height:40-300"],"property":"size"},{"property":"material","options":["300gr_cotton_max_white","300gr_cotton_linen_cream","300gr_cotton_gentlemen_blue","300gr_cotton_new_grey"]},{"options":["digital"],"property":"printingmethod"}],[{"property":"material","options":["300gr_cotton_max_white","300gr_cotton_linen_cream","300gr_cotton_gentlemen_blue","300gr_cotton_new_grey"]},{"options":["3","4","5"],"property":"variable_creasing_line"}],[{"options":["one_drillhole_3mm","two_drillholes_3mm","three_drillholes_3mm","four_drillholes_3mm","one_drillhole_4mm","two_drillholes_4mm","one_drillhole_5mm","two_drillholes_5mm","three_drillholes","four_drillholes","one_drillhole_8mm","two_drillhole_8mm","three_drillhole_8mm","four_drillhole_8mm","three_drillholes_9mm","four_drillholes_9mm","one_drillhole_10mm","two_drillholes_10mm","three_drillholes_10mm","four_drillholes_10mm"],"property":"drillholes"},{"options":["300gr_cotton_max_white","300gr_cotton_linen_cream","300gr_cotton_gentlemen_blue","300gr_cotton_new_grey"],"property":"material"}],[{"options":["custom:width:74-630","custom:height:105-420"],"property":"size"},{"options":["300gr_silk_mc"],"property":"material"},{"options":["offset"],"property":"printingmethod"}],[{"options":["custom:width:74-594","custom:height:105-420"],"property":"size"},{"property":"material","options":["400gr_silk_mc"]},{"property":"printingmethod","options":["offset"]}],[{"options":["foil_gold","foil_silver","foil_copper","foil_rose","foil_glitter","foil_rainbow","embossed_partial_gloss_40","embossed_partial_gloss_80"],"property":"spot_finish_back"},{"property":"printingmethod","options":["offset","inkjet"]}],[{"options":["1_perforation_line","2_perforation_lines","3_perforation_lines","4_perforation_lines"],"property":"perforation"},{"options":["300gr_silk_mc","400gr_silk_mc","300gr_hvo"],"property":"material"},{"options":["offset"],"property":"printingmethod"}],[{"options":["bundle_250_no_boxes","bundle_250_boxes","bundle_random_no_boxes","bundle_500_boxes","bundle_500_no_boxes"],"property":"pallet_delivery"},{"options":["400gr_silk_mc"],"property":"material"},{"options":["offset"],"property":"printingmethod"}],[{"options":["custom:width:65-900","custom:height:100-636"],"property":"size"},{"options":["offset"],"property":"printingmethod"}],[{"options":["custom:width:40-700","custom:height:40-500"],"property":"size"},{"options":["digital"],"property":"printingmethod"}],[{"options":["custom:width:160-594","custom:height:105-420","a6","a6_landscape","a7","a7_landscape","a4_large","a5_large","a6_large","a6_large_landscape","a7_large","a7_large_landscape","carre_card","carre_s","carre_xs","card_medium","card_small","ringband","ringband_small","ringband_xsmall","1/3_a3","1/3_a4","1/3_a5","din_large","din_large_landscape","din_large_plus","din_large_plus_landscape","us_large"],"property":"size"},{"property":"perforation","options":["1_perforation_line","2_perforation_lines","3_perforation_lines","4_perforation_lines"]}],[{"property":"drillholes","options":["three_drillholes_3mm","four_drillholes_3mm","one_drillhole_9mm","two_drillholes_9mm","three_drillholes_9mm","four_drillholes_9mm","one_drillhole_10mm","two_drillholes_10mm","three_drillholes_10mm","four_drillholes_10mm"]},{"options":["300gr_king_board_white"],"property":"material"}],[{"options":["300gr_king_board_white","400gr_gesatineerd_mc","300gr_sbs_symbol_card","350gr_sbs_invercote","350gr_sbd_invercote"],"property":"material"},{"property":"finish","options":["single_sided_linen_lamination","double_sided_linen_lamination"]},{"property":"printingmethod","options":["digital"]}],[{"options":["a2","custom:width:65-440","custom:height:70-306"],"property":"size"},{"options":["inkjet"],"property":"printingmethod"}],[{"property":"material","options":["400gr_silk_mc"]},{"options":[2000,3000,4000,1500],"property":"copies"},{"property":"printingmethod","options":["offset"]}],[{"options":["bundle_per_25","bundle_per_50","bundle_per_100","bundle_per_250","bundle_per_500"],"property":"bundle"},{"options":["digital","inkjet","offset"],"property":"printingmethod"},{"options":["a2","custom:width:-300","custom:height:-420"],"property":"size"}],[{"options":["offset"],"property":"printingmethod","description":"Drukkerij de Groot kan niet per 50 bundelen - Wanneer prijzen voor Oss zijn opgevoerd, kan deze exclude eruit"},{"property":"material","options":["300gr_silk_mc"]},{"options":["bundle_per_50"],"property":"bundle"}],[{"property":"pallet_delivery","options":["bundle_250_no_boxes","bundle_250_boxes"]},{"property":"material","options":["400gr_gesatineerd_mc","350gr_silk_mc","400gr_silk_mc","300gr_recystar_nature","300gr_biotop","350gr_hvo","300gr_hvo_nk","350gr_hvo_nk","400gr_hvo_nk","300gr_sbs_symbol_card","300gr_sbs","350gr_sbs","350gr_sbs_invercote","400gr_sbd","280gr_linnen","250gr_tintoretto_gesso","300gr_tintoretto_gesso","350gr_metallic_white","300gr_metallic_pearl","300gr_metallic_gold","300gr_metallic_silver","290gr_sirio_color_nero","295gr_paperwise_earth_pact_natural","80gr_recyclingpaper_rebello_or_vivus_89","135gr_recyclingpaper_rebello_or_vivus_89","170gr_recyclingpaper_rebello_or_vivus_89","300gr_recyclingpaper_rebello_or_vivus_89","300gr_recystar","290gr_kraft_muskat","300gr_cotton_max_white","300gr_cotton_linen_cream","300gr_cotton_gentlemen_blue","350gr_yupo_blue_ypi","400gr_yupo","319gr_yupo_blue","276gr_yupo_blue","90gr_recyclingpaper_rebello_or_vivus_89","300gr_cotton_new_grey","300gr_king_board_white"]}],[{"options":["bundle_500_no_boxes","bundle_500_boxes"],"property":"pallet_delivery"},{"options":["250gr_gesatineerd_mc","300gr_gesatineerd_mc","350gr_gesatineerd_mc","400gr_gesatineerd_mc","250gr_silk_mc","300gr_silk_mc","350gr_silk_mc","400gr_silk_mc","170gr_recystar_nature","300gr_recystar_nature","160gr_biotop","250gr_biotop","300gr_biotop","170gr_hvo","250gr_hvo","300gr_hvo","350gr_hvo","300gr_hvo_nk","350gr_hvo_nk","400gr_hvo_nk","300gr_sbs_symbol_card","300gr_sbs","350gr_sbs","350gr_sbs_invercote","400gr_sbd","280gr_linnen","250gr_tintoretto_gesso","300gr_tintoretto_gesso","350gr_metallic_white","300gr_metallic_pearl","300gr_metallic_gold","300gr_metallic_silver","290gr_sirio_color_nero","150gr_paperwise_earth_pact_natural","295gr_paperwise_earth_pact_natural","80gr_recyclingpaper_rebello_or_vivus_89","135gr_recyclingpaper_rebello_or_vivus_89","170gr_recyclingpaper_rebello_or_vivus_89","300gr_recyclingpaper_rebello_or_vivus_89","170gr_recystar","300gr_recystar","290gr_kraft_muskat","300gr_cotton_max_white","300gr_cotton_linen_cream","300gr_cotton_gentlemen_blue","250gr_yupo","300gr_yupo_blue_ypi","350gr_yupo_blue_ypi","400gr_yupo","200gr_yupo_blue","234gr_yupo_blue","276gr_yupo_blue","319gr_yupo_blue","90gr_recyclingpaper_rebello_or_vivus_89","300gr_synaps","300gr_cotton_new_grey","300gr_king_board_white"],"property":"material"}],[{"property":"rounded_corners","options":["3,5_mm_radius","7_mm_radius"]},{"property":"size","options":["custom:width:85-297","custom:height:55-297","a2","a3","a3_landscape","a4_large"]}],[{"property":"perforation","options":["1_perforation_line","2_perforation_lines","3_perforation_lines","4_perforation_lines"]},{"property":"material","options":["90gr_recyclingpaper_rebello_or_vivus_89","170gr_recyclingpaper_rebello_or_vivus_89","300gr_recyclingpaper_rebello_or_vivus_89","80gr_recyclingpaper_rebello_or_vivus_89","135gr_recyclingpaper_rebello_or_vivus_89"]}],[{"options":["numbering","personalize_from_excel"],"property":"personalize"},{"property":"material","options":["80gr_recyclingpaper_rebello_or_vivus_89","90gr_recyclingpaper_rebello_or_vivus_89","135gr_recyclingpaper_rebello_or_vivus_89","170gr_recyclingpaper_rebello_or_vivus_89","300gr_recyclingpaper_rebello_or_vivus_89","300gr_conqueror_vergé_(crème)_high_white"]}],[{"property":"material","options":["80gr_recyclingpaper_rebello_or_vivus_89","90gr_recyclingpaper_rebello_or_vivus_89","135gr_recyclingpaper_rebello_or_vivus_89","170gr_recyclingpaper_rebello_or_vivus_89","300gr_recyclingpaper_rebello_or_vivus_89","300gr_conqueror_vergé_(crème)_high_white"]},{"property":"printingmethod","options":["digital"]},{"options":["one_drillhole_3mm","two_drillholes_3mm","three_drillholes_3mm","four_drillholes_3mm","two_drillholes_4mm","two_drillholes_5mm","one_drillhole","three_drillholes","two_drillholes","four_drillholes","one_drillhole_8mm","two_drillhole_8mm","three_drillhole_8mm","four_drillhole_8mm","one_drillhole_9mm","two_drillholes_9mm","three_drillholes_9mm","four_drillholes_9mm","one_drillhole_10mm","two_drillholes_10mm","three_drillholes_10mm","four_drillholes_10mm"],"property":"drillholes"}],[{"property":"material","options":["350gr_sbs_invercote","350gr_sbd_invercote"]},{"property":"drillholes","options":["three_drillholes_3mm","four_drillholes_3mm"]},{"property":"printingmethod","options":["digital"]}],[{"property":"sealed","options":["25","50","100","250","500"]},{"property":"material","options":["80gr_recyclingpaper_rebello_or_vivus_89","135gr_recyclingpaper_rebello_or_vivus_89","170gr_recyclingpaper_rebello_or_vivus_89","300gr_recyclingpaper_rebello_or_vivus_89"]},{"property":"printingmethod","options":["offset"]}],[{"property":"printtype","options":["50_full_color_plus_white","55_full_color_plus_white"]},{"property":"finish","options":["double_sided_linen_lamination","single_sided_linen_lamination"]}],[{"property":"material","options":["300gr_metallic_gold","300gr_metallic_pearl","350gr_metallic_white","300gr_metallic_silver"]},{"property":"printtype","options":["44","40"]},{"property":"spot_finish","options":["foil_gold","foil_silver","foil_rose","foil_copper","foil_glitter","foil_rainbow","embossed_partial_gloss_40","embossed_partial_gloss_80"]}],[{"property":"material","options":["350gr_metallic_white","300gr_metallic_pearl","300gr_metallic_gold","300gr_metallic_silver"]},{"options":["40","44"],"property":"printtype"},{"property":"spot_finish_back","options":["foil_gold","foil_silver","foil_rose","foil_copper","foil_glitter","foil_rainbow","embossed_partial_gloss_40","embossed_partial_gloss_80"]}],[{"options":["200gr_yupo_blue","234gr_yupo_blue","276gr_yupo_blue","319gr_yupo_blue"],"property":"material"},{"property":"size","options":["custom:width:40-700","custom:height:40-494"]}],[{"property":"drillholes","options":["one_drillhole_3mm","two_drillholes_3mm","three_drillholes_3mm","four_drillholes_3mm","one_drillhole_9mm","two_drillholes_9mm","three_drillholes_9mm","four_drillholes_9mm","one_drillhole_10mm","two_drillholes_10mm","three_drillholes_10mm","four_drillholes_10mm"]},{"options":["170gr_synaps","300gr_synaps"],"property":"material"}],[{"property":"material","options":["300gr_hvo"],"description":"Test Jelmer Tim - 300 HVO 1500 en 3000 ex"},{"property":"printingmethod","options":["offset"]},{"options":[1500,3000],"property":"copies"}],[{"options":["double_sided_linen_lamination","single_sided_linen_lamination"],"property":"finish"},{"property":"material","options":["115gr_teslin","167gr_teslin","243gr_teslin"]}],[{"property":"variable_creasing_line","options":["4","5"]},{"property":"material","options":["243gr_teslin"]}],[{"options":["2_perforation_lines","3_perforation_lines","4_perforation_lines"],"property":"perforation"},{"property":"material","options":["115gr_teslin","167gr_teslin","243gr_teslin"]}],[{"property":"perforation","options":["1_perforation_line","2_perforation_lines","3_perforation_lines","4_perforation_lines"]},{"options":["offset"],"property":"printingmethod"}]]}