{"sku":"foot-plates","active":true,"titleSingle":"Pied pour panneau","titlePlural":"Pieds pour panneau","createdAt":"2023-10-02T12:15:26.512Z","updatedAt":"2024-05-07T11:37:34.245Z","introductionDate":"2023-10-02T12:15:26.512Z","properties":[{"slug":"accessories","title":"Accessoires","locked":false,"options":[{"slug":"foot_plate_8cm_dual","name":"Set de pieds de 8 cm (2 pces)","nullable":false,"eco":false},{"slug":"foot_plate_40cm","name":"Pied 40 cm","nullable":false,"eco":false},{"slug":"foot_plate_50_cm","name":"Pied 50 cm","nullable":false,"eco":false}]},{"slug":"color","title":"Couleurs","locked":false,"options":[{"slug":"aluminium_foot_plates","name":"Aluminium","nullable":false,"eco":false},{"slug":"aluminium_foot_plates_black","name":"Aluminium noir (peint au four)","nullable":false,"eco":false}]},{"slug":"copies","title":"Quantité","locked":false,"options":[]},{"slug":"material","title":"Support","locked":false,"options":[{"slug":"accessories","name":"Accessoires","nullable":false,"eco":false}]},{"slug":"printtype","title":"Impression","locked":false,"options":[{"slug":"00","name":"Non imprimé","nullable":false,"eco":false}]},{"slug":"printingmethod","title":"Méthode d'impression","locked":false,"options":[{"slug":"raw_material","name":"Sans impression","nullable":false,"eco":false}]},{"slug":"urgency","title":"Urgence","locked":false,"options":[{"slug":"standard","name":"Standard","nullable":false,"eco":false},{"slug":"moderate","nullable":false,"eco":false,"name":"Moderate"},{"slug":"quick","name":"Rapide","nullable":false,"eco":false},{"slug":"urgent","name":"Urgent","nullable":false,"eco":false}]},{"slug":"size","title":"Format (largeur x hauteur)","locked":false,"options":[{"slug":"50_x_30_cm_panel_base","name":"Base panneau 50 x 30 cm","nullable":false},{"slug":"accessories","name":"Accessories","nullable":false}]}],"maxDesigns":1,"bleed":"3","hsCode":"7326909800","isAvailableInUserRegion":true,"hasAccessories":false,"accessoryExcludes":[],"excludes":[[{"property":"accessories","options":["foot_plate_8cm_dual","foot_plate_40cm"]},{"property":"color","options":["aluminium_foot_plates_black"]}],[{"options":["foot_plate_30_cm","foot_plate_50_cm"],"property":"accessories"},{"property":"color","options":["aluminium_foot_plates"]}],[{"property":"accessories","options":["foot_plates_10_cm_set"]},{"property":"color","options":["aluminium_foot_plates"]}]]}