{"sku":"ground-drill","active":true,"titleSingle":"Vis d'ancrage","titlePlural":"Vis d'ancrage","createdAt":"2023-10-02T13:40:30.260Z","updatedAt":"2024-02-14T10:49:40.881Z","introductionDate":"2023-10-02T13:40:30.260Z","properties":[{"slug":"summary_image","locked":false,"options":[{"slug":"ground_spike","name":"Ground spike","nullable":true,"eco":false}],"title":"summary_image"},{"slug":"size","title":"Format (largeur x hauteur)","locked":false,"options":[{"slug":"ground_drill_45_cm","name":"45 cm x 7 cm","nullable":false}]},{"slug":"material","title":"Support","locked":false,"options":[{"slug":"500gr_platic_and_steel","name":"Plastique et métal","nullable":false,"eco":false}]},{"slug":"weight","title":"Poids","locked":false,"options":[{"slug":"640_grams","name":"0.64 kg","nullable":false,"eco":false}]},{"slug":"copies","title":"Quantité","locked":false,"options":[]},{"slug":"accessories_flags","title":"Accessoires drapeaux","locked":false,"options":[{"slug":"ground_spike","name":"Vis d'ancrage au sol ","nullable":false,"eco":false}]},{"slug":"printingmethod","title":"Méthode d'impression","locked":false,"options":[{"slug":"raw_material","name":"Sans impression","nullable":false,"eco":false}]},{"slug":"printtype","title":"Impression","locked":false,"options":[{"slug":"00","name":"Non imprimé","nullable":false,"eco":false}]},{"slug":"urgency","title":"Urgence","locked":false,"options":[{"slug":"standard","name":"Standard","nullable":false,"eco":false},{"slug":"moderate","nullable":false,"eco":false,"name":"Moderate"},{"slug":"quick","name":"Rapide","nullable":false,"eco":false},{"slug":"urgent","name":"Urgent","nullable":false,"eco":false}]}],"maxDesigns":1,"bleed":3,"hsCode":"8430690000","isAvailableInUserRegion":true,"hasAccessories":false,"accessoryExcludes":[],"excludes":[]}