{"sku":"key-ring-trolley-euro-token","active":true,"titleSingle":"Porte-clé avec jeton caddie","titlePlural":"Porte-clés avec jeton caddie","createdAt":"2023-10-09T08:20:08.212Z","updatedAt":"2025-11-07T09:08:45.021Z","introductionDate":"2023-10-09T08:20:08.212Z","properties":[{"slug":"summary_image","title":"summary image","locked":false,"options":[{"slug":"key_ring_trolley_euro_token","nullable":true,"eco":false,"name":"key ring trolley euro token"}],"required":false},{"slug":"material","title":"Support","locked":false,"options":[{"slug":"12gr_metal","name":"12 grams métal ","nullable":false,"eco":false}],"required":true},{"slug":"size","title":"Format produit (Largeur x Hauteur)","locked":false,"options":[{"slug":"2.3_diameter_x_8_cm","name":"Ø2.3  x 8 cm ","nullable":false}],"required":true},{"slug":"packaging_quantity","title":"Quantités d'emballage","locked":false,"options":[{"slug":"packed_per_500","name":"Par 500","nullable":true,"eco":false}],"required":false},{"slug":"printtype","title":"Impression","locked":false,"options":[{"slug":"00","name":"Non imprimé","nullable":false,"eco":false},{"slug":"10_engraving","name":"1/0 gravure","nullable":false,"eco":false}],"required":true},{"slug":"color","title":"Couleur","locked":false,"options":[{"slug":"red_key_ring","name":"Rouge ","nullable":false,"eco":false},{"slug":"white_key_ring","name":"Blanc ","nullable":false,"eco":false},{"slug":"blue_key_ring","name":"Bleu ","nullable":false,"eco":false}],"required":true},{"slug":"print_position","title":"Position de l'impression","locked":false,"options":[{"slug":"none","name":"Sans ","nullable":true,"eco":false},{"slug":"back","name":"Face arrière ","nullable":false,"eco":false}],"required":false},{"slug":"copies","title":"Quantité","locked":false,"options":[],"required":true},{"slug":"printingmethod","title":"Méthode d'impression","locked":false,"options":[{"slug":"engraving","name":"Gravure","nullable":false,"eco":false},{"slug":"sample","name":"Échantillon non imprimé","nullable":false,"eco":false}],"required":true},{"slug":"urgency","title":"Urgence","locked":false,"options":[{"slug":"standard","name":"Standard","nullable":false,"eco":false}],"required":true},{"slug":"brand_name","title":"Marque et type","locked":false,"options":[{"slug":"tokenring","name":"Tokenring","nullable":true,"eco":false}],"required":false},{"slug":"article_number","title":"Numéro d'article","locked":false,"options":[{"slug":"mo9748-05","nullable":false,"eco":false,"name":"MO9748-05"},{"slug":"mo9748-06","nullable":false,"eco":false,"name":"MO9748-06"},{"slug":"mo9748-37","nullable":false,"eco":false,"name":"MO9748-37"}],"required":true},{"slug":"delivery","title":"Préférence d'emballage","locked":false,"options":[{"slug":"shipping_midocean","name":"Shipping Midocean","nullable":false,"eco":false},{"slug":"none","name":"Sans","nullable":true,"eco":false}],"required":false},{"slug":"handling_costs","title":"Frais de manutention","locked":false,"options":[{"slug":"handlings_cost_b","name":"Frais de manutention b","nullable":false,"eco":false}],"required":true},{"slug":"box_delivery","locked":false,"options":[{"slug":"500","nullable":false,"eco":false,"name":"500"}],"required":true,"title":"box_delivery"}],"maxDesigns":1,"bleed":"0","hsCode":"7326909800","isAvailableInUserRegion":true,"hasAccessories":false,"accessoryExcludes":[],"category":["gifts-merchandise-promotional","goodies-games","keychains-keycords","keychains"],"flexibleprintingmethod":false,"excludes":[[{"property":"printtype","options":["00"]},{"property":"printingmethod","options":["engraving"]}],[{"options":["10_engraving"],"property":"printtype"},{"property":"printingmethod","options":["sample"]}],[{"property":"printtype","options":["10_engraving"]},{"property":"print_position","options":["none"]}],[{"property":"printtype","options":["00"]},{"property":"print_position","options":["back"]}]]}