{"sku":"knife-30-degrees-9mm","active":true,"titleSingle":"Cutter  30° ","titlePlural":"Cutters  30° ","createdAt":"2023-10-12T14:47:08.783Z","updatedAt":"2024-02-14T10:49:37.621Z","introductionDate":"2023-10-12T14:47:08.783Z","properties":[{"slug":"summary_image","locked":false,"options":[{"slug":"knife_30_degrees_9mm","name":"knife_30_degrees_9mm","nullable":true,"eco":false}],"title":"summary_image"},{"slug":"size","title":"Format (largeur x hauteur)","locked":false,"options":[{"slug":"knife_138_10","name":"138 x 10 mm","nullable":false}]},{"slug":"material","title":"Support","locked":false,"options":[{"slug":"1000gr_stainless-steel","name":"Acier inox","nullable":false,"eco":false}]},{"slug":"copies","title":"Quantité","locked":false,"options":[]},{"slug":"printingmethod","title":"Méthode d'impression","locked":false,"options":[{"slug":"raw_material","name":"Sans impression","nullable":false,"eco":false}]},{"slug":"accessories","title":"Accessoires","locked":false,"options":[{"slug":"knife_30_degrees_9mm","name":"Couteau","nullable":false,"eco":false}]},{"slug":"printtype","title":"Impression","locked":false,"options":[{"slug":"00","name":"Non imprimé","nullable":false,"eco":false}]},{"slug":"urgency","title":"Urgence","locked":false,"options":[{"slug":"standard","name":"Standard","nullable":false,"eco":false},{"slug":"quick","name":"Rapide","nullable":false,"eco":false},{"slug":"urgent","name":"Urgent","nullable":false,"eco":false},{"slug":"moderate","nullable":false,"eco":false,"name":"Moderate"}]}],"maxDesigns":1,"hsCode":"8211939000","isAvailableInUserRegion":true,"hasAccessories":false,"accessoryExcludes":[],"excludes":[]}