{"sku":"labels-on-roll","active":true,"titleSingle":"Etiquettes en rouleau","titlePlural":"Etiquettes en rouleau","createdAt":"2023-08-21T14:37:50.265Z","updatedAt":"2024-10-28T12:45:02.304Z","properties":[{"slug":"output_direction","title":"Déroulage des étiquettes","locked":false,"options":[{"slug":"outer_180","name":"Sticker en rouleau N°1","nullable":false,"eco":false},{"slug":"outer_0","name":"Sticker en rouleau N° 2","nullable":false,"eco":false},{"slug":"outer_270","name":"Sticker en rouleau N°3","nullable":false,"eco":false},{"slug":"outer_90","name":"Sticker en rouleau N°4","nullable":false,"eco":false},{"slug":"inner_180","name":"Sticker en rouleau N°5","nullable":false,"eco":false},{"slug":"inner_0","name":"Sticker en rouleau N°6","nullable":false,"eco":false},{"slug":"inner_270","name":"Sticker en rouleau N°7","nullable":false,"eco":false},{"slug":"inner_90","name":"Sticker en rouleau N°8","nullable":false,"eco":false}]},{"slug":"shape","title":"Forme","locked":false,"options":[{"slug":"rectangle_sticker__2mm_rounded_corners","name":"Rectangle (coins arrondis de 2 mm)","nullable":false,"eco":false},{"slug":"circle_label","name":"Rond ou oval ","nullable":false,"eco":false},{"slug":"custom_shape","name":"Forme personnalisée","nullable":false,"eco":false},{"slug":"rectangle_sticker_90_degree_angle","name":"Rectangulaire (angles de 90 degrés)","nullable":false,"eco":false}]},{"slug":"size","title":"Format (largeur x hauteur)","locked":false,"options":[{"slug":"30_mm_circular","name":"Rond dia. 30 mm","nullable":false},{"slug":"35_mm_circular","name":"35 mm rond","nullable":false},{"slug":"40_mm_circular","name":"Rond dia. 40 mm","nullable":false},{"slug":"45_mm_circular","name":"Rond dia. 45 mm","nullable":false},{"slug":"50_mm_circular","name":"50 mm rond ","nullable":false},{"slug":"75_mm_circular","name":"75 mm rond ","nullable":false},{"slug":"130_mm_circular","name":"Rond Ø 130 mm","nullable":false},{"slug":"35_mm_square","name":"35 x 35 mm","nullable":false},{"slug":"30_mm_square","name":"30 x 30 mm","nullable":false},{"slug":"40_mm_square","name":"40 x 40 mm","nullable":false},{"slug":"45_mm_square","name":"45 x 45 mm","nullable":false},{"slug":"50_mm_square","name":"50 x 50 mm","nullable":false},{"slug":"75_mm_square","name":"75 x 75 mm","nullable":false},{"slug":"80_x_120_mm_winelabel","name":"80 x 120 mm Etiquette vin","nullable":false},{"slug":"90_x_110_mm_winelabel","name":"90 x 110 mm Etiquette vin","nullable":false},{"slug":"100_x_120_mm_winelabel","name":"100 x 120 mm - étiquette vin","nullable":false},{"slug":"a6","name":"A6 - 105 x 148 mm","nullable":false},{"slug":"a7","name":"A7 - 74 x 105 mm","nullable":false},{"slug":"a8","name":"A8 - 52 x 74 mm","nullable":false},{"slug":"50_x_30_mm_oval","name":"50 x 30 mm oval","nullable":false},{"slug":"60_x_40_mm_oval","name":"60 x 40 mm oval","nullable":false},{"slug":"70_x_50_mm_oval","name":"70 x 50 mm oval","nullable":false},{"slug":"50_x_25_mm","name":"50 x 25 mm","nullable":false},{"slug":"50_x_30_mm_label","name":"50 x 30 mm","nullable":false},{"slug":"50_x_35_mm","name":"50 x 35 mm","nullable":false},{"slug":"50_x_40_mm_label","name":"50 x 40 mm","nullable":false},{"slug":"60_x_25_mm","name":"60 x 25 mm","nullable":false},{"slug":"60_x_30_mm","name":"60 x 30 mm","nullable":false},{"slug":"60_x_40_mm_label","name":"60 x 40 mm","nullable":false},{"slug":"70_x_50_mm","name":"70 x 50 mm","nullable":false},{"slug":"custom","nullable":false,"customSizes":{"minHeight":10,"sizeUnit":"MM","minWidth":10,"maxHeight":600,"maxWidth":600}}]},{"slug":"roll_diameter","title":"Diamètre de l'enrouleur central","locked":false,"options":[{"slug":"40_mm","name":"40 mm","nullable":false,"eco":false},{"slug":"45_mm","name":"45 mm","nullable":false,"eco":false},{"slug":"76_mm","name":"76 mm","nullable":false,"eco":false}]},{"slug":"material","title":"Support","locked":false,"options":[{"slug":"55gr_pp_white_gloss","name":"PP blanc brillant 55 g/m²","nullable":false,"eco":false},{"slug":"55gr_pp_white_mat","name":"PP blanc mat 55 g/m²","nullable":false,"eco":false},{"slug":"55gr_pp_white_transparant","name":"PP transparent 50 g/m²","nullable":false,"eco":false},{"slug":"70gr_paper_mat","name":"Papier mat 70 g/m²","nullable":false,"eco":false},{"slug":"80gr_paper_gloss","name":"Papier brillant 80 g/m²","nullable":false,"eco":false},{"slug":"85gr_zelfklevend_papier_zilver_glans","name":"Papier autocollant 85 g/m² argent brillant","nullable":false,"eco":false},{"slug":"80gr_kraft","name":"Papier kraft brun 80 g/m²","nullable":false,"eco":true},{"slug":"65gr_natureflex_transparent","name":"NatureFlex™ Transparent 65 g/m²","nullable":false,"eco":true},{"slug":"65gr_natureflex_white","name":"NatureFlex™ Blanc 65 g/m²","nullable":false,"eco":true},{"slug":"70gr_paperwise_natural","name":"Paperwise® Natural 70 g/m²","nullable":false,"eco":true},{"slug":"75gr_paperwise_white","name":"Paperwise® Blanc 75 g/m²","nullable":false,"eco":true},{"slug":"90gr_coverall","name":"Papier opaque semi-brillant 90 g/m²","nullable":false,"eco":false},{"slug":"90gr_antique_white","name":"Blanc antique 90 g/m²","nullable":false,"eco":false},{"slug":"95gr_tintoretto_gesso","nullable":false,"eco":false,"name":"Tintoretto Gesso 95 g/m²"},{"slug":"98gr_pp_holo_rainbow","nullable":false,"eco":false,"name":"Holographique PP 98 g/m²"},{"slug":"80gr_neon_paper_green","name":"Papier vert fluo 80 g/m² ","nullable":false,"eco":false},{"slug":"80gr_neon_paper_orange","name":"Papier orange fluo 80 g/m²","nullable":false,"eco":false},{"slug":"80gr_neon_paper_yellow","name":"Papier jaune fluo 80 g/m² ","nullable":false,"eco":false},{"slug":"80gr_neon_paper_red","name":"Papier rouge  fluo 80 g/m² ","nullable":false,"eco":false},{"slug":"80gr_neon_paper_magenta","name":"Papier magenta fluo 80 g/m² ","nullable":false,"eco":false}]},{"slug":"type_glue","title":"Type de colle","locked":false,"options":[{"slug":"permanent","name":"Permante","nullable":false,"eco":false},{"slug":"detachable","name":"Enlevable","nullable":false,"eco":false},{"slug":"extra_permanent","name":"Extra permanente","nullable":false,"eco":false},{"slug":"freezer_resistant","name":"Résistante au gel","nullable":false,"eco":false}]},{"slug":"printtype","title":"Impression","locked":false,"options":[{"slug":"40","name":"4/0 quadri recto","nullable":false,"eco":false},{"slug":"50_full_color_plus_white","name":"5/0 quadri + blanc","nullable":false,"eco":false},{"slug":"10_pms_black","name":"1/0 Pantone noir","nullable":false,"eco":false}]},{"slug":"finish","title":"Pelliculage ou vernis","locked":false,"options":[{"slug":"geen","name":"Sans","nullable":true,"eco":false},{"slug":"single_sided_vernis_gloss","name":"Vernis brillant recto seul","nullable":false,"eco":false}]},{"slug":"spot_finish","title":"Dorure repérée","locked":false,"options":[{"slug":"none","name":"Sans","nullable":true,"eco":false},{"slug":"single_sided_foil_gold","name":"Dorure or recto","nullable":false,"eco":false},{"slug":"single_sided_foil_silver","name":"Dorure argent recto","nullable":false,"eco":false},{"slug":"single_sided_foil_copper","name":"Dorure cuivre recto","nullable":false,"eco":false},{"slug":"single_sided_foil_rose","name":"Dorure à chaud or rosé recto","nullable":false,"eco":false}]},{"slug":"copies","title":"Quantité","locked":false,"options":[{"slug":100,"nullable":false,"type":"digital"},{"slug":250,"nullable":false,"type":"digital"},{"slug":300,"nullable":false,"type":"digital"},{"slug":400,"nullable":false,"type":"digital"},{"slug":500,"nullable":false,"type":"digital"},{"slug":700,"nullable":false,"type":"digital"},{"slug":1000,"nullable":false,"type":"digital"},{"slug":2500,"nullable":false,"type":"digital"},{"slug":5000,"nullable":false,"type":"digital"},{"slug":10000,"nullable":false,"type":"digital"}]},{"slug":"number_of_rolls","title":"Nombre de rouleaux","locked":false,"options":[{"slug":"divide_equally","name":"Répartition uniforme (le nombre d'autocollants est indiqué sur le rouleau)","nullable":false,"eco":false},{"slug":"1","name":"1","description":"Nombre de rouleaux: 1","nullable":false,"eco":false},{"slug":"2","name":"2","description":"Nombre de rouleaux: 2","nullable":false,"eco":false},{"slug":"3","name":"3","description":"Nombre de rouleaux: 3","nullable":false,"eco":false},{"slug":"4","name":"4","description":"Nombre de rouleaux: 4","nullable":false,"eco":false},{"slug":"5","name":"5","description":"Nombre de rouleaux: 5","nullable":false,"eco":false},{"slug":"6","name":"6","description":"Nombre de rouleaux: 6","nullable":false,"eco":false},{"slug":"7","name":"7","description":"Nombre de rouleaux: 7","nullable":false,"eco":false},{"slug":"8","name":"8","description":"Nombre de rouleaux: 8","nullable":false,"eco":false},{"slug":"9","name":"9","description":"Nombre de rouleaux: 9","nullable":false,"eco":false},{"slug":"10","name":"10","description":"Nombre de rouleaux: 10","nullable":false,"eco":false},{"slug":"11","name":"11","description":"Nombre de rouleaux: 11","nullable":false,"eco":false},{"slug":"12","name":"12","description":"Nombre de rouleaux: 12","nullable":false,"eco":false},{"slug":"13","name":"13","description":"Nombre de rouleaux: 13","nullable":false,"eco":false},{"slug":"14","name":"14","description":"Nombre de rouleaux: 14","nullable":false,"eco":false},{"slug":"15","name":"15","description":"Nombre de rouleaux: 15","nullable":false,"eco":false},{"slug":"16","name":"16","description":"Nombre de rouleaux: 16","nullable":false,"eco":false},{"slug":"17","name":"17","description":"Nombre de rouleaux: 17","nullable":false,"eco":false},{"slug":"18","name":"18","description":"Nombre de rouleaux: 18","nullable":false,"eco":false},{"slug":"19","name":"19","description":"Nombre de rouleaux: 19","nullable":false,"eco":false},{"slug":"20","name":"20","description":"Nombre de rouleaux: 20","nullable":false,"eco":false},{"slug":"21","name":"21","description":"Nombre de rouleaux: 21","nullable":false,"eco":false},{"slug":"22","name":"22","description":"Nombre de rouleaux: 22","nullable":false,"eco":false},{"slug":"23","name":"23","description":"Nombre de rouleaux: 23","nullable":false,"eco":false},{"slug":"24","name":"24","description":"Nombre de rouleaux: 24","nullable":false,"eco":false},{"slug":"25","name":"25","description":"Nombre de rouleaux: 25","nullable":false,"eco":false},{"slug":"27","name":"27","description":"Nombre de rouleaux: 27","nullable":false,"eco":false},{"slug":"26","name":"26","description":"Nombre de rouleaux: 26","nullable":false,"eco":false},{"slug":"28","name":"28","description":"Nombre de rouleaux: 28","nullable":false,"eco":false},{"slug":"29","name":"29","description":"Nombre de rouleaux: 29","nullable":false,"eco":false},{"slug":"30","name":"30","description":"Nombre de rouleaux: 30","nullable":false,"eco":false},{"slug":"32","nullable":false,"eco":false,"name":"32"},{"slug":"35","name":"35","description":"Nombre de rouleaux: 35","nullable":false,"eco":false},{"slug":"40","name":"40","description":"Nombre de rouleaux: 40","nullable":false,"eco":false},{"slug":"41","name":"41","description":"Nombre de rouleaux: 41","nullable":false,"eco":false},{"slug":"46","name":"46","description":"Nombre de rouleaux: 46","nullable":false,"eco":false},{"slug":"50","name":"50","description":"Nombre de rouleaux: 50","nullable":false,"eco":false},{"slug":"55","name":"55","description":"Nombre de rouleaux: 55","nullable":false,"eco":false},{"slug":"60","name":"60","description":"Nombre de rouleaux: 60","nullable":false,"eco":false},{"slug":"61","name":"61","description":"Nombre de rouleaux: 61","nullable":false,"eco":false},{"slug":"66","name":"66","description":"Nombre de rouleaux: 66","nullable":false,"eco":false},{"slug":"67","name":"67","description":"Nombre de rouleaux: 67","nullable":false,"eco":false},{"slug":"77","name":"77","description":"Nombre de rouleaux: 77","nullable":false,"eco":false},{"slug":"80","name":"80","description":"Nombre de rouleaux: 80","nullable":false,"eco":false},{"slug":"84","name":"84","description":"Nombre de rouleaux: 84","nullable":false,"eco":false},{"slug":"87","nullable":false,"eco":false,"name":"87"},{"slug":"100","name":"100","description":"Nombre de rouleaux: 100","nullable":false,"eco":false},{"slug":"120","name":"120","description":"Nombre de rouleaux: 120","nullable":false,"eco":false},{"slug":"131","name":"131","description":"Nombre de rouleaux: 131","nullable":false,"eco":false},{"slug":"150","name":"150","description":"Nombre de rouleaux: 150","nullable":false,"eco":false},{"slug":"180","name":"180","description":"Nombre de rouleaux: 180","nullable":false,"eco":false},{"slug":"200","name":"200","description":"Nombre de rouleaux: 200","nullable":false,"eco":false},{"slug":"204","nullable":false,"eco":false,"name":"204"},{"slug":"250","name":"250","description":"Nombre de rouleaux: 250","nullable":false,"eco":false},{"slug":"300","name":"300","description":"Nombre de rouleaux: 300","nullable":false,"eco":false},{"slug":"500","name":"500","description":"Nombre de rouleaux: 500","nullable":false,"eco":false}]},{"slug":"roll_length","title":"Longueur d'un rouleau","locked":false,"options":[]},{"slug":"total_length","title":"Longueur totale","locked":false,"options":[]},{"slug":"copies_per_roll","title":"Nombre d'étiquettes par rouleau","locked":false,"options":[]},{"slug":"label_dispenser","title":"Boîte pour distributions d´étiquettes","locked":false,"options":[{"slug":"none","name":"Sans","nullable":true,"eco":false},{"slug":"label_dispenser_1","name":"1 boîte","nullable":false,"eco":false},{"slug":"label_dispenser_2","name":"2 boîtes","nullable":false,"eco":false},{"slug":"label_dispenser_3","name":"3 boîtes","nullable":false,"eco":false},{"slug":"label_dispenser_4","name":"4 boîtes","nullable":false,"eco":false},{"slug":"label_dispenser_5","name":"5 boîtes","nullable":false,"eco":false},{"slug":"label_dispenser_6","name":"6 boîtes","nullable":false,"eco":false},{"slug":"label_dispenser_7","name":"7 boîtes","nullable":false,"eco":false},{"slug":"label_dispenser_8","name":"8 boîtes","nullable":false,"eco":false},{"slug":"label_dispenser_9","name":"9 boîtes","nullable":false,"eco":false},{"slug":"label_dispenser_10","name":"10 boîtes","nullable":false,"eco":false},{"slug":"label_dispenser_12","name":"12 boîtes","nullable":false,"eco":false},{"slug":"label_dispenser_20","name":"20 boîtes","nullable":false,"eco":false},{"slug":"label_dispenser_30","name":"30 boîtes","nullable":false,"eco":false},{"slug":"label_dispenser_60","name":"60 boîtes","nullable":false,"eco":false},{"slug":"label_dispenser_78","nullable":false,"eco":false,"name":"78 boîtes"},{"slug":"label_dispenser_87","nullable":false,"eco":false,"name":"87 boîtes"}]},{"slug":"printingmethod","title":"Méthode d'impression","locked":false,"options":[{"slug":"digital","name":"Digital","nullable":false,"eco":false}]},{"slug":"urgency","title":"Urgence","locked":false,"options":[{"slug":"quick","name":"Rapide","nullable":false,"eco":false},{"slug":"urgent","name":"Urgent","nullable":false,"eco":false},{"slug":"standard","name":"Standard","nullable":false,"eco":false}]},{"slug":"handling_costs","title":"Frais de manutention","locked":false,"options":[{"slug":"handling_roll_labels","name":"Forfait fixe pour propre quantité ","nullable":false,"eco":false}]}],"maxDesigns":5,"bleed":"1.5","hsCode":"4821101000","isAvailableInUserRegion":true,"hasAccessories":false,"accessoryExcludes":[],"excludes":[[{"options":["geen"],"property":"finish"},{"property":"material","options":["55gr_pp_white_gloss","85gr_zelfklevend_papier_zilver_glans","80gr_paper_gloss","98gr_pp_holo_rainbow"]}],[{"options":["single_sided_vernis_mat"],"property":"finish"},{"options":["80gr_paper_gloss","55gr_pp_white_gloss","85gr_zelfklevend_papier_zilver_glans","80gr_neon_paper_green","80gr_neon_paper_orange","80gr_neon_paper_yellow","80gr_neon_paper_red","80gr_neon_paper_magenta","90gr_antique_white","98gr_pp_holo_rainbow"],"property":"material"}],[{"options":["single_sided_vernis_gloss"],"property":"finish"},{"options":["70gr_paper_mat","80gr_neon_paper_green","80gr_neon_paper_orange","80gr_neon_paper_yellow","80gr_neon_paper_red","80gr_neon_paper_magenta","55gr_pp_white_mat","75gr_paperwise_white","70gr_paperwise_natural","95gr_tintoretto_gesso"],"property":"material"}],[{"options":["55gr_pp_white_gloss","55gr_pp_white_mat","70gr_paper_mat","80gr_paper_gloss","90gr_coverall","90gr_antique_white","80gr_neon_paper_green","80gr_neon_paper_orange","80gr_neon_paper_yellow","80gr_neon_paper_red","80gr_neon_paper_magenta","65gr_natureflex_white","75gr_paperwise_white","95gr_tintoretto_gesso"],"property":"material"},{"options":["50_full_color_plus_white"],"property":"printtype"}],[{"options":["80gr_neon_paper_green","80gr_neon_paper_orange","80gr_neon_paper_yellow","80gr_neon_paper_red","80gr_neon_paper_magenta"],"property":"material"},{"options":["40","50_full_color_plus_white"],"property":"printtype"}],[{"options":["outer_180","outer_0","inner_180","inner_0"],"property":"output_direction"},{"options":["custom:width:10-305","custom:height:10-600"],"property":"size"}],[{"options":["outer_270","outer_90","inner_270","inner_90"],"property":"output_direction"},{"options":["custom:width:10-600","custom:height:10-305"],"property":"size"}],[{"options":["10_pms_black"],"property":"printtype"},{"property":"material","options":["80gr_paper_gloss","55gr_pp_white_mat","55gr_pp_white_transparant","70gr_paper_mat","90gr_coverall","90gr_antique_white","85gr_zelfklevend_papier_zilver_glans","80gr_kraft","55gr_pp_white_gloss","65gr_natureflex_transparent","65gr_natureflex_white","70gr_paperwise_natural","75gr_paperwise_white","98gr_pp_holo_rainbow","95gr_tintoretto_gesso"]}],[{"options":["custom_shape"],"property":"shape"},{"options":["00"],"property":"printtype"}],[{"options":["custom_shape","rectangle_sticker_90_degree_angle","rectangle_sticker__2mm_rounded_corners"],"property":"shape"},{"property":"size","options":["130_mm_circular","35_mm_circular","40_mm_circular","45_mm_circular","50_mm_circular","75_mm_circular","60_x_40_mm_oval","50_x_30_mm_oval","70_x_50_mm_oval","30_mm_circular"]}],[{"options":["circle_label"],"property":"shape"},{"options":["35_mm_square","30_mm_square","40_mm_square","45_mm_square","50_mm_square","75_mm_square","80_x_120_mm_winelabel","90_x_110_mm_winelabel","100_x_120_mm_winelabel","a6","a7","a8","50_x_25_mm","50_x_30_mm_label","50_x_35_mm","50_x_40_mm_label","60_x_25_mm","60_x_30_mm","60_x_40_mm_label","70_x_50_cm"],"property":"size"}],[{"property":"spot_finish","options":["foil_gold","foil_silver","foil_copper"]},{"property":"shape","options":["rectangle_sticker_90_degree_angle","circle_label","rectangle_sticker__2mm_rounded_corners"]}],[{"options":["detachable","extra_permanent"],"property":"type_glue"},{"options":["55gr_pp_white_gloss","55gr_pp_white_mat","55gr_pp_white_transparant","80gr_kraft","90gr_coverall","90gr_antique_white","85gr_zelfklevend_papier_zilver_glans","80gr_neon_paper_orange","80gr_neon_paper_green","80gr_neon_paper_yellow","80gr_neon_paper_red","80gr_neon_paper_magenta","98gr_pp_holo_rainbow"],"property":"material"}],[{"property":"type_glue","options":["freezer_resistant"]},{"options":["55gr_pp_white_mat","55gr_pp_white_gloss","55gr_pp_white_transparant","80gr_kraft","90gr_coverall","90gr_antique_white","85gr_zelfklevend_papier_zilver_glans","80gr_neon_paper_green","80gr_neon_paper_orange","80gr_neon_paper_yellow","80gr_neon_paper_red","80gr_neon_paper_magenta","98gr_pp_holo_rainbow"],"property":"material"}],[{"options":["custom:width:20-220","custom:height:20-220"],"property":"size","description":"Afmeting cliche"},{"options":["single_sided_foil_gold","single_sided_foil_silver","single_sided_foil_copper"],"property":"spot_finish"}],[{"options":["label_dispenser_1","label_dispenser_2","label_dispenser_3","label_dispenser_4","label_dispenser_5","label_dispenser_6","label_dispenser_7","label_dispenser_8","label_dispenser_9","label_dispenser_10","label_dispenser_30","label_dispenser_60","label_dispenser_12","label_dispenser_20"],"property":"label_dispenser"},{"property":"output_direction","options":["outer_180","outer_0","inner_180","inner_0"]},{"property":"size","options":["custom:width:10-118","custom:height:10-600","130_mm_circular"]}],[{"options":["label_dispenser_1","label_dispenser_2","label_dispenser_3","label_dispenser_4","label_dispenser_5","label_dispenser_6","label_dispenser_7","label_dispenser_8","label_dispenser_9","label_dispenser_10","label_dispenser_30","label_dispenser_60","label_dispenser_12","label_dispenser_20"],"property":"label_dispenser"},{"property":"output_direction","options":["outer_270","outer_90","inner_270","inner_90"]},{"property":"size","options":["custom:width:10-600","custom:height:10-118","130_mm_circular","a6"]}],[{"options":["detachable","extra_permanent","freezer_resistant"],"property":"type_glue"},{"property":"material","options":["70gr_paperwise_natural","75gr_paperwise_white","65gr_natureflex_transparent","65gr_natureflex_white","95gr_tintoretto_gesso"]}]]}