{"sku":"letterbox-toner","active":true,"titleSingle":"Boîte spéciale \"boîtes aux lettres\" en papier carte 350 g/m²- digital","titlePlural":"Boîtes spéciales \"boîtes aux lettres\" en papier carte 350 g/m² - digital","createdAt":"2023-09-19T06:49:10.477Z","updatedAt":"2024-10-21T09:52:48.443Z","properties":[{"slug":"summary_image","title":"summary image","locked":false,"options":[{"slug":"letterbox-toner","nullable":true,"eco":false,"name":"letterbox-toner"}]},{"slug":"size","title":"Format intérieur (largeur x longueur x hauteur)","locked":false,"options":[{"slug":"90_x_140_x_30_mm","name":"XS (90 x 140 x 30 mm)","nullable":false},{"slug":"167_x_121_x_17_mm","name":"A6 (167 x 121 x 17 mm)","nullable":false},{"slug":"141_x_192_x_24_mm","name":"A6+ (141 x 192 x 24 mm)","nullable":false},{"slug":"152_x_152_x_24_mm","name":"Carré (152 x 152 x 24 mm)","nullable":false},{"slug":"165_x_265_x_29_mm","name":"A5 (165 x 265 x 29 mm)","nullable":false},{"slug":"212_x_178_x_17_mm","name":"XL (212 x 178 x 17 mm)","nullable":false},{"slug":"181_x_291_x_28_mm","name":"XXL (181 x 291 x 28 mm)","nullable":false}]},{"slug":"material","title":"Support","locked":false,"options":[{"slug":"350gr_incada_silk_coated_folding_cardboard","name":"350 g/m² Incada Silk carton couché ","nullable":false,"eco":false}]},{"slug":"printtype","title":"Impression","locked":false,"options":[{"slug":"40","name":"4/0 quadri recto","nullable":false,"eco":false},{"slug":"44","name":"4/4 quadri recto/verso","nullable":false,"eco":false},{"slug":"00","name":"Non imprimé","nullable":false,"eco":false}]},{"slug":"personalize","title":"Personnaliser","locked":false,"options":[{"slug":"none","name":"Sans","nullable":true,"eco":false},{"slug":"personalize_from_excel","name":"A partir d'un fichier Excel ","nullable":false,"eco":false}]},{"slug":"finish","title":"Pelliculage ou vernis à l'extérieur","locked":false,"options":[{"slug":"none","name":"Sans","nullable":true,"eco":false},{"slug":"single_sided_matt_lamination","name":"Pelliculage mat recto seul","nullable":false,"eco":false},{"slug":"single_sided_gloss_lamination","name":"Pelliculage brillant recto seul","nullable":false,"eco":false}]},{"slug":"copies","title":"Quantité","locked":false,"options":[]},{"slug":"designs","title":"Design","locked":false,"options":[]},{"slug":"printingmethod","title":"Méthode d'impression","locked":false,"options":[{"slug":"toner","name":"Toner","nullable":false,"eco":false},{"slug":"sample","name":"Échantillon non imprimé","description":"Sample","nullable":false,"eco":false}]},{"slug":"urgency","title":"Urgence","locked":false,"options":[{"slug":"standard","name":"Standard","nullable":false,"eco":false},{"slug":"moderate","nullable":false,"eco":false,"name":"Moderate"},{"slug":"quick","name":"Rapide","nullable":false,"eco":false},{"slug":"urgent","name":"Urgent","nullable":false,"eco":false}]},{"slug":"article_number","title":"Numéro d'article","locked":false,"options":[{"slug":"ar1132","name":"AR1132","nullable":false,"eco":false},{"slug":"ar1331","name":"AR1331","nullable":false,"eco":false},{"slug":"ar1373","name":"AR1373","nullable":false,"eco":false},{"slug":"ar1397","name":"AR1397","nullable":false,"eco":false},{"slug":"ar1416","name":"AR1416","nullable":false,"eco":false},{"slug":"ar1430","name":"AR1430","nullable":false,"eco":false},{"slug":"ar1433","name":"AR1433","nullable":false,"eco":false}]},{"slug":"sheet_size","title":"Format fini (Largeur x Hauteur)","locked":false,"options":[{"slug":"a3+","name":"SRA3","nullable":false,"eco":false},{"slug":"xl","name":"XL","nullable":false,"eco":false}]}],"maxDesigns":50,"bleed":"3","hsCode":"4819400000","isAvailableInUserRegion":true,"hasAccessories":false,"accessoryExcludes":[],"excludes":[[{"property":"printtype","options":["40","44"]},{"property":"printingmethod","options":["sample"]}],[{"property":"printtype","options":["00"]},{"property":"printingmethod","options":["toner"]}],[{"options":["sample"],"property":"printingmethod"},{"property":"personalize","options":["personalize_from_excel"]}],[{"options":["sample"],"property":"printingmethod"},{"property":"finish","options":["single_sided_matt_lamination","single_sided_gloss_lamination"]}]]}