{"sku":"loose-inserts-pavement-boards","active":true,"titleSingle":"Feuille PVC de protection pour stop-trottoir","titlePlural":"Feuilles PVC de protection pour stop-trottoir","createdAt":"2024-02-14T10:50:10.073Z","updatedAt":"2024-10-11T07:10:49.115Z","introductionDate":"2024-02-14T10:50:10.073Z","properties":[{"slug":"summary_image","locked":false,"options":[{"slug":"loose-inserts-pavement-boards","nullable":true,"eco":false,"name":"loose-inserts-pavement-boards"}],"required":false,"title":"summary_image"},{"slug":"material","title":"Support","locked":false,"options":[{"slug":"0.5mm_pvc","name":"PVC 0,5 mm pour stop trottoir avec réservoir d'eau","nullable":false,"eco":false}],"required":true},{"slug":"printtype","title":"Impression","locked":false,"options":[{"slug":"00","name":"Non imprimé","nullable":false,"eco":false}],"required":true},{"slug":"size","title":"Format (largeur x hauteur)","locked":false,"options":[{"slug":"a0_plus","name":"A0 stop trottoir - 870 x 1219 mm","nullable":false},{"slug":"a1_plus","name":"A1 stop trottoir - 624 x 870 mm","nullable":false},{"slug":"b1_plus","name":"B1 stop trottoir - 730 x 1030 mm","nullable":false},{"slug":"b2_plus","name":"B2 stop trottoir - 530 x 730 mm","nullable":false},{"slug":"a2_plus","name":"A2 stop trottoir - 450 x 624 mm","nullable":false}],"required":true},{"slug":"copies","title":"Quantité","locked":false,"options":[],"required":true},{"slug":"printingmethod","title":"Méthode d'impression","locked":false,"options":[{"slug":"raw_material","name":"Sans impression","nullable":false,"eco":false}],"required":true},{"slug":"urgency","title":"Urgence","locked":false,"options":[{"slug":"quick","name":"Rapide","nullable":false,"eco":false},{"slug":"standard","name":"Standard","nullable":false,"eco":false},{"slug":"urgent","name":"Urgent","nullable":false,"eco":false},{"slug":"moderate","nullable":false,"eco":false,"name":"Moderate"}],"required":true},{"slug":"article_number","title":"Numéro d'article","locked":false,"options":[{"slug":"12004-a0","nullable":false,"eco":false,"name":"12004-a0"},{"slug":"12004-a1","nullable":false,"eco":false,"name":"12004-a1"},{"slug":"12004-b1","nullable":false,"eco":false,"name":"12004-b1"},{"slug":"12004-b2","nullable":false,"eco":false,"name":"12004-b2"},{"slug":"9090-a2","nullable":false,"eco":false,"name":"9090-a2"}],"required":true}],"maxDesigns":1,"bleed":"3","hsCode":"4911100000","isAvailableInUserRegion":true,"hasAccessories":false,"accessoryExcludes":[],"category":[],"flexibleprintingmethod":false,"excludes":[]}