{"sku":"luxury-paper-bag","active":true,"titleSingle":"Sac en papier \"Luxe\" - offset","titlePlural":"Sacs en papier \"Luxe\" - offset","createdAt":"2023-12-06T13:42:23.251Z","updatedAt":"2024-10-22T12:58:50.892Z","properties":[{"slug":"summary_image","title":"summary image","locked":false,"options":[{"slug":"luxury-paper-bag-offset","nullable":true,"eco":false,"name":"luxury-paper-bag-offset"}]},{"slug":"carrying_capacity","locked":false,"options":[{"slug":"max_4_kg","name":"4 kg max.","nullable":true,"eco":false},{"slug":"max_6_kg","name":"6 kg max.","nullable":true,"eco":false},{"slug":"max_8_kg","name":"8 kg max.","nullable":true,"eco":false},{"slug":"max_9_kg","name":"9 kg max.","nullable":true,"eco":false}],"title":"Capacité de charge"},{"slug":"size","title":"Format (largeur x profondeur  x hauteur)","locked":false,"options":[{"slug":"paper_bag_cat1_15x8x20cm","name":"Portrait (15 x 8 x 20 cm)","nullable":false},{"slug":"paper_bag_cat1_16x8x25cm","name":"Portrait (16 x 8 x 25 cm)","nullable":false},{"slug":"paper_bag_cat2_11x9x35cm","name":"Bouteille de vin (11.5 x 9.5 x 35 cm)","nullable":false},{"slug":"paper_bag_cat2_20x8x26cm","name":"Portrait (20 x 8 x 26 cm)","nullable":false},{"slug":"paper_bag_cat3_20x16x20cm","name":"Portrait (20 x 16 x 20 cm)","nullable":false},{"slug":"paper_bag_cat3_24x10x30cm","name":"Portrait (24 x 10 x 30 cm)","nullable":false},{"slug":"paper_bag_cat4_30x15x20cm","name":"Paysage (30 x 15 x 20 cm)","nullable":false},{"slug":"paper_bag_cat4_35x10x24cm","name":"Paysage (35 x 10 x 24 cm)","nullable":false},{"slug":"paper_bag_cat5_26x12x36cm","name":"Portrait (26 x 12 x 36 cm)","nullable":false},{"slug":"paper_bag_cat5_31x10x40cm","name":"Portrait (31 x 10 x 40 cm)","nullable":false},{"slug":"paper_bag_cat5_40x10x33cm","name":"Paysage (40 x 10 x 33 cm)","nullable":false},{"slug":"paper_bag_cat6_32x18x39cm","name":"Portrait (32 x 18 x 39 cm)","nullable":false},{"slug":"paper_bag_cat7_47x17x47cm","name":"Portrait","nullable":false},{"slug":"paper_bag_cat6_42x20x30cm","name":"Paysage (42 x 20 x 30 cm)","nullable":false},{"slug":"paper_bag_cat6_44x14x36cm","name":"Paysage (44 x 14 x 36 cm)","nullable":false},{"slug":"paper_bag_cat7_54x14x45cm","name":"Paysage (54 x 14 x 45 cm)","nullable":false}]},{"slug":"material","title":"Support","locked":false,"options":[{"slug":"170gr_kraft_white_paper_bag","name":"Papier kraft blanc 170 g/m²","nullable":false,"eco":false},{"slug":"170gr_kraft_white_paper_bag_fsc","name":"Papier kraft blanc 170 g/m², label FSC (MetsäBoard Prime Bright)","nullable":false,"eco":true}]},{"slug":"printtype","title":"Impression","locked":false,"options":[{"slug":"10","name":"1/0 Pantone","nullable":false,"eco":false},{"slug":"20","name":"2/0 Pantone","nullable":false,"eco":false},{"slug":"40","name":"4/0 quadri recto","nullable":false,"eco":false},{"slug":"00","name":"Non imprimé","nullable":false,"eco":false}]},{"slug":"bag_extras","title":"Extra","locked":false,"options":[{"slug":"none","name":"Sans","nullable":true,"eco":false},{"slug":"glued_closing_ribbons_white","name":"Rubans de fermeture en satin blanc","nullable":false,"eco":false},{"slug":"glued_closing_ribbons_black","name":"Rubans de fermeture en satin noir","nullable":false,"eco":false}]},{"slug":"finish","title":"Pelliculage","locked":false,"options":[{"slug":"geen","name":"Sans","nullable":true,"eco":false},{"slug":"single_sided_gloss_lamination","name":"Pelliculage brillant recto seul","nullable":false,"eco":false},{"slug":"single_sided_matt_lamination","name":"Pelliculage mat recto seul","nullable":false,"eco":false}]},{"slug":"spot_finish","title":"Dorure ou vernis repéré","locked":false,"options":[{"slug":"none","name":"Sans","nullable":true,"eco":false},{"slug":"double_sided_partial_gloss","name":"Vernis UV sélectif recto/verso","nullable":false,"eco":false},{"slug":"double_sided_foil_gold","name":"Dorure or recto/verso","nullable":false,"eco":false},{"slug":"double_sided_foil_silver","name":"Dorure argent recto/verso","nullable":false,"eco":false}]},{"slug":"copies","title":"Quantité","locked":false,"options":[]},{"slug":"color","title":"Couleur de la corde","locked":false,"options":[{"slug":"cord_white","name":"Blanc ","nullable":false,"eco":false},{"slug":"cord_black","name":"Noir ","nullable":false,"eco":false},{"slug":"cord_grey","name":"Gris clair ","nullable":false,"eco":false},{"slug":"cord_darkgrey","name":"Gris foncé","nullable":false,"eco":false},{"slug":"cord_navyblue","name":"Blue marine ","nullable":false,"eco":false},{"slug":"cord_cyan","name":"Bleu clair ","nullable":false,"eco":false},{"slug":"cord_brown","name":"Brun ","nullable":false,"eco":false},{"slug":"cord_red","name":"Rouge ","nullable":false,"eco":false},{"slug":"cord_yellow","name":"Jaune ","nullable":false,"eco":false},{"slug":"cord_magenta","name":"Magenta","nullable":false,"eco":false},{"slug":"cord_cream","name":"Crème ","nullable":false,"eco":false},{"slug":"cord_lightgreen","name":"Vert clair ","nullable":false,"eco":false},{"slug":"cord_darkgreen","name":"Vert foncé ","nullable":false,"eco":false},{"slug":"cord_reflexblue","name":"Bleu ","nullable":false,"eco":false},{"slug":"cord_beige","name":"Beige ","nullable":false,"eco":false},{"slug":"cord_red2","name":"Rouge foncé","nullable":false,"eco":false},{"slug":"cord_bordeaux","name":"Bordeaux ","nullable":false,"eco":false},{"slug":"cord_orange","name":"Orange ","nullable":false,"eco":false}]},{"slug":"length_material","title":"Longueur de la corde","locked":false,"options":[{"slug":"35_cm_cord","name":"Corde courte (ca. 50 cm)","nullable":false,"eco":false},{"slug":"80_cm_cord","name":"Corde 80 cm, à passer autour de l'épaule ","nullable":false,"eco":false}]},{"slug":"printingmethod","title":"Méthode d'impression","locked":false,"options":[{"slug":"offset","name":"Offset","nullable":false,"eco":false},{"slug":"sample","name":"Échantillon non imprimé","nullable":false,"eco":false}]},{"slug":"urgency","title":"Urgence","locked":false,"options":[{"slug":"standard","name":"Standard","nullable":false,"eco":false}]},{"slug":"bag_type","title":"Type de sac","locked":false,"options":[{"slug":"premium_paper_bag","name":"Sac papier luxe","nullable":false,"eco":false}]},{"slug":"color_material","title":"Couleur du matériel ","locked":false,"options":[{"slug":"cord_cyan","name":"Cyan","nullable":false,"eco":false},{"slug":"cord_red2","name":"Red 2","nullable":false,"eco":false},{"slug":"cord_beige","name":"Beige","nullable":false,"eco":false},{"slug":"cord_black","name":"Noir","nullable":false,"eco":false},{"slug":"cord_brown","name":"Brun","nullable":false,"eco":false},{"slug":"cord_burgundy","name":"Burgundy","nullable":false,"eco":false},{"slug":"cord_darkgreen","name":"Vert foncé","nullable":false,"eco":false},{"slug":"cord_cream","name":"Crème","nullable":false,"eco":false},{"slug":"cord_darkgray","name":"Gris foncé","nullable":false,"eco":false},{"slug":"cord_orange","name":"Orange","nullable":false,"eco":false},{"slug":"cord_lightgreen","name":"Vert clair","nullable":false,"eco":false},{"slug":"cord_reflex","name":"Reflex","nullable":false,"eco":false},{"slug":"cord_yellow","name":"Jaune","nullable":false,"eco":false},{"slug":"cord_red","name":"Rouge","nullable":false,"eco":false},{"slug":"cord_magenta","name":"Magenta","nullable":false,"eco":false},{"slug":"cord_lightgray","name":"Gris clair","nullable":false,"eco":false},{"slug":"cord_navyblue","name":"Bleu navy","nullable":false,"eco":false},{"slug":"cord_white","name":"Blanc","nullable":false,"eco":false}]},{"slug":"packaging_quantity","title":"Quantités d'emballage","locked":false,"options":[{"slug":"packed_per_120","name":"Par 120","nullable":true,"eco":false}]},{"slug":"article_number","title":"Numéro d'article","locked":false,"options":[{"slug":"luxury-paper-bag-offset","name":"luxury-paper-bag-offset","nullable":false,"eco":false},{"slug":"sp-offset","name":"SP-offset","nullable":false,"eco":false}]}],"maxDesigns":1,"bleed":0,"hsCode":"4819400000","isAvailableInUserRegion":true,"hasAccessories":false,"accessoryExcludes":[],"excludes":[[{"property":"printingmethod","options":["offset"]},{"property":"printtype","options":["00"]}],[{"property":"printingmethod","options":["sample"]},{"property":"printtype","options":["10","20","40"]}],[{"options":["sample"],"property":"printingmethod"},{"property":"material","options":["170gr_kraft_white_paper_bag_fsc"]}],[{"property":"printingmethod","options":["sample"]},{"property":"bag_extras","options":["glued_closing_ribbons_white","glued_closing_ribbons_black"]}],[{"options":["sample"],"property":"printingmethod"},{"property":"spot_finish","options":["double_sided_partial_gloss","double_sided_foil_gold","double_sided_foil_silver"]}],[{"property":"printingmethod","options":["sample"]},{"property":"length_material","options":["80_cm_cord"]}],[{"property":"printingmethod","options":["sample"]},{"property":"size","options":["paper_bag_cat1_15x8x20cm","paper_bag_cat1_16x8x25cm","paper_bag_cat2_11x9x35cm","paper_bag_cat3_20x16x20cm","paper_bag_cat4_30x15x20cm","paper_bag_cat4_35x10x24cm","paper_bag_cat5_26x12x36cm","paper_bag_cat5_31x10x40cm","paper_bag_cat5_40x10x33cm","paper_bag_cat6_32x18x39cm","paper_bag_cat7_47x17x47cm","paper_bag_cat6_42x20x30cm","paper_bag_cat7_54x14x45cm","paper_bag_cat6_44x14x36cm","paper_bag_cat2_20x8x26cm"]}]]}