{"sku":"oracal-squeegee","active":true,"titleSingle":"Raclette","titlePlural":"Raclettes","createdAt":"2024-02-14T10:50:45.530Z","updatedAt":"2024-02-14T10:50:45.530Z","introductionDate":"2024-02-14T10:50:45.530Z","properties":[{"slug":"summary_image","locked":false,"options":[{"slug":"squeegee_plastic","name":"squeegee_plastic","nullable":true,"eco":false}],"title":"summary_image"},{"slug":"size","title":"Format (largeur x hauteur)","locked":false,"options":[{"slug":"squeegee","name":"10 x 7 cm","nullable":false}]},{"slug":"material","title":"Support","locked":false,"options":[{"slug":"200gr_plastic","name":"Plastique","nullable":false,"eco":false}]},{"slug":"copies","title":"Quantité","locked":false,"options":[]},{"slug":"printingmethod","title":"Méthode d'impression","locked":false,"options":[{"slug":"raw_material","name":"Sans impression","nullable":false,"eco":false}]},{"slug":"accessories","title":"Accessoires","locked":false,"options":[{"slug":"squeegee_plastic","name":"Raclette","nullable":false,"eco":false}]},{"slug":"printtype","title":"Impression","locked":false,"options":[{"slug":"00","name":"Non imprimé","nullable":false,"eco":false}]},{"slug":"urgency","title":"Urgence","locked":false,"options":[{"slug":"standard","name":"Standard","nullable":false,"eco":false},{"slug":"quick","name":"Rapide","nullable":false,"eco":false},{"slug":"urgent","name":"Urgent","nullable":false,"eco":false},{"slug":"moderate","nullable":false,"eco":false,"name":"Moderate"}]}],"maxDesigns":1,"hsCode":"9611000000","isAvailableInUserRegion":true,"hasAccessories":false,"accessoryExcludes":[],"excludes":[]}