{"sku":"polystone-block-stand","active":true,"titleSingle":"Porte-cartes en polystone","titlePlural":"Porte-cartes en polystone","createdAt":"2024-03-06T10:14:52.683Z","updatedAt":"2024-04-30T12:33:11.113Z","introductionDate":"2024-03-06T10:14:52.683Z","properties":[{"slug":"summary_image","title":"summary image","locked":false,"options":[{"slug":"polystone-block-stand","nullable":true,"eco":false,"name":"polystone-block-stand "}]},{"slug":"size","title":"Format (largeur x hauteur)","locked":false,"options":[{"slug":"a5","name":"A5 - 148 x 210 mm","nullable":false},{"slug":"a4","name":"A4 - 210 x 297 mm","nullable":false}]},{"slug":"color","title":"Couleurs","locked":false,"options":[{"slug":"anthracite","name":"Anthracite","nullable":false,"eco":false},{"slug":"white","name":"Blanc","nullable":false,"eco":false}]},{"slug":"material","title":"Support","locked":false,"options":[{"slug":"polystone","name":"Polystone","nullable":false,"eco":false}]},{"slug":"copies","title":"Quantité","locked":false,"options":[{"slug":1,"nullable":false},{"slug":2,"nullable":false},{"slug":3,"nullable":false},{"slug":4,"nullable":false},{"slug":5,"nullable":false}]},{"slug":"printtype","title":"Impression","locked":false,"options":[{"slug":"00","name":"Non imprimé","nullable":false,"eco":false}]},{"slug":"printingmethod","title":"Méthode d'impression","locked":false,"options":[{"slug":"raw_material","name":"Sans impression","nullable":false,"eco":false}]},{"slug":"article_number","title":"Numéro d'article","locked":false,"options":[{"slug":"351020","nullable":false,"eco":false,"name":"351020"},{"slug":"351021","nullable":false,"eco":false,"name":"351021"},{"slug":"351022","nullable":false,"eco":false,"name":"351022"},{"slug":"351023","nullable":false,"eco":false,"name":"351023"}]},{"slug":"urgency","title":"Urgence","locked":false,"options":[{"slug":"standard","name":"Standard","nullable":false,"eco":false}]}],"maxDesigns":1,"hsCode":"3926909700","isAvailableInUserRegion":true,"hasAccessories":false,"accessoryExcludes":[],"excludes":[]}