{"sku":"posters","active":true,"titleSingle":"Affiche","titlePlural":"Affiches","createdAt":"2023-08-21T12:07:20.823Z","updatedAt":"2024-12-11T14:38:42.682Z","introductionDate":"2023-08-21T12:07:20.823Z","properties":[{"slug":"summary_image","title":"summary image","locked":false,"options":[{"slug":"posters","nullable":true,"eco":false,"name":"posters"}]},{"slug":"material","title":"Support","locked":false,"options":[{"slug":"95gr_neon_papier_geel","name":"Papier jaune fluo 95 g/m²","nullable":false,"eco":false},{"slug":"95gr_neon_papier_groen","name":"Papier fluo 95 g/m² vert","nullable":false,"eco":false},{"slug":"95gr_neon_papier_magenta","name":"Papier fluo 95 g/m² magenta","nullable":false,"eco":false},{"slug":"95gr_neon_papier_oranje","name":"Papier orange fluo 95 g/m² ","nullable":false,"eco":false},{"slug":"115gr_blueback","name":"Dos Bleu 115 g/m²","nullable":false,"eco":false},{"slug":"135gr_gesatineerd_mc","name":"Couché brillant 135 g/m²","nullable":false,"eco":false},{"slug":"250gr_gesatineerd_mc","name":"Couché brillant 250 g/m²","nullable":false,"eco":false},{"slug":"135gr_silk_mc","name":"Couché demi-mat (silk) 135 g/m²","nullable":false,"eco":false},{"slug":"170gr_silk_mc","name":"Couché demi-mat (silk) 170 g/m²","nullable":false,"eco":false},{"slug":"250gr_silk_mc","name":"Couché demi-mat (silk) 250 g/m²","nullable":false,"eco":false},{"slug":"150gr_citylight","name":"Citylight 150 g/m²","nullable":false,"eco":false},{"slug":"170gr_synaps","name":"Synapse® 170 g/m² - résistant à l'eau et aux déchirures","nullable":false,"eco":false},{"slug":"160gr_ijm814_uncoated","name":"Papier non couché premium blanc 160 g/m² ","nullable":false,"eco":false},{"slug":"230gr_premium_matt","name":"Couché mat premium 230 g/m²","nullable":false,"eco":false},{"slug":"280gr_backlit_polyester","name":"Backlit translucide  280 g/m² ","nullable":false,"eco":false},{"slug":"510gr_pvc","name":"Frontlit M1 - 510 g/m² (pvc)","nullable":false,"eco":false},{"slug":"120gr_recystar","name":"BalancePure® 120 g/m²","nullable":false,"eco":true},{"slug":"120gr_recystar_nature","name":"Recystar Nature 120 g/m²","nullable":false,"eco":true},{"slug":"120gr_biotop","name":"Bio Top 3® naturel 120 g/m²","nullable":false,"eco":true}]},{"slug":"finish","title":"Pelliculage","locked":false,"options":[{"slug":"geen","name":"Sans","nullable":true,"eco":false},{"slug":"single_sided_gloss_lamination","name":"Pelliculage brillant recto seul","nullable":false,"eco":false},{"slug":"single_sided_matt_lamination","name":"Pelliculage mat recto seul","nullable":false,"eco":false},{"slug":"double_sided_gloss_lamination","name":"Pelliculage brillant recto/verso","nullable":false,"eco":false},{"slug":"double_sided_matt_lamination","name":"Pelliculage mat recto/verso","nullable":false,"eco":false}]},{"slug":"printtype","title":"Impression","locked":false,"options":[{"slug":"10_pms_black","name":"1/0 Pantone noir","nullable":false,"eco":false},{"slug":"40","name":"4/0 quadri recto","nullable":false,"eco":false},{"slug":"44","name":"4/4 quadri recto/verso","nullable":false,"eco":false}]},{"slug":"copies","title":"Quantité","locked":false,"options":[{"slug":1,"nullable":false,"type":"digital"},{"slug":5,"nullable":false,"type":"digital"},{"slug":10,"nullable":false,"type":"digital"},{"slug":25,"nullable":false,"type":"digital"},{"slug":50,"nullable":false,"type":"digital"}]},{"slug":"size","title":"Format (largeur x hauteur)","locked":false,"options":[{"slug":"abri","name":"Abri - 1185 x 1750 mm","nullable":false},{"slug":"a0","name":"A0 - 840 x 1189 mm","nullable":false},{"slug":"a1","name":"A1 - 594 x 840 mm","nullable":false},{"slug":"a2","name":"A2 - 420 x 594 mm","nullable":false},{"slug":"a3","name":"A3 - 297 x 420 mm","nullable":false},{"slug":"a4","name":"A4 - 210 x 297 mm","nullable":false},{"slug":"b0","name":"B0 - 1000 x 1400 mm","nullable":false},{"slug":"b1","name":"B1 - 700 x 1000 mm","nullable":false},{"slug":"b2","name":"B2 - 500 x 700 mm","nullable":false},{"slug":"b3","name":"B3 - 350 x 500 mm","nullable":false},{"slug":"a1_large","name":"A1 large - 420 x 1189 mm","nullable":false},{"slug":"a2_large","name":"A2 large - 297 x 840 mm","nullable":false},{"slug":"a3_large","name":"A3 large - 210 x 597 mm","nullable":false},{"slug":"a4_large","name":"A4 large - 148 x 420 mm","nullable":false},{"slug":"b1_large","name":"B1 large - 500 x 1400 mm","nullable":false},{"slug":"b2_large","name":"B2 large - 350 x 1000 mm","nullable":false},{"slug":"b3_large","name":"B3 large - 250 x 700 mm","nullable":false},{"slug":"custom","nullable":false,"customSizes":{"minHeight":100,"sizeUnit":"MM","minWidth":100,"maxHeight":5000,"dimensionalAccuracy":"MM","maxWidth":1230}}]},{"slug":"urgency","title":"Urgence","locked":false,"options":[{"slug":"quick","name":"Rapide","nullable":false,"eco":false},{"slug":"standard","name":"Standard","nullable":false,"eco":false},{"slug":"urgent","name":"Urgent","nullable":false,"eco":false},{"slug":"moderate","nullable":false,"eco":false,"name":"Moderate"}]},{"slug":"packaging_extras","title":"Emballage","locked":false,"options":[{"slug":"packaging_handling","name":"packaging_handling","nullable":false,"eco":false}]},{"slug":"printingmethod","title":"Méthode d'impression","locked":false,"options":[{"slug":"digital","name":"Digital","nullable":false,"eco":false},{"slug":"nano_print","name":"Nanography print","description":"Landa Nano","nullable":false,"eco":false},{"slug":"offset","name":"Offset","nullable":false,"eco":false}]},{"slug":"sheet_size","title":"Format fini (Largeur x Hauteur)","locked":false,"options":[{"slug":"large_indigo_sheet","name":"grande feuille d'indigo","nullable":false,"eco":false},{"slug":"not_defined","name":"non défini","nullable":false,"eco":false},{"slug":"small_indigo_sheet","name":"petite feuille d'indigo","nullable":false,"eco":false}]},{"slug":"clean_cut","title":"Coupe au format","locked":true,"options":[{"slug":"yes","name":"Oui","nullable":false,"eco":false},{"slug":"no","name":"Non","nullable":true,"eco":false}]},{"slug":"delivery","title":"Emballage standard","locked":true,"options":[{"slug":"none","name":"Sans","nullable":true,"eco":false},{"slug":"delivered_flat_in_box","name":"A plat en boîte","nullable":false,"eco":false},{"slug":"default","name":"Roulé, en boîte","nullable":false,"eco":false},{"slug":"luxury_poster_packaging","name":"Enroulé sur tube, puis dans du papier et en boîte","nullable":false,"eco":false},{"slug":"pallet_delivery","name":"A plat sur palette (voir les frais de livraison)","nullable":false,"eco":false}]},{"slug":"customer_packing_option","title":"Choisir soi-même l'emballage","locked":false,"options":[{"slug":"none","name":"Non","nullable":true,"eco":false},{"slug":"rolled_up_in_box","name":"Roulé, en boîte","nullable":false,"eco":false},{"slug":"luxury_poster_packaging","name":"Enroulé sur tube, puis dans du papier et en boîte","nullable":false,"eco":false},{"slug":"flat_in_box","name":"A plat en boîte","nullable":false,"eco":false},{"slug":"pallet_delivery","name":"A plat sur palette (voir les frais de livraison)","nullable":false,"eco":false}]}],"maxDesigns":50,"bleed":"1.5","hsCode":"4911910090","isAvailableInUserRegion":true,"hasAccessories":false,"accessoryExcludes":[],"excludes":[[{"options":["150gr_citylight","170gr_synaps","510gr_pvc","280gr_backlit_polyester","95gr_neon_papier_geel","95gr_neon_papier_groen","95gr_neon_papier_magenta","95gr_neon_papier_oranje","170gr_silk_mc","135gr_silk_mc","250gr_silk_mc","120gr_biotop","120gr_recystar","120gr_recystar_nature","160gr_ijm814_uncoated","230gr_premium_matt"],"property":"material","description":"Materialen die niet met offset kunnen"},{"property":"printingmethod","options":["offset"]}],[{"options":["single_sided_gloss_lamination","single_sided_matt_lamination","double_sided_matt_lamination","double_sided_gloss_lamination"],"property":"finish","description":"Nano en offset kan niet gelamineerd worden"},{"options":["offset","nano_print"],"property":"printingmethod"}],[{"options":["10_pms_black"],"property":"printtype","description":"Deze materialen kunnen niet 1/0 PMS geprint worden"},{"property":"material","options":["115gr_blueback","135gr_gesatineerd_mc","150gr_citylight","170gr_silk_mc","250gr_gesatineerd_mc","510gr_pvc","170gr_synaps","280gr_backlit_polyester","135gr_silk_mc","250gr_silk_mc","120gr_biotop","120gr_recystar","120gr_recystar_nature","160gr_ijm814_uncoated","230gr_premium_matt"]}],[{"options":["95gr_neon_papier_geel","95gr_neon_papier_groen","95gr_neon_papier_magenta","95gr_neon_papier_oranje"],"property":"material","description":"Neon papier kan alleen 1/0 PMS"},{"options":["40","44"],"property":"printtype"}],[{"options":["abri"],"property":"size"},{"options":["offset"],"property":"printingmethod"},{"options":["135gr_gesatineerd_mc","150gr_citylight","170gr_silk_mc","170gr_synaps","280gr_backlit_polyester","250gr_gesatineerd_mc","510gr_pvc","160gr_ijm814_uncoated","250gr_silk_mc","230gr_premium_matt","120gr_recystar","120gr_recystar_nature","120gr_biotop","95gr_neon_papier_oranje","95gr_neon_papier_magenta","95gr_neon_papier_geel","95gr_neon_papier_groen"],"property":"material"}],[{"options":["44"],"property":"printtype","description":"Deze materialen kunnen niet dubbelzijdig geprint worden"},{"options":["115gr_blueback","150gr_citylight","170gr_synaps","280gr_backlit_polyester","510gr_pvc","160gr_ijm814_uncoated","230gr_premium_matt"],"property":"material"}],[{"options":["44"],"property":"printtype","description":"Dubbelzijdig printen kan niet met enkelzijdig laminaat"},{"options":["single_sided_gloss_lamination","single_sided_matt_lamination"],"property":"finish"}],[{"options":["95gr_neon_papier_geel","95gr_neon_papier_groen","95gr_neon_papier_magenta","95gr_neon_papier_oranje","135gr_gesatineerd_mc","115gr_blueback","135gr_silk_mc","170gr_silk_mc","160gr_ijm814_uncoated","230gr_premium_matt","280gr_backlit_polyester","510gr_pvc","170gr_synaps","150gr_citylight","120gr_biotop","120gr_recystar_nature","120gr_recystar"],"property":"material","description":"Materialen die niet gelamineerd kunnen worden"},{"options":["single_sided_gloss_lamination","single_sided_matt_lamination","double_sided_gloss_lamination","double_sided_matt_lamination"],"property":"finish"}],[{"property":"printingmethod","options":["offset"]},{"property":"delivery","options":["luxury_poster_packaging"]}],[{"options":["custom:width:-500","custom:height:-700","abri","a0","a1","b0","b1","a1_large","a2_large","b1_large","b2_large"],"property":"size","description":"Dubbelzijdig laminaat kan alleen tot 50 x 70 cm"},{"property":"finish","options":["double_sided_gloss_lamination","double_sided_matt_lamination"]}],[{"property":"copies","options":[50,75,100,150,0,"25","10","5",1,200,250,300,350,400,450]},{"options":["offset"],"property":"printingmethod"},{"property":"size","options":["custom:width:420-","custom:height:594-","a4","a3_large","a4_large"]}],[{"options":["offset"],"property":"printingmethod"},{"options":["250gr_gesatineerd_mc"],"property":"material"},{"property":"size","options":["a0","a1","a2","a1_large","b2","b1","b0"]},{"options":["none","delivered_flat_in_box","default","luxury_poster_packaging","pallet_delivery","luxury_poster_packaging_epia"],"property":"delivery"}],[{"property":"size","options":["custom:width:-500","custom:height:-700"]},{"options":["250gr_gesatineerd_mc"],"property":"material"},{"property":"printingmethod","options":["offset","nano_print"]},{"options":["default"],"property":"delivery"}],[{"options":["abri"],"property":"size"},{"options":["offset"],"property":"printingmethod"},{"options":["rolled_up_in_box","luxury_poster_packaging","flat_in_box"],"property":"customer_packing_option"}],[{"options":["rolled_up_in_box","luxury_poster_packaging"],"property":"customer_packing_option"},{"options":["offset","nano_print"],"property":"printingmethod"},{"options":["250gr_gesatineerd_mc"],"property":"material"}],[{"options":["flat_in_box"],"property":"customer_packing_option"},{"options":[1,2,3,4,5,6,7,8,9,10,11,12,13,14,15,16,17,18,19,20,21,22,23,24],"property":"copies"}],[{"options":["luxury_poster_packaging","flat_in_box"],"property":"customer_packing_option"},{"property":"printingmethod","options":["offset"]}],[{"options":["abri","a0","b0","b1","a1_large","a2_large","b1_large","b2_large","b3_large","b1_plus","b2_plus","a0_plus","a1_plus","a2_plus","a1","custom:width:50-500","custom:height:50-700"],"property":"size"},{"options":["flat_in_box"],"property":"customer_packing_option"}],[{"options":["nano_print"],"property":"printingmethod","description":"Materialen die niet met Nano kunnen"},{"options":["95gr_neon_papier_geel","95gr_neon_papier_groen","95gr_neon_papier_magenta","95gr_neon_papier_oranje","115gr_blueback","150gr_citylight","170gr_synaps","250gr_silk_mc","160gr_ijm814_uncoated","230gr_premium_matt","280gr_backlit_polyester","510gr_pvc","135gr_silk_mc","120gr_biotop","120gr_recystar","120gr_recystar_nature"],"property":"material"}],[{"property":"customer_packing_option","options":["pallet_delivery"]},{"options":["150gr_citylight","95gr_neon_papier_geel","95gr_neon_papier_groen","95gr_neon_papier_magenta","95gr_neon_papier_oranje"],"property":"material"}],[{"property":"customer_packing_option","options":["luxury_poster_packaging"]},{"options":["nano_print"],"property":"printingmethod"}],[{"options":["rolled_up_in_box","flat_in_box","luxury_poster_packaging"],"property":"customer_packing_option"},{"options":["offset"],"property":"printingmethod"},{"options":[1500,2000,2500,3000,3500,4000,4500,5000,5500,6000,6500,7000,7500,8000,8500,9000,9500,10000,10500,11000,11500,12000,12500,13500,13000,14000,14500,15000,15500,16000,16500,17000,17500,18000,18500,19000,19500,20000,20500,21000,21500,22000,22500,23500,23000,24000,24500],"property":"copies"}],[{"property":"material","options":["95gr_neon_papier_groen","95gr_neon_papier_magenta","95gr_neon_papier_oranje","95gr_neon_papier_geel"],"description":"Minimaal en maximaal formaat van neon papier"},{"options":["custom:width:210-841","custom:height:297-5000","abri","b0"],"property":"size"}],[{"options":["abri","a0","a1","b0","b1","a1_large","a2_large","b1_large","b2_large","custom:width:-500","custom:height:-700"],"property":"size"},{"options":["135gr_silk_mc"],"property":"material"}],[{"property":"printingmethod","options":["nano_print"],"description":"Minimaal en maximaal formaat van Nano"},{"options":["custom:width:297-700","custom:height:420-1000","abri","a0","a4","b0","b3","a1_large","a3_large","a4_large","b1_large","b3_large"],"property":"size"}],[{"options":["offset"],"property":"printingmethod"},{"options":["135gr_gesatineerd_mc","170gr_silk_mc","150gr_citylight","170gr_synaps","250gr_gesatineerd_mc","280gr_backlit_polyester","510gr_pvc"],"property":"material"},{"property":"size","options":["custom:width:-1000","custom:height:-1400"]}],[{"property":"material","options":["120gr_recystar_nature","120gr_recystar","120gr_biotop"]},{"options":["rolled_up_in_box","luxury_poster_packaging"],"property":"customer_packing_option"}],[{"property":"size","options":["abri","a0","a1","b0","b1","b2","a1_large","a2_large","a3_large","b1_large","b2_large","custom:width:297-420","custom:height:420-594"]},{"options":["120gr_biotop","120gr_recystar","120gr_recystar_nature"],"property":"material"},{"property":"printingmethod","options":["digital"]}],[{"options":["abri","a0","a1","b0","b1","a1_large","a2_large","b1_large","b2_large","custom:width:-500","custom:height:-700"],"property":"size","description":"Dubbelzijdig kan alleen tot 50 x 70 cm"},{"options":["44"],"property":"printtype"}],[{"options":["115gr_blueback"],"property":"material","description":"Maximale printbreedte van blueback"},{"options":["custom:width:-1194"],"property":"size"}],[{"options":["160gr_ijm814_uncoated"],"property":"material","description":"Maximale printbreedte van IJM814"},{"options":["abri","custom:width:-1027"],"property":"size"}],[{"options":["nano_print","offset"],"property":"printingmethod","description":"Nano en offset kan alleen enkelzijdig"},{"options":["10_pms_black","44"],"property":"printtype"}]]}