{"sku":"raffle-tickets","active":true,"titleSingle":"Carnet de tickets","titlePlural":"Carnets de tickets","createdAt":"2023-09-11T12:40:28.708Z","updatedAt":"2025-07-23T07:08:30.035Z","introductionDate":"2023-09-11T12:40:28.708Z","properties":[{"slug":"summary_image","title":"summary image","locked":false,"options":[{"slug":"raffle-tickets","nullable":true,"eco":false,"name":"raffle-tickets"}],"required":false},{"slug":"product_type","title":"Reliure par agrafage","locked":false,"options":[{"slug":"raffle_tickets","name":"Bons agrafés sur carton gris","nullable":false,"eco":false}],"required":true},{"slug":"material","title":"Support","locked":false,"options":[{"slug":"90gr_hvo","name":"Offset non couché 90 g/m²","nullable":false,"eco":false},{"slug":"115gr_silk_mc","name":"Couché demi-mat (silk) 115 g/m²","nullable":false,"eco":false}],"required":true},{"slug":"printtype","title":"Impression (1 dessin, tous les tickets identiques)","locked":false,"options":[{"slug":"10_black","name":"1/0 noir","nullable":false,"eco":false},{"slug":"11_black","name":"1/1 noir","nullable":false,"eco":false},{"slug":"40","name":"4/0 quadri recto","nullable":false,"eco":false},{"slug":"44","name":"4/4 quadri recto/verso","nullable":false,"eco":false}],"required":true},{"slug":"perforation","title":"Micro-perforations","locked":false,"options":[{"slug":"1_perforation_line_raffle","name":"1 ligne de perforation","nullable":false,"eco":false},{"slug":"2_perforation_lines_raffle","name":"2 lignes de perforation","nullable":false,"eco":false}],"required":true},{"slug":"cover_material","locked":false,"options":[{"slug":"none_cover","nullable":true,"eco":false,"name":"Sans"},{"slug":"250gr_silk_mc","nullable":false,"eco":false,"name":"Couverture souple - Couché demi-mat (silk) 250 g/m²"}],"required":false,"title":"Couverture enveloppante"},{"slug":"printtype_cover","title":"Impression couverture","locked":false,"options":[{"slug":"00","name":"Non","nullable":false,"eco":false},{"slug":"40","name":"4/0 quadri recto ","nullable":false,"eco":false},{"slug":"44","name":"4/4 quadri recto/verso","nullable":false,"eco":false}],"required":true},{"slug":"copies","title":"Quantité","locked":false,"options":[{"slug":5,"nullable":false,"type":"digital"},{"slug":10,"nullable":false,"type":"digital"},{"slug":15,"nullable":false,"type":"digital"},{"slug":20,"nullable":false,"type":"digital"},{"slug":25,"nullable":false,"type":"digital"},{"slug":50,"nullable":false,"type":"digital"},{"slug":100,"nullable":false,"type":"digital"},{"slug":150,"nullable":false,"type":"digital"},{"slug":200,"nullable":false,"type":"digital"},{"slug":250,"nullable":false,"type":"digital"},{"slug":300,"nullable":false,"type":"digital"},{"slug":350,"nullable":false,"type":"digital"},{"slug":400,"nullable":false,"type":"digital"},{"slug":450,"nullable":false,"type":"digital"},{"slug":500,"nullable":false,"type":"digital"},{"slug":750,"nullable":false,"type":"digital"},{"slug":1000,"nullable":false,"type":"digital"},{"slug":1250,"nullable":false,"type":"digital"},{"slug":1500,"nullable":false,"type":"digital"},{"slug":1750,"nullable":false,"type":"digital"},{"slug":2000,"nullable":false,"type":"digital"},{"slug":2500,"nullable":false,"type":"digital"}],"required":true},{"slug":"sheets_per_block","title":"Nombre de tickets par carnet","locked":false,"options":[{"slug":"10tickets","name":"10 tickets, dos carton gris 600 g/m²","nullable":false,"eco":false},{"slug":"25tickets","name":"25 tickets, dos carton gris 600 g/m²","nullable":false,"eco":false},{"slug":"50tickets","name":"50 tickets, dos carton gris 600 g/m²","nullable":false,"eco":false}],"required":true},{"slug":"size","title":"Format (largeur x hauteur)","locked":false,"options":[{"slug":"din_large_plus_landscape","name":"Din large+ paysage - 210 x 99 mm","nullable":false},{"slug":"us_large_landscape","name":"US large paysage - 210 x 105 mm","nullable":false},{"slug":"a6_landscape","name":"A6 paysage - 148 x 105 mm","nullable":false},{"slug":"a5_landscape","name":"A5 paysage - 210 x 148 mm","nullable":false},{"slug":"custom","nullable":false,"customSizes":{"minHeight":99,"minWidth":148,"maxHeight":148,"maxWidth":210}}],"required":true},{"slug":"clean_cut","title":"Coupe au format","locked":true,"options":[{"slug":"yes","name":"Oui","nullable":false,"eco":false}],"required":true},{"slug":"personalize","title":"Personnaliser","locked":false,"options":[{"slug":"none","name":"Sans","nullable":true,"eco":false},{"slug":"double_numbering","name":"Numérotation croissante (2 positions)","nullable":false,"eco":false}],"required":false},{"slug":"printingmethod","title":"Méthode d'impression","locked":false,"options":[{"slug":"digital","name":"HP indigo numérique","nullable":false,"eco":false}],"required":true},{"slug":"urgency","title":"Urgence","locked":false,"options":[{"slug":"quick","name":"Rapide","nullable":false,"eco":false},{"slug":"standard","name":"Standard","nullable":false,"eco":false},{"slug":"urgent","name":"Urgent","nullable":false,"eco":false},{"slug":"moderate","nullable":false,"eco":false,"name":"Moderate"}],"required":true},{"slug":"binding_edge","title":"Côté de la reliure","locked":false,"options":[{"slug":"binding_left","nullable":false,"eco":false,"name":"Reliure à gauche"}],"required":true}],"maxDesigns":1,"bleed":"3","hsCode":"4911100000","isAvailableInUserRegion":true,"hasAccessories":false,"accessoryExcludes":[],"category":["paper-print","horeca-print"],"flexibleprintingmethod":false,"excludes":[[{"property":"cover_material","options":["none_cover"]},{"options":["40","44"],"property":"printtype_cover"}]]}