{"sku":"replacement-blades-knife-30-degrees-9mm","active":true,"titleSingle":"Lames de rechange pour cutter","titlePlural":"Lames de rechange pour cutter","createdAt":"2024-02-14T10:50:12.508Z","updatedAt":"2024-02-14T10:50:12.508Z","introductionDate":"2024-02-14T10:50:12.508Z","properties":[{"slug":"summary_image","locked":false,"options":[{"slug":"replacement_blades_30_degrees_9mm","name":"replacement_blades_30_degrees_9mm","nullable":true,"eco":false}],"title":"summary_image"},{"slug":"size","title":"Format (largeur x hauteur)","locked":false,"options":[{"slug":"squeegee","name":"10 x 7 cm","nullable":false}]},{"slug":"material","title":"Support","locked":false,"options":[{"slug":"1000gr_stainless-steel","name":"Acier inox","nullable":false,"eco":false}]},{"slug":"copies","title":"Quantité","locked":false,"options":[]},{"slug":"printingmethod","title":"Méthode d'impression","locked":false,"options":[{"slug":"raw_material","name":"Sans impression","nullable":false,"eco":false}]},{"slug":"accessories","title":"Accessoires","locked":false,"options":[{"slug":"replacement_blades_30_degrees_9mm","name":"Lames de réserve","nullable":false,"eco":false}]},{"slug":"printtype","title":"Impression","locked":false,"options":[{"slug":"00","name":"Non imprimé","nullable":false,"eco":false}]},{"slug":"urgency","title":"Urgence","locked":false,"options":[{"slug":"quick","name":"Rapide","nullable":false,"eco":false},{"slug":"standard","name":"Standard","nullable":false,"eco":false},{"slug":"urgent","name":"Urgent","nullable":false,"eco":false},{"slug":"moderate","nullable":false,"eco":false,"name":"Moderate"}]}],"maxDesigns":1,"hsCode":"8211100000","isAvailableInUserRegion":true,"hasAccessories":false,"accessoryExcludes":[],"excludes":[]}