{"sku":"roll-up-cassettes","active":true,"titleSingle":"Cassette roll-up","titlePlural":"Cassettes roll-up","createdAt":"2024-01-12T10:59:49.840Z","updatedAt":"2024-06-14T08:21:16.295Z","properties":[{"slug":"roll_up_banners","title":"Roll-up","locked":false,"options":[{"slug":"budget","name":"Budget","nullable":false,"eco":false},{"slug":"basic","name":"Basique","nullable":false,"eco":false},{"slug":"premium","name":"Premium","nullable":false,"eco":false},{"slug":"luxe","name":"Luxe","nullable":false,"eco":false},{"slug":"black_basic","name":"Basique noir","nullable":false,"eco":false},{"slug":"xxl","name":"XXL","nullable":false,"eco":false},{"slug":"double","name":"Double","nullable":false,"eco":false},{"slug":"double_deluxe","name":"luxe double","nullable":false,"eco":false},{"slug":"double_outdoor","name":"Double extérieur","nullable":false,"eco":false}]},{"slug":"size","title":"Format (largeur x hauteur)","locked":false,"options":[{"slug":"cardboard_banner_80_x_200","name":"80 x 200 cm","nullable":false},{"slug":"banner_85_x_200","name":"85 x 200 cm","nullable":false},{"slug":"banner_100_x_200","name":"100 x 200 cm","nullable":false},{"slug":"banner_120_x_200","name":"120 x 200 cm","nullable":false},{"slug":"banner_150_x_200","name":"150 x 200 cm","nullable":false},{"slug":"banner_200_x_200","name":"200 x 200 cm","nullable":false},{"slug":"banner_200_x_250","name":"200 x 250 cm","nullable":false},{"slug":"banner_200_x_300","name":"200 x 300 cm","nullable":false}]},{"slug":"copies","title":"Quantité","locked":false,"options":[{"slug":1,"nullable":false,"type":"raw_material"},{"slug":2,"nullable":false,"type":"raw_material"},{"slug":3,"nullable":false,"type":"raw_material"},{"slug":4,"nullable":false,"type":"raw_material"},{"slug":5,"nullable":false,"type":"raw_material"},{"slug":6,"nullable":false,"type":"raw_material"},{"slug":7,"nullable":false,"type":"raw_material"},{"slug":8,"nullable":false,"type":"raw_material"},{"slug":9,"nullable":false,"type":"raw_material"},{"slug":10,"nullable":false,"type":"raw_material"}]},{"slug":"roller_banner_bag","title":"sac adapté inclus","locked":true,"options":[{"slug":"yes","name":"Sac avec fermeture éclair","nullable":false,"eco":false},{"slug":"no","name":"Non","nullable":false,"eco":false}]},{"slug":"accessories","title":"Eclairage","locked":false,"options":[{"slug":"light_smart_5_watt_led","name":"Lampe LED (5 Watt)","nullable":false,"eco":false},{"slug":"light_smart_clip_5_watt_led","name":"Lampe LED avec clip (5 Watt)","nullable":false,"eco":false}]},{"slug":"printingmethod","title":"Méthode d'impression","locked":false,"options":[{"slug":"raw_material","name":"Sans impression","nullable":false,"eco":false}]},{"slug":"material","title":"Support","locked":false,"options":[{"slug":"2500gr_roll-up_system","name":"Système Roll-up (sans bâche, ni impression)","nullable":false,"eco":false}]},{"slug":"urgency","title":"Urgence","locked":false,"options":[{"slug":"standard","name":"Standard","nullable":false,"eco":false},{"slug":"quick","name":"Rapide","nullable":false,"eco":false},{"slug":"urgent","name":"Urgent","nullable":false,"eco":false},{"slug":"moderate","nullable":false,"eco":false,"name":"Moderate"}]},{"slug":"roll_up_systems","title":"Systèmes Rollup","locked":false,"options":[{"slug":"budget_85_x_200","name":"Cassette budget 85 cm ","nullable":false,"eco":false},{"slug":"budget_100_x_200","name":"Cassette budget 100 cm ","nullable":false,"eco":false},{"slug":"basic_85_x_200","name":"Cassette basique 85 cm","nullable":false,"eco":false},{"slug":"basic_100_x_200","name":"Cassette basique 100 cm","nullable":false,"eco":false},{"slug":"basic_120_x_200","name":"Cassette basique 120 cm","nullable":false,"eco":false},{"slug":"basic_150_x_200","name":"Cassette basique 150 cm","nullable":false,"eco":false},{"slug":"luxe_85_x_200","name":"Cassette luxe 85 cm","nullable":false,"eco":false},{"slug":"luxe_100_x_200","name":"Cassette luxe 100 cm","nullable":false,"eco":false},{"slug":"luxe_120_x_200","name":"Cassette luxe 120 cm","nullable":false,"eco":false},{"slug":"luxe_150_x_200","name":"Cassette luxe 150 cm","nullable":false,"eco":false},{"slug":"premium_85_x_200","name":"Cassette premium 85 cm","nullable":false,"eco":false},{"slug":"premium_100_x_200","name":"Cassette premium 100 cm","nullable":false,"eco":false},{"slug":"premium_120_x_200","name":"Cassette premium 120 cm","nullable":false,"eco":false},{"slug":"xxl_200_x_200","name":"Cassette XXL 200 x 200 cm","nullable":false,"eco":false},{"slug":"xxl_200_x_250","name":"Cassette XXL 200 x 250 cm","nullable":false,"eco":false},{"slug":"xxl_200_x_300","name":"Cassette XXL 200 x 300 cm","nullable":false,"eco":false},{"slug":"basic_black_85_x_200","name":"Cassette basique noire 85 x 200","nullable":false,"eco":false},{"slug":"basic_black_100_x_200","name":"Cassette basique noire 100 x 200","nullable":false,"eco":false},{"slug":"luxe_black_85_x_200","name":"Cassette luxe noire 85 x 200","nullable":false,"eco":false},{"slug":"luxe_black_100_x_200","name":"Cassette luxe noire 100 x 200","nullable":false,"eco":false},{"slug":"double_85_x_200","name":"Cassette double 85 x 200","nullable":false,"eco":false},{"slug":"double_100_x_200","name":"Cassette double 100 x 200","nullable":false,"eco":false},{"slug":"luxe_double_85_x_200","name":"Cassette doubel luxe 85 x 200","nullable":false,"eco":false},{"slug":"luxe_double_100_x_200","name":"Cassette double luxe 100 x 200","nullable":false,"eco":false},{"slug":"double_outdoor_100_x_200","name":"Cassette double extérieur 100 x 200","nullable":false,"eco":false},{"slug":"double_outdoor_85_x_200","name":"Cassette double extérieur 85 x 200","nullable":false,"eco":false},{"slug":"none","name":"Sans cassette","nullable":false,"eco":false},{"slug":"cardboard_80_x_210","nullable":false,"eco":false,"name":"Cardboard 80 x 210"}]},{"slug":"printtype","title":"Impression","locked":false,"options":[{"slug":"00","name":"Non imprimé","nullable":false,"eco":false}]},{"slug":"packaging_extras","title":"Emballage","locked":false,"options":[{"slug":"packaging_handling","name":"packaging_handling","nullable":false,"eco":false}]}],"maxDesigns":1,"bleed":10,"hsCode":"9017809000","isAvailableInUserRegion":true,"hasAccessories":false,"accessoryExcludes":[],"excludes":[[{"options":["budget"],"property":"roll_up_banners"},{"options":["banner_120_x_200","banner_a3","banner_a4","banner_150_x_200","banner_150_x_270","banner_200_x_300","banner_200_x_200","banner_200_x_250","cardboard_banner_80_x_200"],"property":"size"}],[{"options":["basic"],"property":"roll_up_banners"},{"options":["banner_a4","banner_a3","banner_150_x_270","banner_200_x_300","banner_200_x_200","banner_200_x_250","cardboard_banner_80_x_200"],"property":"size"}],[{"options":["premium"],"property":"roll_up_banners"},{"options":["banner_a4","banner_a3","banner_60_x_200","banner_150_x_200","banner_150_x_270","banner_200_x_300","banner_200_x_200","banner_200_x_250","cardboard_banner_80_x_200"],"property":"size"}],[{"options":["luxe"],"property":"roll_up_banners"},{"options":["banner_a4","banner_a3","banner_150_x_270","banner_200_x_300","banner_200_x_200","banner_200_x_250","banner_60_x_200","cardboard_banner_80_x_200"],"property":"size"}],[{"property":"roll_up_banners","options":["xxl"]},{"property":"size","options":["banner_150_x_200","banner_120_x_200","banner_100_x_200","banner_85_x_200","banner_60_x_200","banner_a3","banner_a4","cardboard_banner_80_x_200"]}],[{"property":"roll_up_banners","options":["mini"]},{"property":"size","options":["banner_60_x_200","banner_85_x_200","banner_100_x_200","banner_120_x_200","banner_150_x_200","banner_150_x_270","banner_200_x_300","banner_200_x_200","banner_200_x_250","cardboard_banner_80_x_200"]}],[{"options":["2_light_50_watt_led_xl"],"property":"accessories"},{"options":["luxe","premium","basic","budget","mini"],"property":"roll_up_banners"}],[{"property":"accessories","options":["light_50_watt_led","light_50_watt_halogen"]},{"options":["xxl","mini","cardboard"],"property":"roll_up_banners"}],[{"options":["black_basic"],"property":"roll_up_banners"},{"property":"size","options":["banner_150_x_200","banner_200_x_200","banner_200_x_250","banner_200_x_300","cardboard_banner_80_x_200"]}],[{"options":["double_outdoor"],"property":"roll_up_banners"},{"options":["banner_a4","banner_a3","banner_60_x_200","banner_120_x_200","banner_150_x_200","banner_150_x_270","banner_200_x_200","banner_200_x_250","banner_200_x_300","cardboard_banner_80_x_200"],"property":"size"}],[{"options":["double"],"property":"roll_up_banners"},{"options":["banner_a4","banner_a3","banner_60_x_200","banner_120_x_200","banner_150_x_200","banner_150_x_270","banner_200_x_200","banner_200_x_250","banner_200_x_300","banner_85_x_200","cardboard_banner_80_x_200"],"property":"size"}],[{"property":"roll_up_banners","options":["xxl"]},{"options":["light_smart_5_watt_led"],"property":"accessories"}],[{"property":"roll_up_banners","options":["basic"]},{"property":"size","options":["banner_60_x_200","cardboard_banner_80_x_200"]}],[{"property":"roll_up_banners","options":["double_deluxe"]},{"options":["banner_120_x_200","banner_150_x_200","banner_200_x_200","banner_200_x_250","banner_200_x_300","cardboard_banner_80_x_200"],"property":"size"}],[{"property":"roll_up_banners","options":["cardboard"]},{"options":["banner_100_x_200","banner_85_x_200","banner_120_x_200","banner_150_x_200","banner_200_x_200","banner_200_x_250","banner_200_x_300"],"property":"size"}],[{"property":"accessories","options":["light_smart_5_watt_led","light_smart_clip_5_watt_led"]},{"property":"roll_up_systems","options":["cardboard_80_x_210"]}],[{"property":"roll_up_banners","options":["cardboard"]},{"property":"accessories","options":["light_smart_5_watt_led","light_smart_clip_5_watt_led"]}],[{"property":"roll_up_banners","options":["cardboard"]},{"options":["yes"],"property":"roller_banner_bag"}]]}