{"sku":"skydancer-led","active":true,"titleSingle":"Eclairage LED Sky Dancer","titlePlural":"Eclairage LED Sky Dancer","createdAt":"2023-10-12T11:24:06.653Z","updatedAt":"2024-05-30T08:04:36.500Z","introductionDate":"2023-10-12T11:24:06.653Z","properties":[{"slug":"summary_image","title":"summary image","locked":false,"options":[{"slug":"skydancer-led","nullable":true,"eco":false,"name":"skydancer-led"}]},{"slug":"copies","title":"Quantité","locked":false,"options":[]},{"slug":"printtype","title":"Impression","locked":false,"options":[{"slug":"00","name":"Non imprimé","nullable":false,"eco":false}]},{"slug":"printingmethod","title":"Méthode d'impression","locked":false,"options":[{"slug":"raw_material","name":"Sans impression","nullable":false,"eco":false}]},{"slug":"urgency","title":"Urgence","locked":false,"options":[{"slug":"standard","name":"Standard","nullable":false,"eco":false},{"slug":"moderate","nullable":false,"eco":false,"name":"Moderate"},{"slug":"quick","name":"Rapide","nullable":false,"eco":false},{"slug":"urgent","name":"Urgent","nullable":false,"eco":false}]},{"slug":"material","title":"Support","locked":false,"options":[{"slug":"accessories","name":"Accessoires","nullable":false,"eco":false}]},{"slug":"size","title":"Format (largeur x hauteur)","locked":false,"options":[{"slug":"accessories","name":"Accessories","nullable":false}]},{"slug":"lighting","title":"Luminosité","locked":false,"options":[{"slug":"led_lighting","name":"Eclairage LED","nullable":false,"eco":false}]}],"maxDesigns":1,"hsCode":"9505109000","isAvailableInUserRegion":true,"hasAccessories":false,"accessoryExcludes":[],"excludes":[]}