{"sku":"skydancer-blower-cover","active":true,"titleSingle":"Couvercle du ventilateur Sky Dancer","titlePlural":"Couvertures de ventilateurs Sky Dancer","createdAt":"2023-10-12T11:16:40.447Z","updatedAt":"2024-05-30T08:04:02.244Z","introductionDate":"2023-10-12T11:16:40.447Z","properties":[{"slug":"summary_image","title":"summary image","locked":false,"options":[{"slug":"skydancer-blower-cover","nullable":true,"eco":false,"name":"skydancer-blower-cover"}]},{"slug":"copies","title":"Quantité","locked":false,"options":[]},{"slug":"printtype","title":"Impression","locked":false,"options":[{"slug":"00","name":"Non imprimé","nullable":false,"eco":false}]},{"slug":"printingmethod","title":"Méthode d'impression","locked":false,"options":[{"slug":"raw_material","name":"Sans impression","nullable":false,"eco":false}]},{"slug":"urgency","title":"Urgence","locked":false,"options":[{"slug":"standard","name":"Standard","nullable":false,"eco":false},{"slug":"moderate","nullable":false,"eco":false,"name":"Moderate"},{"slug":"quick","name":"Rapide","nullable":false,"eco":false},{"slug":"urgent","name":"Urgent","nullable":false,"eco":false}]},{"slug":"material","title":"Support","locked":false,"options":[{"slug":"accessories","name":"Accessoires","nullable":false,"eco":false}]},{"slug":"size","title":"Format (largeur x hauteur)","locked":false,"options":[{"slug":"accessories","name":"Accessories","nullable":false}]},{"slug":"blower_cover","title":"Housse du ventilateur","locked":false,"options":[{"slug":"cover","name":"Avec housse du ventilateur","nullable":false,"eco":false}]}],"maxDesigns":1,"hsCode":"9506996000","isAvailableInUserRegion":true,"hasAccessories":false,"accessoryExcludes":[],"excludes":[]}