{"sku":"snap-frame","active":true,"titleSingle":"Cadre porte-affiche","titlePlural":"Cadres porte-affiche","createdAt":"2024-02-14T10:50:46.711Z","updatedAt":"2024-02-14T10:50:46.711Z","introductionDate":"2024-02-14T10:50:46.711Z","properties":[{"slug":"snap-frame-type","title":"Type de cadre","locked":false,"options":[{"slug":"tasmanie","name":"bords de 25 mm 1 face - coins arrondis","nullable":false,"eco":false},{"slug":"darwin","name":"bords de 32 mm 1 face - coins arrondis","nullable":false,"eco":false},{"slug":"sydney","name":"bords de 30 mm 1 face - coins droits","nullable":false,"eco":false},{"slug":"toowoomba","name":"bords de 46 mm 1 face - coins droits","nullable":false,"eco":false},{"slug":"cairns","name":"bords de 25 mm 1 face, étanche - coins droits","nullable":false,"eco":false},{"slug":"gosford","name":"bords de 35 mm 1 face, étanche - coins droits","nullable":false,"eco":false},{"slug":"kimberly","name":"bords de 32 mm 1 face avec fixation interne - coins droits","nullable":false,"eco":false},{"slug":"canberra","name":"bords de 31 mm 2 faces - coins droits","nullable":false,"eco":false}]},{"slug":"size","title":"Format (largeur x hauteur)","locked":false,"options":[{"slug":"a0","name":"A0 - 840 x 1189 mm","nullable":false},{"slug":"a1","name":"A1 - 594 x 840 mm","nullable":false},{"slug":"a2","name":"A2 - 420 x 594 mm","nullable":false},{"slug":"a3","name":"A3 - 297 x 420 mm","nullable":false},{"slug":"a4","name":"A4 - 210 x 297 mm","nullable":false},{"slug":"b1","name":"B1 - 700 x 1000 mm","nullable":false},{"slug":"b2","name":"B2 - 500 x 700 mm","nullable":false},{"slug":"b3","name":"B3 - 350 x 500 mm","nullable":false}]},{"slug":"material","title":"Support","locked":false,"options":[{"slug":"2000gr_anodized_aluminium","name":"Aluminium anodisé","nullable":false,"eco":false},{"slug":"aluminium_black","name":"Aluminium Noir","nullable":false,"eco":false}]},{"slug":"copies","title":"Quantité","locked":false,"options":[]},{"slug":"standard_polyvinylchloride_insert","title":"Intercalaires standard(s)","locked":true,"options":[{"slug":"yes","name":"Oui","nullable":false,"eco":false}]},{"slug":"accessories","title":"Accessoires","locked":true,"options":[{"slug":"plugs_and_screws","name":"Oui","nullable":false,"eco":false}]},{"slug":"printingmethod","title":"Méthode d'impression","locked":false,"options":[{"slug":"raw_material","name":"Sans impression","nullable":false,"eco":false}]},{"slug":"printtype","title":"Impression","locked":false,"options":[{"slug":"00","name":"Non imprimé","nullable":false,"eco":false}]},{"slug":"urgency","title":"Urgence","locked":false,"options":[{"slug":"standard","name":"Standard","nullable":false,"eco":false},{"slug":"quick","name":"Rapide","nullable":false,"eco":false},{"slug":"urgent","name":"Urgent","nullable":false,"eco":false},{"slug":"moderate","nullable":false,"eco":false,"name":"Moderate"}]}],"maxDesigns":1,"bleed":"3","hsCode":"7610909200","isAvailableInUserRegion":true,"hasAccessories":false,"accessoryExcludes":[],"excludes":[[{"property":"snap-frame-type","options":["cairns"]},{"property":"size","options":["b3"]}],[{"property":"snap-frame-type","options":["gosford"]},{"options":["b3","a4"],"property":"size"}],[{"property":"snap-frame-type","options":["kimberly"]},{"options":["a0","b3"],"property":"size"}],[{"options":["sydney"],"property":"snap-frame-type"},{"property":"size","options":["a4","b3"]}],[{"property":"snap-frame-type","options":["tasmanie"]},{"options":["a0"],"property":"size"}],[{"options":["toowoomba"],"property":"snap-frame-type"},{"property":"size","options":["a3","a4","b3"]}],[{"property":"snap-frame-type","options":["canberra"]},{"property":"size","options":["a2","a3","a4","b3"]}],[{"property":"snap-frame-type","options":["darwin","sydney","toowoomba","gosford","cairns","kimberly","canberra"]},{"property":"material","options":["aluminium_black"]}],[{"property":"material","options":["aluminium_black"]},{"property":"size","options":["b1","b3"]}],[{"property":"snap-frame-type","options":["tasmanie"]},{"property":"size","options":["b3"]}]]}