{"sku":"spacers","active":true,"titleSingle":"Entretoise","titlePlural":"Entretoises","createdAt":"2024-02-14T10:49:55.540Z","updatedAt":"2024-09-30T14:53:12.732Z","introductionDate":"2024-02-14T10:49:55.540Z","properties":[{"slug":"summary_image","title":"summary image","locked":false,"options":[{"slug":"spacers","nullable":true,"eco":false,"name":"Spacers"}]},{"slug":"usage","title":"Utilisation","locked":false,"options":[{"slug":"inside","name":"Intérieur","nullable":false,"eco":false},{"slug":"outside","name":"Extérieur","nullable":false,"eco":false}]},{"slug":"sign_mount","title":"Entretoises","locked":false,"options":[{"slug":"spacers_silver_29","name":"Entretoises standards (set de 4)","nullable":false,"eco":false},{"slug":"spacers_silver_02","name":"Entretoises inox (set de 4)","nullable":false,"eco":false},{"slug":"spacers_black_48","name":"Entretoises noires (set de 4)","nullable":false,"eco":false},{"slug":"spacers_side_silver_72","name":"Entretoises latérales sans percage standards (set de 4)","nullable":false,"eco":false},{"slug":"spacers_side_silver_74","name":"Entretoises latérales sans percage inox (set de 4)","nullable":false,"eco":false},{"slug":"spacers_side_black_73","name":"Entretoises latérales sans percage noires (set de 4)","nullable":false,"eco":false}]},{"slug":"copies","title":"Quantité","locked":false,"options":[]},{"slug":"printingmethod","title":"Méthode d'impression","locked":false,"options":[{"slug":"raw_material","name":"Sans impression","nullable":false,"eco":false}]},{"slug":"printtype","title":"Impression","locked":false,"options":[{"slug":"00","name":"Non imprimé","nullable":false,"eco":false}]},{"slug":"urgency","title":"Urgence","locked":false,"options":[{"slug":"moderate","nullable":false,"eco":false,"name":"Moderate"},{"slug":"quick","name":"Rapide","nullable":false,"eco":false},{"slug":"standard","name":"Standard","nullable":false,"eco":false},{"slug":"urgent","name":"Urgent","nullable":false,"eco":false}]},{"slug":"size","title":"Format (largeur x hauteur)","locked":false,"options":[{"slug":"accessories","name":"Accessories","nullable":false}]},{"slug":"material","title":"Support","locked":false,"options":[{"slug":"accessories","name":"Accessoires","nullable":false,"eco":false}]}],"maxDesigns":1,"hsCode":"7318159000","isAvailableInUserRegion":true,"hasAccessories":false,"accessoryExcludes":[],"excludes":[[{"property":"sign_mount","options":["spacers_silver_29"]},{"options":["outside"],"property":"usage"}]]}