{"sku":"stamps","active":true,"titleSingle":"Tampon","titlePlural":"Tampons","createdAt":"2024-01-04T12:57:06.432Z","updatedAt":"2024-07-11T10:36:47.530Z","properties":[{"slug":"stamp_types","title":"Type de tampon","locked":false,"options":[{"slug":"colop_printer","name":"Colop printer rouge (plastique)","nullable":false,"eco":false},{"slug":"colop_printer_green","name":"Colop printer green line (plastique recyclé)","nullable":false,"eco":false},{"slug":"colop_printer_microban","name":"Colop printer microban (anti-bactéries)","nullable":false,"eco":false},{"slug":"colop_classic","name":"Colop classic (plastique & métal)","nullable":false,"eco":false},{"slug":"colop_classic_green","name":"Colop classic green line (plastique recyclé & métal)","nullable":false,"eco":false},{"slug":"colop_expert","name":"Colop expert (métal)","nullable":false,"eco":false},{"slug":"colop_printer_black","name":"Colop printer noir (plastique)","nullable":false,"eco":false},{"slug":"colop_eos","name":"Colop EOS (grand nombre de tamponnages)","nullable":false,"eco":false},{"slug":"trodat_printy","name":"Trodat printy noir (plastique)","nullable":false,"eco":false},{"slug":"trodat_printy_red","name":"Trodat printy rood (plastique)","nullable":false,"eco":false},{"slug":"trodat_profesional","name":"Trodat profesional (plastique & métal)","nullable":false,"eco":false}]},{"slug":"size","title":"Format (largeur x hauteur)","locked":false,"options":[{"slug":"15_x_6_mm","name":"15 x 6 mm - Colop printer 5","nullable":false},{"slug":"27_x_10_mm_colop","name":"27 x 10 mm - Colop printer 10","nullable":false},{"slug":"69_x_10_mm","name":"69 x 10 mm - Colop printer 15","nullable":false},{"slug":"38_x_14_mm_colop","name":"38 x 14 mm - Colop printer 20","nullable":false},{"slug":"75_x_15_mm_colop","name":"75 x 15 mm - Colop printer 25","nullable":false},{"slug":"47_x_18_mm_colop","name":"47 x 18 mm - Colop printer 30","nullable":false},{"slug":"50_x_30_mm_colop","name":"50 x 30 mm - Colop printer 35 / 35D","nullable":false},{"slug":"56_x_33_mm_colop","name":"56 x 33 mm - Colop printer 38 / 38D","nullable":false},{"slug":"58_x_22_mm_colop","name":"58 x 22 mm - Colop printer 40","nullable":false},{"slug":"82_x_25_mm_colop","name":"82 x 25 mm - Colop printer 45","nullable":false},{"slug":"69_x_30_mm","name":"69 x 30 mm - Colop printer 50","nullable":false},{"slug":"30_x_20_mm","name":"30 x 20 mm - Colop printer 52","nullable":false},{"slug":"45_x_30_mm","name":"45 x 30 mm - Colop printer 53 / 53D","nullable":false},{"slug":"50_x_40_mm","name":"50 x 40 mm - Colop printer 54 / 54D","nullable":false},{"slug":"60_x_40_mm_colop","name":"60 x 40 mm - Colop printer 55","nullable":false},{"slug":"76_x_37_mm","name":"76 x 37 mm - Colop printer 60","nullable":false},{"slug":"12_x_12_mm_colop","name":"12 x 12 mm - Colop printer Q12","nullable":false},{"slug":"17_x_17_mm","name":"17 x 17 mm - Colop printer Q17","nullable":false},{"slug":"20_x_20_mm_colop","name":"20 x 20 mm - Colop printer Q20","nullable":false},{"slug":"24_x_24_mm","name":"24 x 24 mm - Colop printer Q24","nullable":false},{"slug":"30_x_30_mm_colop","name":"30 x 30 mm - Colop printer Q30","nullable":false},{"slug":"43_x_43_mm","name":"43 x 43 mm - Colop printer Q43","nullable":false},{"slug":"12_mm_circle","name":"12 mm de diamètre - Colop printer R12","nullable":false},{"slug":"17_mm_circle","name":"17 mm de diamètre - Colop printer R17","nullable":false},{"slug":"24_mm_circle","name":"24 mm de diamètre - Colop printer R24","nullable":false},{"slug":"30_mm_circle_colop","name":"30 mm de diamètre - Colop printer R30","nullable":false},{"slug":"40_mm_circle","name":"40 mm de diamètre - Colop printer R40","nullable":false},{"slug":"45_mm_circle_colop","name":"45 mm de diamètre - Colop printer R45","nullable":false},{"slug":"50_mm_circle_colop","name":"50 mm de diamètre - Colop printer R50","nullable":false},{"slug":"26_x_9_mm","name":"26 x 9 mm - Trodat printy 4910","nullable":false},{"slug":"38_x_14_mm","name":"38 x 14 mm - Trodat printy 4911","nullable":false},{"slug":"47_x_18_mm","name":"47 x 18 mm - Trodat printy 4912","nullable":false},{"slug":"58_x_22_mm","name":"58 x 22 mm - Trodat printy 4913","nullable":false},{"slug":"64_x_26_mm","name":"64 x 26 mm - Trodat printy 4914","nullable":false},{"slug":"49_x_15_mm","name":"70 x 25 mm - Trodat printy 4915","nullable":false},{"slug":"70_x_10_mm","name":"70 x 10 mm - Trodat printy 4916","nullable":false},{"slug":"50_x_10_mm","name":"50 x 10 mm - Trodat printy 4917","nullable":false},{"slug":"12_x_12_mm","name":"12 x 12 mm - Trodat printy 4921","nullable":false},{"slug":"20_x_20_mm","name":"20 x 20 mm - Trodat printy 4922","nullable":false},{"slug":"25_x_25_mm","name":"25 x 25 mm - Trodat printy 4933","nullable":false},{"slug":"30_x_30_mm","name":"30 x 30 mm - Trodat printy 4923","nullable":false},{"slug":"40_x_40_mm","name":"40 x 40 mm - Trodat printy 4924","nullable":false},{"slug":"30_mm_circle","name":"30 mm de diamètre - Trodat printy 4630","nullable":false},{"slug":"38_mm_circle","name":"38 mm de diamètre - Trodat printy 4638","nullable":false},{"slug":"41_x_24_mm_colop","name":"41 x 24 mm - classic 2100 / 2160","nullable":false},{"slug":"45_x_30_mm_colop_classic","name":"45 x 30 mm - classic 2300 / 2360","nullable":false},{"slug":"58_x_27_mm","name":"58 x 27 mm - classic 2400 / 2460","nullable":false},{"slug":"58_x_37_mm","name":"58 x 37 mm - classic 2600 / 2660","nullable":false},{"slug":"68_x_49_mm","name":"68 x 49 mm - classic 2800 / 2860","nullable":false},{"slug":"45_mm_circle_colop_classic","name":"45 mm de diamètre - classic R2045 /R2045/6","nullable":false},{"slug":"75_x_15_mm","name":"75 x 15 mm - Trodat printy 4918","nullable":false},{"slug":"82_x_25_mm","name":"82 x 25 mm - Trodat printy 4925","nullable":false},{"slug":"75_x_38_mm","name":"75 x 38 mm - Trodat printy 4926 / 4926D","nullable":false},{"slug":"60_x_40_mm","name":"60 x 40 mm - Trodat printy 4927 / 4927D","nullable":false},{"slug":"60_x_33_mm","name":"60 x 33 mm - Trodat printy 4928","nullable":false},{"slug":"50_x_30_mm","name":"50 x 30 mm - Trodat printy 4929 / 4929D","nullable":false},{"slug":"70_x_30_mm","name":"70 x 30 mm - Trodat printy 4931 / 4731D ","nullable":false},{"slug":"19_mm_circle","name":"19 mm de diamètre - Trodat printy 46019","nullable":false},{"slug":"25_mm_circle","name":"25 mm de diamètre - Trodat printy 46025","nullable":false},{"slug":"45_mm_circle","name":"45 mm de diamètre - Trodat printy 46045","nullable":false},{"slug":"50_mm_circle","name":"50 mm de diamètre - Trodat printy 46050","nullable":false},{"slug":"41_x_24_mm_expert","name":"41 x 24 mm - expert 3100 / 3160","nullable":false},{"slug":"45_x_30_mm_expert","name":"45 x 30 mm - expert 3300 / 3360","nullable":false},{"slug":"58_x_27_mm_expert","name":"58 x 27 mm - expert 3400 / 3660","nullable":false},{"slug":"58_x_37_mm_expert","name":"58 x 37 mm - expert 3600","nullable":false},{"slug":"68_x_49_mm_colop","name":"68 x 49 mm - expert 3800 / 3860","nullable":false},{"slug":"78_x_32_mm","name":"78 x 32 mm - expert 3700","nullable":false},{"slug":"106_x_55_mm","name":"160 x 55 mm - expert 3900 / 3960","nullable":false},{"slug":"40_mm_circle_expert","name":"40 mm de diamètre - expert R3040 / R3040/D","nullable":false},{"slug":"41_x_24_mm","name":"41 x 24 mm - professional 5200 / 5430","nullable":false},{"slug":"49_x_28_mm","name":"49 x 28 mm - professional 5203 / 5440","nullable":false},{"slug":"55_x_26_mm","name":"55 x 26 mm - professional 5204 ","nullable":false},{"slug":"68_x_24_mm","name":"68 x 24 mm - professional 5205","nullable":false},{"slug":"56_x_33_mm","name":"56 x 33 mm - professional 5206 / 5460","nullable":false},{"slug":"60_x_40_mm_professional","name":"60 x 40 mm - professional 5207 / 5470","nullable":false},{"slug":"68_x_47_mm","name":"68 x 47 mm - professional 5208 / 5480","nullable":false},{"slug":"85_x_55_mm","name":"85 x 55 mm - professional 5211 / 54110","nullable":false},{"slug":"116_x_70_mm","name":"116 x 70 mm - professional 5212","nullable":false},{"slug":"40_mm_circle_professional","name":"40 mm de diamètre - professional 52040","nullable":false},{"slug":"45_mm_circle_professional","name":"45 mm de diamètre - professional 5215 / 5415","nullable":false},{"slug":"51_x_18_mm","name":"51 x 18 mm - EOS 30","nullable":false},{"slug":"51_x_30_mm","name":"51 x 30 mm - EOS 35","nullable":false},{"slug":"59_x_23_mm_eos","name":"59 x 23 mm - EOS 40","nullable":false},{"slug":"70_x_30_mm_colop","name":"70 x 30 mm - EOS 50","nullable":false},{"slug":"63_x_40_mm","name":"63 x 40 mm - EOS 55","nullable":false},{"slug":"76_x_38_mm_eos","name":"76 x 38 mm - EOS 60","nullable":false},{"slug":"80_x_60_mm","name":"80 x 60 mm - EOS 115","nullable":false},{"slug":"95_x_70_mm","name":"95 x 70 mm - EOS 120","nullable":false},{"slug":"17_mm_circle_eos","name":"17 mm de diamètre - EOS R17","nullable":false},{"slug":"40_x_40_mm_eos","name":"40 mm de diamètre EOS R40","nullable":false}]},{"slug":"data","title":"Date tampons","locked":false,"options":[{"slug":"without_date","name":"Sans date","nullable":false,"eco":false},{"slug":"date","name":"Avec date","nullable":false,"eco":false}]},{"slug":"color","title":"Couleurs","locked":false,"options":[{"slug":"black_ink_pad_stamp","name":"Noir","nullable":false,"eco":false},{"slug":"red_ink_pad_stamp","name":"Rouge","nullable":false,"eco":false},{"slug":"green_ink_pad_stamp","name":"Vert","nullable":false,"eco":false},{"slug":"blue_ink_pad_stamp","name":"Bleu","nullable":false,"eco":false},{"slug":"red_blue_ink_pad_stamp","name":"Rouge et bleu","nullable":false,"eco":false}]},{"slug":"copies","title":"Quantité","locked":false,"options":[]},{"slug":"designs","locked":false,"options":[],"title":"designs"},{"slug":"printingmethod","title":"Méthode d'impression","locked":false,"options":[{"slug":"engraving","name":"Gravure","nullable":false,"eco":false}]},{"slug":"printtype","title":"Impression","locked":false,"options":[{"slug":"10","name":"1/0 Pantone","nullable":false,"eco":false}]},{"slug":"urgency","title":"Urgence","locked":false,"options":[{"slug":"standard","name":"Standard","nullable":false,"eco":false},{"slug":"quick","name":"Rapide","nullable":false,"eco":false},{"slug":"urgent","name":"Urgent","nullable":false,"eco":false},{"slug":"moderate","nullable":false,"eco":false,"name":"Moderate"}]},{"slug":"material","title":"Support","locked":false,"options":[{"slug":"2000gr_stamp","name":"Tampon 2000 gr","nullable":false,"eco":false}]}],"maxDesigns":50,"bleed":0,"hsCode":"9611000000","isAvailableInUserRegion":true,"hasAccessories":false,"accessoryExcludes":[],"excludes":[[{"property":"stamp_types","options":["colop_printer","colop_printer_microban"]},{"property":"size","options":["30_x_20_mm","41_x_24_mm","45_x_30_mm","49_x_15_mm","49_x_28_mm","50_x_30_mm","51_x_18_mm","51_x_30_mm","55_x_26_mm","56_x_33_mm","58_x_27_mm","58_x_37_mm","60_x_33_mm","60_x_40_mm","63_x_40_mm","64_x_26_mm","68_x_24_mm","68_x_47_mm","68_x_49_mm","69_x_10_mm","70_x_30_mm","75_x_15_mm","75_x_38_mm","78_x_32_mm","80_x_60_mm","82_x_25_mm","95_x_70_mm","12_x_12_mm","17_x_17_mm","20_x_20_mm","24_x_24_mm","30_x_30_mm","43_x_43_mm","40_x_40_mm","106_x_55_mm","12_mm_circle","17_mm_circle","19_mm_circle","24_mm_circle","25_mm_circle","30_mm_circle","38_mm_circle","40_mm_circle","45_mm_circle","50_mm_circle","15_x_6_mm","50_x_10_mm","50_x_40_mm","70_x_10_mm","85_x_55_mm","116_x_70_mm","41_x_24_mm_colop","50_x_30_mm_colop","56_x_33_mm_colop","60_x_40_mm_colop","70_x_30_mm_colop","75_x_15_mm_colop","26_x_9_mm","38_x_14_mm","47_x_18_mm","58_x_22_mm","30_mm_circle_colop","45_mm_circle_colop","50_mm_circle_colop","30_x_30_mm_colop","82_x_25_mm_colop","12_x_12_mm_colop","20_x_20_mm_colop","40_x_40_mm_eos","17_mm_circle_eos","76_x_38_mm_eos","59_x_23_mm_eos","45_mm_circle_professional","40_mm_circle_professional","60_x_40_mm_professional","40_mm_circle_expert","68_x_49_mm_colop","58_x_37_mm_expert","58_x_27_mm_expert","45_x_30_mm_expert","41_x_24_mm_expert","45_mm_circle_colop_classic","45_x_30_mm_colop_classic","25_x_25_mm"]}],[{"property":"stamp_types","options":["colop_printer_black"]},{"property":"size","options":["26_x_9_mm","38_x_14_mm","41_x_24_mm","47_x_18_mm","49_x_15_mm","49_x_28_mm","51_x_18_mm","51_x_30_mm","55_x_26_mm","56_x_33_mm","58_x_22_mm","58_x_27_mm","58_x_37_mm","60_x_33_mm","60_x_40_mm","63_x_40_mm","64_x_26_mm","68_x_24_mm","68_x_47_mm","68_x_49_mm","69_x_30_mm","70_x_30_mm","75_x_38_mm","76_x_37_mm","78_x_32_mm","80_x_60_mm","82_x_25_mm","95_x_70_mm","106_x_55_mm","116_x_70_mm","85_x_55_mm","70_x_10_mm","50_x_10_mm","40_x_40_mm","19_mm_circle","25_mm_circle","38_mm_circle","27_x_10_mm","38_x_14_mm_colop","41_x_24_mm_colop","47_x_18_mm_colop","58_x_22_mm_colop","70_x_30_mm_colop","50_x_30_mm","75_x_15_mm","30_mm_circle","12_x_12_mm","20_x_20_mm","30_x_30_mm","45_mm_circle","50_mm_circle","59_x_23_mm_eos","17_mm_circle_eos","76_x_38_mm_eos","40_x_40_mm_eos","45_mm_circle_professional","40_mm_circle_professional","60_x_40_mm_professional","40_mm_circle_expert","68_x_49_mm_colop","58_x_37_mm_expert","58_x_27_mm_expert","45_x_30_mm_expert","41_x_24_mm_expert","45_x_30_mm_colop_classic","45_mm_circle_colop_classic","25_x_25_mm","27_x_10_mm_colop"]}],[{"property":"stamp_types","options":["colop_classic"]},{"property":"size","options":["26_x_9_mm","30_x_20_mm","38_x_14_mm","47_x_18_mm","49_x_15_mm","49_x_28_mm","50_x_30_mm","51_x_18_mm","51_x_30_mm","55_x_26_mm","56_x_33_mm","60_x_33_mm","58_x_22_mm","60_x_40_mm","63_x_40_mm","64_x_26_mm","68_x_24_mm","68_x_47_mm","69_x_10_mm","69_x_30_mm","70_x_30_mm","75_x_15_mm","75_x_38_mm","76_x_37_mm","78_x_32_mm","80_x_60_mm","82_x_25_mm","95_x_70_mm","12_mm_cirkel","12_x_12_mm","17_x_17_mm","20_x_20_mm","24_x_24_mm","30_x_30_mm","40_x_40_mm","43_x_43_mm","106_x_55_mm","12_mm_circle","17_mm_circle","19_mm_circle","24_mm_circle","25_mm_circle","30_mm_circle","38_mm_circle","40_mm_circle","50_mm_circle","15_x_6_mm","50_x_10_mm","50_x_40_mm","70_x_10_mm","85_x_55_mm","116_x_70_mm","12_x_12_mm_colop","20_x_20_mm_colop","30_x_30_mm_colop","50_mm_circle_colop","45_mm_circle_colop","30_mm_circle_colop","27_x_10_mm","38_x_14_mm_colop","47_x_18_mm_colop","50_x_30_mm_colop","56_x_33_mm_colop","58_x_22_mm_colop","60_x_40_mm_colop","70_x_30_mm_colop","75_x_15_mm_colop","82_x_25_mm_colop","59_x_23_mm_eos","76_x_38_mm_eos","17_mm_circle_eos","40_x_40_mm_eos","60_x_40_mm_professional","40_mm_circle_professional","45_mm_circle_professional","41_x_24_mm_expert","45_x_30_mm_expert","58_x_27_mm_expert","58_x_37_mm_expert","40_mm_circle_expert","45_mm_circle","68_x_49_mm_colop","27_x_10_mm_colop","45_x_30_mm","25_x_25_mm","41_x_24_mm"]}],[{"property":"stamp_types","options":["colop_expert"]},{"property":"size","options":["26_x_9_mm","30_x_20_mm","38_x_14_mm","47_x_18_mm","49_x_15_mm","49_x_28_mm","50_x_30_mm","51_x_18_mm","51_x_30_mm","55_x_26_mm","56_x_33_mm","58_x_22_mm","60_x_33_mm","60_x_40_mm","63_x_40_mm","64_x_26_mm","68_x_24_mm","68_x_47_mm","69_x_10_mm","69_x_30_mm","70_x_30_mm","75_x_15_mm","75_x_38_mm","76_x_37_mm","80_x_60_mm","82_x_25_mm","95_x_70_mm","12_x_12_mm","17_x_17_mm","20_x_20_mm","24_x_24_mm","30_x_30_mm","40_x_40_mm","43_x_43_mm","12_mm_circle","19_mm_circle","17_mm_circle","24_mm_circle","25_mm_circle","30_mm_circle","38_mm_circle","45_mm_circle","50_mm_circle","15_x_6_mm","50_x_10_mm","50_x_40_mm","70_x_10_mm","85_x_55_mm","116_x_70_mm","12_x_12_mm_colop","20_x_20_mm_colop","30_x_30_mm_colop","45_mm_circle_colop","50_mm_circle_colop","82_x_25_mm_colop","75_x_15_mm_colop","70_x_30_mm_colop","60_x_40_mm_colop","47_x_18_mm_colop","50_x_30_mm_colop","56_x_33_mm_colop","58_x_22_mm_colop","38_x_14_mm_colop","27_x_10_mm","60_x_40_mm_professional","40_mm_circle_professional","45_mm_circle_professional","59_x_23_mm_eos","41_x_24_mm","76_x_38_mm_eos","17_mm_circle_eos","40_x_40_mm_eos","45_mm_circle_colop_classic","68_x_49_mm","58_x_37_mm","58_x_27_mm","45_x_30_mm_colop_classic","41_x_24_mm_colop","40_mm_circle","25_x_25_mm","30_mm_circle_colop","45_x_30_mm","27_x_10_mm_colop"]}],[{"property":"stamp_types","options":["colop_eos"]},{"options":["26_x_9_mm","30_x_20_mm","38_x_14_mm","41_x_24_mm","45_x_30_mm","47_x_18_mm","49_x_15_mm","49_x_28_mm","50_x_30_mm","55_x_26_mm","56_x_33_mm","58_x_27_mm","58_x_37_mm","60_x_33_mm","60_x_40_mm","64_x_26_mm","68_x_24_mm","68_x_47_mm","68_x_49_mm","69_x_10_mm","69_x_30_mm","75_x_15_mm","75_x_38_mm","78_x_32_mm","82_x_25_mm","106_x_55_mm","12_x_12_mm","17_x_17_mm","20_x_20_mm","24_x_24_mm","30_x_30_mm","43_x_43_mm","12_mm_circle","19_mm_circle","24_mm_circle","25_mm_circle","30_mm_circle","38_mm_circle","40_mm_circle","45_mm_circle","50_mm_circle","15_x_6_mm","50_x_40_mm","50_x_10_mm","50_mm_circle_colop","45_mm_circle_colop","30_mm_circle_colop","30_x_30_mm_colop","38_x_14_mm_colop","41_x_24_mm_colop","47_x_18_mm_colop","50_x_30_mm_colop","56_x_33_mm_colop","58_x_22_mm_colop","60_x_40_mm_colop","75_x_15_mm_colop","82_x_25_mm_colop","58_x_22_mm","70_x_10_mm","70_x_30_mm","85_x_55_mm","116_x_70_mm","12_x_12_mm_colop","20_x_20_mm_colop","27_x_10_mm","27_x_10_mm_colop","76_x_37_mm","17_mm_circle","25_x_25_mm","40_x_40_mm","45_x_30_mm_colop_classic","45_mm_circle_colop_classic","41_x_24_mm_expert","45_x_30_mm_expert","58_x_27_mm_expert","58_x_37_mm_expert","68_x_49_mm_colop","40_mm_circle_expert","60_x_40_mm_professional","40_mm_circle_professional","45_mm_circle_professional"],"property":"size"}],[{"property":"stamp_types","options":["trodat_printy"]},{"property":"size","options":["30_x_20_mm","41_x_24_mm","45_x_30_mm","49_x_28_mm","50_x_30_mm","51_x_18_mm","51_x_30_mm","55_x_26_mm","56_x_33_mm","58_x_27_mm","58_x_37_mm","60_x_33_mm","60_x_40_mm","63_x_40_mm","68_x_24_mm","68_x_47_mm","68_x_49_mm","69_x_10_mm","69_x_30_mm","70_x_30_mm","75_x_15_mm","75_x_38_mm","76_x_37_mm","78_x_32_mm","80_x_60_mm","82_x_25_mm","95_x_70_mm","106_x_55_mm","24_mm_cirkel","17_x_17_mm","24_x_24_mm","43_x_43_mm","15_x_6_mm","50_x_40_mm","12_mm_circle","17_mm_circle","24_mm_circle","40_mm_circle","19_mm_circle","25_mm_circle","45_mm_circle","50_mm_circle","116_x_70_mm","85_x_55_mm","27_x_10_mm","38_x_14_mm_colop","41_x_24_mm_colop","47_x_18_mm_colop","50_x_30_mm_colop","56_x_33_mm_colop","58_x_22_mm_colop","60_x_40_mm_colop","70_x_30_mm_colop","75_x_15_mm_colop","82_x_25_mm_colop","30_mm_circle_colop","50_mm_circle_colop","45_mm_circle_colop","30_x_30_mm_colop","12_x_12_mm_colop","20_x_20_mm_colop","60_x_40_mm_professional","40_mm_circle_professional","45_mm_circle_professional","59_x_23_mm_eos","76_x_38_mm_eos","17_mm_circle_eos","40_x_40_mm_eos","41_x_24_mm_expert","45_x_30_mm_expert","58_x_27_mm_expert","58_x_37_mm_expert","68_x_49_mm_colop","40_mm_circle_expert","45_mm_circle_colop_classic","45_x_30_mm_colop_classic","27_x_10_mm_colop"]}],[{"property":"stamp_types","options":["trodat_printy_red"]},{"property":"size","options":["49_x_28_mm","26_x_9_mm","30_x_20_mm","41_x_24_mm","38_x_14_mm","45_x_30_mm","47_x_18_mm","49_x_15_mm","51_x_18_mm","51_x_30_mm","55_x_26_mm","56_x_33_mm","58_x_22_mm","58_x_27_mm","58_x_37_mm","63_x_40_mm","64_x_26_mm","68_x_24_mm","68_x_47_mm","68_x_49_mm","69_x_10_mm","69_x_30_mm","76_x_37_mm","78_x_32_mm","80_x_60_mm","95_x_70_mm","106_x_55_mm","12_x_12_mm","17_x_17_mm","20_x_20_mm","24_x_24_mm","30_x_30_mm","40_x_40_mm","43_x_43_mm","15_x_6_mm","50_x_10_mm","50_x_40_mm","70_x_10_mm","12_mm_circle","17_mm_circle","24_mm_circle","30_mm_circle","38_mm_circle","40_mm_circle","116_x_70_mm","85_x_55_mm","30_mm_circle_colop","45_mm_circle_colop","50_mm_circle_colop","30_x_30_mm_colop","82_x_25_mm_colop","38_x_14_mm_colop","41_x_24_mm_colop","47_x_18_mm_colop","50_x_30_mm_colop","56_x_33_mm_colop","58_x_22_mm_colop","60_x_40_mm_colop","70_x_30_mm_colop","75_x_15_mm_colop","27_x_10_mm","12_x_12_mm_colop","20_x_20_mm_colop","60_x_40_mm_professional","40_mm_circle_professional","45_mm_circle_professional","59_x_23_mm_eos","76_x_38_mm_eos","17_mm_circle_eos","40_x_40_mm_eos","41_x_24_mm_expert","45_x_30_mm_expert","58_x_27_mm_expert","58_x_37_mm_expert","68_x_49_mm_colop","40_mm_circle_expert","45_x_30_mm_colop_classic","45_mm_circle_colop_classic","25_x_25_mm","27_x_10_mm_colop"]}],[{"property":"stamp_types","options":["trodat_profesional"]},{"property":"size","options":["26_x_9_mm","30_x_20_mm","38_x_14_mm","45_x_30_mm","47_x_18_mm","49_x_15_mm","50_x_30_mm","51_x_18_mm","51_x_30_mm","58_x_22_mm","58_x_27_mm","60_x_33_mm","63_x_40_mm","64_x_26_mm","68_x_49_mm","69_x_10_mm","69_x_30_mm","70_x_30_mm","75_x_15_mm","75_x_38_mm","76_x_37_mm","78_x_32_mm","80_x_60_mm","82_x_25_mm","95_x_70_mm","106_x_55_mm","12_x_12_mm","17_x_17_mm","20_x_20_mm","24_x_24_mm","30_x_30_mm","40_x_40_mm","43_x_43_mm","12_mm_circle","17_mm_circle","19_mm_circle","24_mm_circle","25_mm_circle","30_mm_circle","38_mm_circle","50_mm_circle","15_x_6_mm","50_x_10_mm","50_x_40_mm","70_x_10_mm","30_mm_circle_colop","45_mm_circle_colop","50_mm_circle_colop","30_x_30_mm_colop","70_x_30_mm_colop","75_x_15_mm_colop","82_x_25_mm_colop","60_x_40_mm_colop","38_x_14_mm_colop","41_x_24_mm_colop","47_x_18_mm_colop","50_x_30_mm_colop","56_x_33_mm_colop","58_x_22_mm_colop","27_x_10_mm","12_x_12_mm_colop","20_x_20_mm_colop","59_x_23_mm_eos","76_x_38_mm_eos","17_mm_circle_eos","40_x_40_mm_eos","27_x_10_mm_colop","40_mm_circle","25_x_25_mm","45_x_30_mm_colop_classic","45_mm_circle_colop_classic","60_x_40_mm","45_mm_circle","41_x_24_mm_expert","45_x_30_mm_expert","58_x_27_mm_expert","58_x_37_mm_expert","68_x_49_mm_colop","40_mm_circle_expert","58_x_37_mm"]}],[{"property":"stamp_types","options":["colop_printer","colop_printer_green","colop_printer_microban","colop_classic","colop_classic_green","colop_expert","colop_printer_black","colop_eos","trodat_printy","trodat_printy_red"]},{"property":"color","options":["red_blue_ink_pad_stamp"]}],[{"property":"color","options":["red_blue_ink_pad_stamp"]},{"options":["without_date"],"property":"data"}],[{"options":["date"],"property":"data"},{"property":"size","options":["15_x_6_mm","26_x_9_mm","30_x_20_mm","38_x_14_mm","47_x_18_mm","49_x_15_mm","50_x_10_mm","51_x_18_mm","51_x_30_mm","55_x_26_mm","58_x_22_mm","60_x_33_mm","63_x_40_mm","64_x_26_mm","68_x_24_mm","69_x_10_mm","69_x_30_mm","70_x_10_mm","75_x_15_mm","76_x_37_mm","78_x_32_mm","80_x_60_mm","82_x_25_mm","95_x_70_mm","106_x_55_mm","116_x_70_mm","12_mm_circle","17_mm_circle","24_mm_circle","50_mm_circle","12_x_12_mm","17_x_17_mm","20_x_20_mm","24_x_24_mm","30_x_30_mm","40_x_40_mm","43_x_43_mm","38_x_14_mm_colop","47_x_18_mm_colop","58_x_22_mm_colop","70_x_30_mm_colop","75_x_15_mm_colop","82_x_25_mm_colop","30_mm_circle_colop","45_mm_circle_colop","50_mm_circle_colop","30_x_30_mm_colop","12_x_12_mm_colop","20_x_20_mm_colop","27_x_10_mm_colop","59_x_23_mm_eos","76_x_38_mm_eos","17_mm_circle_eos","40_x_40_mm_eos","40_mm_circle"]}],[{"options":["colop_classic_green"],"property":"stamp_types"},{"property":"size","options":["15_x_6_mm","26_x_9_mm","30_x_20_mm","38_x_14_mm","50_mm_circle","45_mm_circle","38_mm_circle","25_mm_circle","30_mm_circle","40_mm_circle","12_x_12_mm","17_x_17_mm","20_x_20_mm","24_x_24_mm","30_x_30_mm","40_x_40_mm","43_x_43_mm","12_mm_circle","17_mm_circle","19_mm_circle","24_mm_circle","64_x_26_mm","68_x_24_mm","68_x_49_mm","69_x_10_mm","69_x_30_mm","70_x_10_mm","70_x_30_mm","75_x_15_mm","75_x_38_mm","76_x_37_mm","78_x_32_mm","80_x_60_mm","82_x_25_mm","95_x_70_mm","106_x_55_mm","116_x_70_mm","49_x_15_mm","49_x_28_mm","50_x_10_mm","50_x_30_mm","50_x_40_mm","51_x_18_mm","51_x_30_mm","55_x_26_mm","56_x_33_mm","58_x_22_mm","58_x_27_mm","60_x_33_mm","60_x_40_mm","63_x_40_mm","41_x_24_mm","47_x_18_mm","27_x_10_mm","38_x_14_mm_colop","41_x_24_mm_colop","47_x_18_mm_colop","50_x_30_mm_colop","56_x_33_mm_colop","58_x_22_mm_colop","60_x_40_mm_colop","70_x_30_mm_colop","82_x_25_mm_colop","75_x_15_mm_colop","30_mm_circle_colop","50_mm_circle_colop","45_mm_circle_colop","30_x_30_mm_colop","12_x_12_mm_colop","20_x_20_mm_colop","60_x_40_mm_professional","40_mm_circle_professional","45_mm_circle_professional","59_x_23_mm_eos","76_x_38_mm_eos","17_mm_circle_eos","40_x_40_mm_eos","41_x_24_mm_expert","45_x_30_mm_expert","58_x_27_mm_expert","58_x_37_mm_expert","68_x_49_mm_colop","40_mm_circle_expert","25_x_25_mm","45_mm_circle_colop_classic","27_x_10_mm_colop","45_x_30_mm","85_x_55_mm","68_x_47_mm"]}],[{"property":"stamp_types","options":["colop_printer_green"]},{"options":["26_x_9_mm","12_x_12_mm","20_x_20_mm","30_x_30_mm","40_x_40_mm","17_x_17_mm","24_x_24_mm","30_x_30_mm_colop","43_x_43_mm","15_x_6_mm","27_x_10_mm","30_x_20_mm","41_x_24_mm_colop","45_x_30_mm","50_x_10_mm","50_x_30_mm_colop","51_x_18_mm","51_x_30_mm","56_x_33_mm_colop","58_x_27_mm","58_x_37_mm","60_x_40_mm_colop","68_x_24_mm","63_x_40_mm","69_x_10_mm","68_x_47_mm","70_x_30_mm_colop","75_x_15_mm_colop","76_x_37_mm","78_x_32_mm","80_x_60_mm","82_x_25_mm_colop","95_x_70_mm","106_x_55_mm","38_x_14_mm","41_x_24_mm","47_x_18_mm","49_x_15_mm","49_x_28_mm","50_x_30_mm","50_x_40_mm","55_x_26_mm","56_x_33_mm","58_x_22_mm","60_x_33_mm","60_x_40_mm","64_x_26_mm","68_x_49_mm","70_x_10_mm","70_x_30_mm","75_x_15_mm","75_x_38_mm","82_x_25_mm","85_x_55_mm","116_x_70_mm","12_mm_circle","17_mm_circle","24_mm_circle","30_mm_circle_colop","40_mm_circle","45_mm_circle_colop","50_mm_circle_colop","trodat_rond","19_mm_circle","25_mm_circle","30_mm_circle","38_mm_circle","45_mm_circle","50_mm_circle","12_x_12_mm_colop","20_x_20_mm_colop","59_x_23_mm_eos","76_x_38_mm_eos","17_mm_circle_eos","40_x_40_mm_eos","60_x_40_mm_professional","40_mm_circle_professional","45_mm_circle_professional","41_x_24_mm_expert","45_x_30_mm_expert","58_x_27_mm_expert","58_x_37_mm_expert","68_x_49_mm_colop","40_mm_circle_expert","45_x_30_mm_colop_classic","45_mm_circle_colop_classic","25_x_25_mm","27_x_10_mm_colop"],"property":"size"}]]}