{"sku":"sticker-vinyl","active":true,"titleSingle":"Autocollant vinyl","titlePlural":"Autocollants vinyl","createdAt":"2023-08-29T15:13:53.233Z","updatedAt":"2024-08-27T06:48:30.231Z","properties":[{"slug":"summary_image","title":"summary image","locked":false,"options":[{"slug":"sticker-vinyl","nullable":true,"eco":false,"name":"sticker-vinyl"}]},{"slug":"material","title":"Support","locked":false,"options":[{"slug":"monomeer_white_gloss_orajet_3162","name":"Monomère blanc brillant - Orajet® 3162","nullable":false,"eco":false},{"slug":"monomeer_transparent_full_color_orajet_3162","name":"Monomère transparent brillant - Orajet® 3162","nullable":false,"eco":false},{"slug":"monomeric_white_glossy_3m_ij20-10r","name":"Monomère blanc brillant - 3M™ Scotchcal™ IJ20-10R","nullable":false,"eco":false},{"slug":"ultra_clear_transparant_lintec_e-2200zc","name":"Lintec E-2200ZC","nullable":false,"eco":true},{"slug":"clearview_transparent_gloss_full_color_3m_ij8150","name":"Clearview brillant - 3M™ Scotchcal™ IJ8150","nullable":false,"eco":false},{"slug":"one_way_vision_orajet_3676","name":"One way vision - Orajet® 3676","nullable":false,"eco":false},{"slug":"dot_white_gloss_prime_quick_stick","name":"Easy DOT (blanc)","nullable":false,"eco":false},{"slug":"dot_transparent_gloss_prime_quick_stick","name":"Easy DOT (transparent)","nullable":false,"eco":false},{"slug":"polymeer_white_gloss_orajet_3551g","name":"Polymère blanc brillant - Orajet®  3551","nullable":false,"eco":false},{"slug":"polymeer_white_gloss_orajet_3551gra","name":"Polymère blanc brillant RapidAir - Orajet® 3551RA","nullable":false,"eco":false},{"slug":"polymeer_transparent_orajet_3551g000","name":"Polymère transparent brillant - Orajet® 3551","nullable":false,"eco":false},{"slug":"monomeric_white_matt_ijm715","name":"Monomère blanc mat avec anti-dérapant R10 - IJM715","nullable":false,"eco":false},{"slug":"cast_white_gloss_3m_3662-10","name":"Vinyle sol coulé blanc brillant - 3M™  Scotchcal ™ 3662","nullable":false,"eco":false},{"slug":"175gr_yupotako_white","name":"Film micro-ventousé blanc - YUPOTako®","nullable":false,"eco":true},{"slug":"238gr_yupojelly_transparent","name":"Film micro-ventousé transparent - YUPOJelly®","nullable":false,"eco":true},{"slug":"sandblast_window_film","nullable":false,"eco":false,"name":"Film de sablage"},{"slug":"haze_window_film","nullable":false,"eco":false,"name":"Haze film"},{"slug":"monomeric_white_gloss_orajet_3174xg010","name":"Monomère blanc brillant sans pvc - Orajet® 3174","nullable":false,"eco":true},{"slug":"ip2906_rigid_pvc","name":"PVC double face - ImagePerfect™ 2906 ","nullable":false,"eco":false},{"slug":"polymeric_white_glossy_3m_ij40c-10","name":"Polymère blanc brillant Controltac™ and Comply™ - 3M™ Envision™ 40C-10","nullable":false,"eco":false},{"slug":"polymeer_white_matt_gf285_roughmark","nullable":false,"eco":false,"name":"Polymère blanc mat - Roughmark™ 285"},{"slug":"polymeer_transparent_matt_gf287_roughmark","nullable":false,"eco":false,"name":"Polymère transparent mat - Roughmark™ 287"},{"slug":"polymeer_white_gloss_orajet_3650","nullable":false,"eco":false,"name":"Orajet® 3650 (polymère blanc)"}]},{"slug":"finish","title":"Pelliculage","locked":false,"options":[{"slug":"no_laminate","name":"Sans","nullable":false,"eco":false},{"slug":"monomeer_gloss_lamination_oraguard_200","name":"Pelliculage monomère brillant - Oraguard® 200","nullable":false,"eco":false},{"slug":"monomeer_matt_lamination_oraguard_200","name":"Pelliculage monomère mat - Oraguard 200","nullable":false,"eco":false},{"slug":"polymeer_gloss_lamination_oraguard_215","name":"Pelliculage polymère brillant - Oraguard® 215","nullable":false,"eco":false},{"slug":"polymeer_matt_lamination_oraguard_215","name":"Pelliculage polymère mat - Oraguard® 215","nullable":false,"eco":false},{"slug":"one_way_vision_lamination_oraguard_297gf_optical_clear","name":"Pelliculage One way vision - Oraguard® 297GF","nullable":false,"eco":false},{"slug":"floor_lamination_monomeer_anti_skid_oraguard_250as_120_mic","name":"Pelliculage sol monomère mat 120 µm R10 - Oraguard 250AS","nullable":false,"eco":false},{"slug":"floor_lamination_monomeer_anti_skid_oraguard_255as_170_mic","name":"Pelliculage sol monomère mat 170 µm R10 - Oraguard 255AS","nullable":false,"eco":false},{"slug":"luster_cast_mat_laminate_3m_3645","name":"Pelliculage coulé mat pour sol 200 µm R9 - 3M scotchcal 3645","nullable":false,"eco":false},{"slug":"pavement_cast_mat_laminate_3m_3647","name":"Pelliculage sol coulé blanc mat 500 µm - 3M Scotchcal 3647","nullable":false,"eco":false},{"slug":"floor_lamination_pvc_free_gf_213","nullable":false,"eco":true,"name":"Lamination pour sol sans PVC - GF 213 Traffic Graffic"},{"slug":"monomeric_gloss_lamination_oraguard_236g","name":"Pelliculage monomère brillant sans pvc - Oraguard 236","nullable":false,"eco":true},{"slug":"monomeric_gloss_lamination_3m_8008g","name":"Stratifié monomère brillant - 3M™ Envision™ 8008G","nullable":false,"eco":false},{"slug":"monomeric_matt_lamination_3m_8010m","name":"Stratifié monomère mat - 3M™ Envision™ 8010M","nullable":false,"eco":false},{"slug":"whiteboard_lamination_prime","name":"Pelliculage tableau blanc polymère transparent brillant","nullable":false,"eco":false},{"slug":"clearview_transparent_laminate_gloss_full_color_3m_ij8150","name":"Clearview brillant - 3M™ Scotchcal™ IJ8150","nullable":false,"eco":false}]},{"slug":"size","title":"Format (largeur x hauteur)","locked":false,"options":[{"slug":"30_x_20_cm","name":"30 x 20 cm","nullable":false},{"slug":"40_x_30_cm","name":"40 x 30 cm","nullable":false},{"slug":"60_x_40_cm","name":"60 x 40 cm","nullable":false},{"slug":"90_x_60_cm","name":"90 x 60 cm","nullable":false},{"slug":"100_x_100_cm","name":"100 x 100 cm","nullable":false},{"slug":"a4_cm","name":"A4 - 21 x 29,7 cm","nullable":false},{"slug":"a3_cm","name":"A3 - 29,7 x 42 cm","nullable":false},{"slug":"a2_cm","name":"A2 - 42 x 59,4 cm","nullable":false},{"slug":"a1_cm","name":"A1 - 59,4 x 84 cm","nullable":false},{"slug":"a0_cm","name":"A0 - 84 x 118,9 cm","nullable":false},{"slug":"custom","nullable":false,"customSizes":{"minHeight":50,"sizeUnit":"CM","minWidth":50,"maxHeight":7500,"dimensionalAccuracy":"MM","maxWidth":1480}}]},{"slug":"copies","title":"Quantité","locked":false,"options":[{"slug":1,"nullable":false,"type":"lfp_latex_160"},{"slug":2,"nullable":false,"type":"lfp_latex_160"},{"slug":3,"nullable":false,"type":"lfp_latex_160"},{"slug":4,"nullable":false,"type":"lfp_latex_160"},{"slug":5,"nullable":false,"type":"lfp_latex_160"},{"slug":6,"nullable":false,"type":"lfp_latex_160"},{"slug":7,"nullable":false,"type":"lfp_latex_160"},{"slug":8,"nullable":false,"type":"lfp_latex_160"},{"slug":9,"nullable":false,"type":"lfp_latex_160"},{"slug":10,"nullable":false,"type":"lfp_latex_160"}]},{"slug":"printtype","title":"Impression","locked":false,"options":[{"slug":"00","name":"Non imprimé","nullable":false,"eco":false},{"slug":"40","name":"4/0 quadri recto","nullable":false,"eco":false},{"slug":"44","name":"4/4 quadri recto/verso","nullable":false,"eco":false},{"slug":"50","name":"5/0 quadri + blanc","nullable":false,"eco":false}]},{"slug":"application_side","title":"Face du collage","locked":false,"options":[{"slug":"outside","name":"Face extérieure","nullable":false,"eco":false},{"slug":"inside","name":"Face intérieure (fournir le visuel en miroir)","nullable":false,"eco":false}]},{"slug":"custom_shape","title":"Coupe et découpe","locked":false,"options":[{"slug":"clean_cut_stickers","name":"Coupe droite","nullable":false,"eco":false},{"slug":"custom_shape_die_cut","name":"Découpe à la forme","nullable":false,"eco":false},{"slug":"custom_shape_kiss_cut_multiple","name":"Découpe Mi-chair (contours multiples)","nullable":false,"eco":false},{"slug":"custom_shape_application_foil","name":"Mi-chair, découpe à la forme, avec film d'application","nullable":false,"eco":false}]},{"slug":"number_of_contour_lines","title":"Contours multiples","locked":false,"options":[{"slug":"no_contour_lines","name":"Non","nullable":true,"eco":false},{"slug":"1","name":"1","nullable":false,"eco":false},{"slug":"2","name":"2","nullable":false,"eco":false},{"slug":"3","name":"3","nullable":false,"eco":false},{"slug":"4","name":"4","nullable":false,"eco":false},{"slug":"5","name":"5","nullable":false,"eco":false},{"slug":"6","name":"6","nullable":false,"eco":false},{"slug":"7","name":"7","nullable":false,"eco":false},{"slug":"8","name":"8","nullable":false,"eco":false},{"slug":"9","name":"9","nullable":false,"eco":false},{"slug":"10","name":"10","nullable":false,"eco":false},{"slug":"11","name":"11","nullable":false,"eco":false},{"slug":"12","name":"12","nullable":false,"eco":false},{"slug":"13","name":"13","nullable":false,"eco":false},{"slug":"14","name":"14","nullable":false,"eco":false},{"slug":"15","name":"15","nullable":false,"eco":false},{"slug":"16","name":"16","nullable":false,"eco":false},{"slug":"17","name":"17","nullable":false,"eco":false},{"slug":"18","name":"18","nullable":false,"eco":false},{"slug":"19","name":"19","nullable":false,"eco":false},{"slug":"20","name":"20","nullable":false,"eco":false},{"slug":"21","name":"21","nullable":false,"eco":false},{"slug":"22","name":"22","nullable":false,"eco":false},{"slug":"23","name":"23","nullable":false,"eco":false},{"slug":"24","name":"24","nullable":false,"eco":false},{"slug":"25","name":"25","nullable":false,"eco":false}]},{"slug":"printingmethod","title":"Méthode d'impression","locked":false,"options":[{"slug":"lfp_latex_160","name":"HP Latex 800","description":"HP Latex 800","nullable":false,"eco":false}]},{"slug":"urgency","title":"Urgence","locked":false,"options":[{"slug":"standard","name":"Standard","nullable":false,"eco":false},{"slug":"quick","name":"Rapide","nullable":false,"eco":false},{"slug":"urgent","name":"Urgent","nullable":false,"eco":false},{"slug":"moderate","nullable":false,"eco":false,"name":"Moderate"}]},{"slug":"packaging_extras","title":"Emballage","locked":false,"options":[{"slug":"packaging_vinyl","name":"packaging_vinyl","nullable":false,"eco":false}]},{"slug":"finish_products","title":"Finition des produits","locked":false,"options":[{"slug":"none","name":"Sans","nullable":true,"eco":false},{"slug":"mount-film","name":"Pose d'un film autocollant double-face","nullable":false,"eco":false}]},{"slug":"box_delivery","locked":false,"options":[{"slug":"30","nullable":false,"eco":false,"name":"30"}],"title":"box_delivery"}],"maxDesigns":50,"bleed":10,"hsCode":"3919101000","isAvailableInUserRegion":true,"hasAccessories":true,"accessoryExcludes":[],"excludes":[[{"options":["whiteboard_lamination_prime"],"property":"finish"},{"options":["monomeer_white_gloss_orajet_3162","monomeer_white_matt_orajet_3162","monomeer_transparent_full_color_orajet_3162","clearview_transparent_gloss_full_color_3m_ij8150","one_way_vision_orajet_3676","170gr_static_foil_white","170gr_static_foil_transparent","cast_white_gloss_3m_3662-10","175gr_yupotako_white","238gr_yupojelly_transparent","monomeric_white_gloss_orajet_3174xg010","monomeric_white_matt_orajet_3174xm010","polymeric_white_matt_3m_4820r","polymeric_white_matt_3m_48c20r","monomeric_white_matt_ijm715","carpet_vinyl_polymeric_white_gloss_-_prime","125gr_geckotex"],"property":"material"}],[{"options":["polymeer_gloss_lamination_oraguard_215"],"property":"finish"},{"options":["monomeer_white_gloss_orajet_3162","monomeer_white_matt_orajet_3162","monomeer_transparent_full_color_orajet_3162","clearview_transparent_gloss_full_color_3m_ij8150","one_way_vision_orajet_3676","170gr_static_foil_white","170gr_static_foil_transparent","cast_white_gloss_3m_3662-10","175gr_yupotako_white","238gr_yupojelly_transparent","monomeric_white_gloss_orajet_3174xg010","monomeric_white_matt_orajet_3174xm010","polymeric_white_matt_3m_4820r","polymeric_white_matt_3m_48c20r","monomeric_white_matt_ijm715","carpet_vinyl_polymeric_white_gloss_-_prime","haze_3m_5525-314","sandblast_3m_5525-324","125gr_geckotex","sandblast_window_film","haze_window_film"],"property":"material"}],[{"options":["polymeer_matt_lamination_oraguard_215"],"property":"finish"},{"options":["monomeer_white_gloss_orajet_3162","monomeer_white_matt_orajet_3162","monomeer_transparent_full_color_orajet_3162","clearview_transparent_gloss_full_color_3m_ij8150","one_way_vision_orajet_3676","170gr_static_foil_white","170gr_static_foil_transparent","cast_white_gloss_3m_3662-10","175gr_yupotako_white","238gr_yupojelly_transparent","monomeric_white_gloss_orajet_3174xg010","monomeric_white_matt_orajet_3174xm010","polymeric_white_matt_3m_48c20r","monomeric_white_matt_ijm715","carpet_vinyl_polymeric_white_gloss_-_prime","haze_3m_5525-314","sandblast_3m_5525-324","polymeric_white_matt_3m_4820r","125gr_geckotex","sandblast_window_film","haze_window_film"],"property":"material"}],[{"options":["monomeer_white_gloss_orajet_3162","monomeer_white_matt_orajet_3162","monomeer_transparent_full_color_orajet_3162","dot_white_gloss_prime_quick_stick","clearview_transparent_gloss_full_color_3m_ij8150","one_way_vision_orajet_3676","170gr_static_foil_white","170gr_static_foil_transparent","cast_white_gloss_3m_3662-10","175gr_yupotako_white","238gr_yupojelly_transparent","125gr_geckotex"],"property":"material"},{"options":["polymeer_gloss_lamination_oraguard_210","polymeer_matt_lamination_oraguard_210","whiteboard_lamination_prime","polymeer_gloss_lamination_oraguard_215","polymeer_matt_lamination_oraguard_215"],"property":"finish"}],[{"options":["monomeer_white_gloss_orajet_3162","monomeer_white_matt_orajet_3162","monomeer_transparent_full_color_orajet_3162","dot_white_gloss_prime_quick_stick","clearview_transparent_gloss_full_color_3m_ij8150","0.3mm_magnet_foil","170gr_static_foil_white","170gr_static_foil_transparent","0.85mm_magnet_foil","polymeer_white_gloss_orajet_3551gra","polymeer_white_matt_orajet_3551mra","polymeer_transparent_orajet_3551g000","polymeer_white_gloss_orajet_3551g","polymeer_white_matt_orajet_3551m","polymeer_white_gloss_orajet_3105ght","cast_white_gloss_3m_3662-10","175gr_yupotako_white","238gr_yupojelly_transparent","whiteboard_film_white","whiteboard_film_transparent","125gr_geckotex"],"property":"material"},{"options":["one_way_vision_lamination_oraguard_297gf_optical_clear"],"property":"finish"}],[{"options":["one_way_vision_lamination_oraguard_297gf_optical_clear"],"property":"finish"},{"options":["monomeer_white_gloss_orajet_3162","monomeer_white_matt_orajet_3162","monomeer_transparent_full_color_orajet_3162","clearview_transparent_gloss_full_color_3m_ij8150","0.3mm_magnet_foil","170gr_static_foil_white","170gr_static_foil_transparent","0.85mm_magnet_foil","polymeer_white_gloss_orajet_3551gra","polymeer_white_matt_orajet_3551mra","polymeer_transparent_orajet_3551g000","polymeer_white_gloss_orajet_3551g","polymeer_white_matt_orajet_3551m","polymeer_white_gloss_orajet_3105ght","cast_white_gloss_3m_3662-10","175gr_yupotako_white","238gr_yupojelly_transparent","whiteboard_film_white","whiteboard_film_transparent","monomeric_white_matt_ijm715","carpet_vinyl_polymeric_white_gloss_-_prime","haze_3m_5525-314","sandblast_3m_5525-324","125gr_geckotex"],"property":"material"}],[{"options":["dot_white_gloss_prime_quick_stick","clearview_transparent_gloss_full_color_3m_ij8150","one_way_vision_orajet_3676","0.3mm_magnet_foil","170gr_static_foil_white","170gr_static_foil_transparent","0.85mm_magnet_foil","polymeer_white_gloss_orajet_3551gra","polymeer_transparent_orajet_3551g000","polymeer_white_matt_orajet_3551mra","polymeer_white_gloss_orajet_3551g","polymeer_white_matt_orajet_3551m","polymeer_white_gloss_orajet_3105ght","cast_white_gloss_3m_3662-10","175gr_yupotako_white","238gr_yupojelly_transparent","whiteboard_film_white","whiteboard_film_transparent","125gr_geckotex"],"property":"material"},{"property":"finish","options":["monomeer_gloss_lamination_oraguard_200","floor_lamination_monomeer_anti_skid_oraguard_250as_120_mic","floor_lamination_monomeer_anti_skid_oraguard_255as_170_mic","monomeer_matt_lamination_oraguard_200"]}],[{"options":["monomeer_gloss_lamination_oraguard_200","monomeer_matt_lamination_oraguard_200"],"property":"finish"},{"options":["clearview_transparent_gloss_full_color_3m_ij8150","one_way_vision_orajet_3676","0.3mm_magnet_foil","170gr_static_foil_white","170gr_static_foil_transparent","0.85mm_magnet_foil","polymeer_white_gloss_orajet_3551gra","polymeer_transparent_orajet_3551g000","polymeer_white_matt_orajet_3551mra","polymeer_white_gloss_orajet_3551g","polymeer_white_matt_orajet_3551m","polymeer_white_gloss_orajet_3105ght","cast_white_gloss_3m_3662-10","175gr_yupotako_white","238gr_yupojelly_transparent","whiteboard_film_white","whiteboard_film_transparent","monomeric_white_gloss_orajet_3174xg010","monomeric_white_matt_orajet_3174xm010","polymeric_white_matt_3m_4820r","polymeric_white_matt_3m_48c20r","sandblast_3m_5525-324","haze_3m_5525-314","monomeric_white_matt_ijm715","carpet_vinyl_polymeric_white_gloss_-_prime","polymeric_transparent_matt_3m_ij40-124","polymeric_transparent_glossy_3m_ij40-114","polymeric_white_glossy_3m_ij40c-10","1.5mm_chalkboard_foil","ip2906_rigid_pvc","dot_white_gloss_prime_quick_stick","dot_transparent_gloss_prime_quick_stick","125gr_geckotex"],"property":"material"}],[{"options":["floor_lamination_monomeer_anti_skid_oraguard_250as_120_mic"],"property":"finish"},{"property":"material","options":["clearview_transparent_gloss_full_color_3m_ij8150","one_way_vision_orajet_3676","0.3mm_magnet_foil","170gr_static_foil_white","170gr_static_foil_transparent","0.85mm_magnet_foil","polymeer_white_gloss_orajet_3551gra","polymeer_transparent_orajet_3551g000","polymeer_white_matt_orajet_3551mra","polymeer_white_gloss_orajet_3551g","polymeer_white_matt_orajet_3551m","polymeer_white_gloss_orajet_3105ght","cast_white_gloss_3m_3662-10","175gr_yupotako_white","238gr_yupojelly_transparent","whiteboard_film_white","whiteboard_film_transparent","monomeric_white_gloss_orajet_3174xg010","monomeric_white_matt_orajet_3174xm010","polymeric_white_matt_3m_4820r","polymeric_white_matt_3m_48c20r","monomeric_white_matt_ijm715","125gr_geckotex"]}],[{"options":["floor_lamination_monomeer_anti_skid_oraguard_255as_170_mic"],"property":"finish"},{"options":["clearview_transparent_gloss_full_color_3m_ij8150","one_way_vision_orajet_3676","0.3mm_magnet_foil","170gr_static_foil_white","170gr_static_foil_transparent","0.85mm_magnet_foil","polymeer_white_gloss_orajet_3551gra","polymeer_transparent_orajet_3551g000","polymeer_white_matt_orajet_3551mra","polymeer_white_gloss_orajet_3551g","polymeer_white_matt_orajet_3551m","polymeer_white_gloss_orajet_3105ght","cast_white_gloss_3m_3662-10","175gr_yupotako_white","238gr_yupojelly_transparent","whiteboard_film_white","whiteboard_film_transparent","monomeric_white_gloss_orajet_3174xg010","polymeric_white_matt_3m_4820r","monomeric_white_matt_orajet_3174xm010","polymeric_white_matt_3m_48c20r","monomeric_white_matt_ijm715","125gr_geckotex"],"property":"material"}],[{"options":["0.3mm_magnet_foil","0.85mm_magnet_foil","dot_white_gloss_prime_quick_stick","dot_transparent_gloss_prime_quick_stick","cast_white_gloss_3m_3662-10","one_way_vision_orajet_3676","polymeric_white_matt_3m_48c20r","125gr_geckotex","polymeer_white_gloss_orajet_3650","polymeer_white_matt_gf285_roughmark","polymeer_transparent_matt_gf287_roughmark"],"property":"material"},{"options":["custom_shape_kiss_cut","custom_shape_kiss_cut_multiple"],"property":"custom_shape"}],[{"options":["cast_white_gloss_3m_3662-10"],"property":"material"},{"options":["monomeer_gloss_lamination_oraguard_200","polymeer_gloss_lamination_oraguard_215","polymeer_matt_lamination_oraguard_215","one_way_vision_lamination_oraguard_297gf_optical_clear","floor_lamination_monomeer_anti_skid_oraguard_255as_170_mic","floor_lamination_monomeer_anti_skid_oraguard_250as_120_mic","whiteboard_lamination_prime"],"property":"finish"}],[{"property":"finish","options":["monomeer_gloss_lamination_oraguard_200","whiteboard_lamination_prime","monomeer_matt_lamination_oraguard_200"]},{"options":["cast_white_gloss_3m_3662-10","monomeric_white_gloss_orajet_3174xg010","monomeric_white_matt_orajet_3174xm010","polymeric_white_matt_3m_4820r","polymeric_white_matt_3m_48c20r","monomeric_white_matt_ijm715","carpet_vinyl_polymeric_white_gloss_-_prime","125gr_geckotex"],"property":"material"}],[{"options":["pavement_cast_mat_laminate_3m_3647"],"property":"finish"},{"options":["clearview_transparent_gloss_full_color_3m_ij8150","one_way_vision_orajet_3676","170gr_static_foil_white","170gr_static_foil_transparent","0.3mm_magnet_foil","0.85mm_magnet_foil","polymeer_white_gloss_orajet_3551gra","polymeer_white_matt_orajet_3551mra","polymeer_white_gloss_orajet_3551g","polymeer_white_matt_orajet_3551m","polymeer_transparent_orajet_3551g000","polymeer_white_gloss_orajet_3105ght","175gr_yupotako_white","238gr_yupojelly_transparent","whiteboard_film_white","whiteboard_film_transparent","monomeer_white_gloss_orajet_3162","monomeer_white_matt_orajet_3162","monomeer_transparent_full_color_orajet_3162","sandblast_3m_5525-324","haze_3m_5525-314","monomeric_white_matt_ijm715","dot_white_gloss_prime_quick_stick","dot_transparent_gloss_prime_quick_stick","ip2906_rigid_pvc","1.5mm_chalkboard_foil","monomeric_white_gloss_orajet_3174xg010","monomeric_white_matt_orajet_3174xm010","polymeric_white_matt_3m_4820r","polymeric_white_matt_3m_48c20r","monomeric_white_glossy_3m_ij20-10r","polymeric_white_glossy_3m_ij40c-10","polymeric_transparent_glossy_3m_ij40-114","polymeric_transparent_matt_3m_ij40-124","carpet_vinyl_polymeric_white_gloss_-_prime","125gr_geckotex"],"property":"material"}],[{"options":["polymeer_white_gloss_orajet_3105ght","175gr_yupotako_white","238gr_yupojelly_transparent"],"property":"material"},{"options":["monomeer_gloss_lamination_oraguard_200","one_way_vision_lamination_oraguard_297gf_optical_clear","floor_lamination_monomeer_anti_skid_oraguard_250as_120_mic","floor_lamination_monomeer_anti_skid_oraguard_255as_170_mic","pavement_cast_mat_laminate_3m_3647","luster_cast_mat_laminate_3m_3645"],"property":"finish"}],[{"options":["pavement_cast_mat_laminate_3m_3647"],"property":"finish"},{"options":["polymeer_white_gloss_orajet_3105ght","175gr_yupotako_white","238gr_yupojelly_transparent","monomeric_white_gloss_orajet_3174xg010","monomeric_white_matt_orajet_3174xm010","polymeric_white_matt_3m_4820r","polymeric_white_matt_3m_48c20r","haze_3m_5525-314","sandblast_3m_5525-324","125gr_geckotex"],"property":"material"}],[{"options":["luster_cast_mat_laminate_3m_3645"],"property":"finish"},{"property":"material","options":["polymeer_white_gloss_orajet_3105ght","175gr_yupotako_white","238gr_yupojelly_transparent","polymeric_white_matt_3m_4820r","polymeric_white_matt_3m_48c20r","haze_3m_5525-314","sandblast_3m_5525-324","monomeer_transparent_full_color_orajet_3162","clearview_transparent_gloss_full_color_3m_ij8150","dot_transparent_gloss_prime_quick_stick","polymeer_white_gloss_orajet_3551gra","polymeer_white_matt_orajet_3551mra","polymeer_white_gloss_orajet_3551g","polymeer_white_matt_orajet_3551m","polymeer_transparent_orajet_3551g000","monomeric_white_matt_ijm715","1.5mm_chalkboard_foil","ip2906_rigid_pvc","polymeric_white_glossy_3m_ij40c-10","polymeric_transparent_glossy_3m_ij40-114","polymeric_transparent_matt_3m_ij40-124","monomeric_white_matt_orajet_3174xm010","monomeric_white_gloss_orajet_3174xg010","one_way_vision_orajet_3676","dot_white_gloss_prime_quick_stick","carpet_vinyl_polymeric_white_gloss_-_prime","monomeer_white_matt_orajet_3162","monomeer_white_gloss_orajet_3162","125gr_geckotex"]}],[{"options":["haze_3m_5525-314","sandblast_3m_5525-324"],"property":"material"},{"options":["luster_cast_mat_laminate_3m_3645","pavement_cast_mat_laminate_3m_3647","whiteboard_lamination_prime","polymeer_gloss_lamination_oraguard_215","monomeer_gloss_lamination_oraguard_200","polymeer_matt_lamination_oraguard_215","one_way_vision_lamination_oraguard_297gf_optical_clear","floor_lamination_monomeer_anti_skid_oraguard_250as_120_mic","floor_lamination_monomeer_anti_skid_oraguard_255as_170_mic"],"property":"finish"}],[{"options":["polymeric_white_matt_3m_4820r","polymeric_white_matt_3m_48c20r"],"property":"material"},{"options":["monomeer_gloss_lamination_oraguard_200","polymeer_gloss_lamination_oraguard_215","polymeer_matt_lamination_oraguard_215","one_way_vision_lamination_oraguard_297gf_optical_clear","floor_lamination_monomeer_anti_skid_oraguard_250as_120_mic","floor_lamination_monomeer_anti_skid_oraguard_255as_170_mic","luster_cast_mat_laminate_3m_3645","pavement_cast_mat_laminate_3m_3647","whiteboard_lamination_prime","monomeric_gloss_lamination_oraguard_236g"],"property":"finish"}],[{"property":"material","options":["monomeric_white_gloss_orajet_3174xg010","monomeric_white_matt_orajet_3174xm010"]},{"options":["monomeer_gloss_lamination_oraguard_200","polymeer_gloss_lamination_oraguard_215","polymeer_matt_lamination_oraguard_215","one_way_vision_lamination_oraguard_297gf_optical_clear","floor_lamination_monomeer_anti_skid_oraguard_250as_120_mic","floor_lamination_monomeer_anti_skid_oraguard_255as_170_mic","luster_cast_mat_laminate_3m_3645","pavement_cast_mat_laminate_3m_3647","whiteboard_lamination_prime","polymeer_gloss_lamination_3m_8048g","polymeer_matt_lamination_3m_8050m"],"property":"finish"}],[{"options":["monomeric_gloss_lamination_oraguard_236g","polymeer_matt_lamination_3m_8050m","polymeer_gloss_lamination_3m_8048g"],"property":"finish"},{"options":["monomeer_white_gloss_orajet_3162","monomeer_white_matt_orajet_3162","monomeer_transparent_full_color_orajet_3162","clearview_transparent_gloss_full_color_3m_ij8150","one_way_vision_orajet_3676","polymeer_white_gloss_orajet_3551gra","polymeer_white_matt_orajet_3551mra","polymeer_white_gloss_orajet_3551g","polymeer_white_matt_orajet_3551m","polymeer_transparent_orajet_3551g000","polymeer_white_gloss_orajet_3105ght","cast_white_gloss_3m_3662-10","175gr_yupotako_white","238gr_yupojelly_transparent","whiteboard_film_white","whiteboard_film_transparent","sandblast_3m_5525-324","haze_3m_5525-314","monomeric_white_matt_ijm715","carpet_vinyl_polymeric_white_gloss_-_prime","125gr_geckotex"],"property":"material"}],[{"property":"material","options":["monomeric_white_gloss_orajet_3174xg010","monomeric_white_matt_orajet_3174xm010","polymeric_white_matt_3m_4820r","polymeric_white_matt_3m_48c20r"]},{"options":["one_way_vision_lamination_oraguard_297gf_optical_clear"],"property":"finish"}],[{"options":["ip2906_rigid_pvc"],"property":"material"},{"options":["00"],"property":"printtype"}],[{"options":["ip2906_rigid_pvc","1.5mm_chalkboard_foil"],"property":"material"},{"options":["polymeer_gloss_lamination_oraguard_215","monomeer_gloss_lamination_oraguard_200","polymeer_matt_lamination_oraguard_215","one_way_vision_lamination_oraguard_297gf_optical_clear","floor_lamination_monomeer_anti_skid_oraguard_250as_120_mic","floor_lamination_monomeer_anti_skid_oraguard_255as_170_mic","luster_cast_mat_laminate_3m_3645","pavement_cast_mat_laminate_3m_3647","whiteboard_lamination_prime","monomeric_gloss_lamination_oraguard_236g","polymeer_gloss_lamination_3m_8048g","polymeer_matt_lamination_3m_8050m","pvc_free","monomeer_matt_lamination_oraguard_200"],"property":"finish"}],[{"property":"material","options":["ip2906_rigid_pvc"]},{"options":["custom_shape_kiss_cut","custom_shape_kiss_cut_multiple"],"property":"custom_shape"}],[{"options":["44"],"property":"printtype"},{"options":["monomeer_white_gloss_orajet_3162","monomeer_white_matt_orajet_3162","monomeer_transparent_full_color_orajet_3162","clearview_transparent_gloss_full_color_3m_ij8150","one_way_vision_orajet_3676","dot_white_gloss_prime_quick_stick","dot_transparent_gloss_prime_quick_stick","polymeer_white_gloss_orajet_3551gra","polymeer_white_matt_orajet_3551mra","polymeer_white_gloss_orajet_3551g","polymeer_white_matt_orajet_3551m","polymeer_transparent_orajet_3551g000","polymeer_white_gloss_orajet_3105ght","cast_white_gloss_3m_3662-10","175gr_yupotako_white","238gr_yupojelly_transparent","sandblast_3m_5525-324","haze_3m_5525-314","monomeric_white_gloss_orajet_3174xg010","pvc_free","monomeric_white_matt_orajet_3174xm010","polymeric_white_matt_3m_4820r","polymeric_white_matt_3m_48c20r","whiteboard_film_white","whiteboard_film_transparent","carpet_vinyl_polymeric_white_gloss_-_prime","monomeric_white_matt_ijm715","1.5mm_chalkboard_foil","monomeric_white_glossy_3m_ij20-10r","polymeric_white_glossy_3m_ij40c-10","polymeric_transparent_glossy_3m_ij40-114","polymeric_transparent_matt_3m_ij40-124","125gr_geckotex","ultra_clear_transparant_lintec_e-2200zc","polymeer_white_matt_gf285_roughmark","polymeer_transparent_matt_gf287_roughmark","polymeer_white_gloss_orajet_3650","sandblast_window_film","haze_window_film"],"property":"material"}],[{"options":["dot_white_gloss_prime_quick_stick","dot_transparent_gloss_prime_quick_stick"],"property":"material"},{"options":["custom:width:-1310"],"property":"size"}],[{"property":"printtype","options":["40"]},{"property":"material","options":["1.5mm_chalkboard_foil"]}],[{"options":["monomeer_white_gloss_orajet_3162","monomeer_white_matt_orajet_3162","one_way_vision_orajet_3676","dot_white_gloss_prime_quick_stick","polymeer_white_gloss_orajet_3551gra","polymeer_white_matt_orajet_3551mra","repositionable","specials","polymeer","monomeer","polymeer_white_gloss_orajet_3551g","polymeer_white_matt_orajet_3551m","polymeer_white_gloss_orajet_3105ght","cast_white_gloss_3m_3662-10","175gr_yupotako_white","sandblast_3m_5525-324","haze_3m_5525-314","monomeric_white_gloss_orajet_3174xg010","monomeric_white_matt_orajet_3174xm010","polymeric_white_matt_3m_4820r","polymeric_white_matt_3m_48c20r","ip2906_rigid_pvc","1.5mm_chalkboard_foil","monomeric_white_matt_ijm715","carpet_vinyl_polymeric_white_gloss_-_prime","monomeric_white_glossy_3m_ij20-10r","polymeric_white_glossy_3m_ij40c-10","125gr_geckotex","polymeer_white_matt_gf285_roughmark","polymeer_white_gloss_orajet_3650"],"property":"material"},{"property":"printtype","options":["50"]}],[{"options":["50"],"property":"printtype"},{"options":["whiteboard_lamination_prime","floor_lamination_monomeer_anti_skid_oraguard_250as_120_mic","floor_lamination_monomeer_anti_skid_oraguard_255as_170_mic"],"property":"finish"}],[{"options":["monomeric_white_matt_ijm715"],"property":"material"},{"options":["monomeer_gloss_lamination_oraguard_200","polymeer_gloss_lamination_oraguard_215","polymeer_matt_lamination_oraguard_215","one_way_vision_lamination_oraguard_297gf_optical_clear","floor_lamination_monomeer_anti_skid_oraguard_250as_120_mic","floor_lamination_monomeer_anti_skid_oraguard_255as_170_mic","luster_cast_mat_laminate_3m_3645","pavement_cast_mat_laminate_3m_3647","monomeric_gloss_lamination_oraguard_236g","polymeer_gloss_lamination_3m_8048g","whiteboard_lamination_prime","polymeer_matt_lamination_3m_8050m"],"property":"finish"}],[{"options":["monomeric_white_glossy_3m_ij20-10r"],"property":"material"},{"options":["monomeric_gloss_lamination_oraguard_236g","polymeer_gloss_lamination_3m_8048g","polymeer_matt_lamination_3m_8050m","whiteboard_lamination_prime","pavement_cast_mat_laminate_3m_3647","luster_cast_mat_laminate_3m_3645","floor_lamination_monomeer_anti_skid_oraguard_255as_170_mic","floor_lamination_monomeer_anti_skid_oraguard_250as_120_mic","one_way_vision_lamination_oraguard_297gf_optical_clear","polymeer_matt_lamination_oraguard_215","polymeer_gloss_lamination_oraguard_215","floor_lamination_pvc_free_gf_213","monomeric_gloss_lamination_3m_8008g","monomeric_matt_lamination_3m_8010m","clearview_transparent_laminate_gloss_full_color_3m_ij8150"],"property":"finish"}],[{"options":["polymeric_white_glossy_3m_ij40c-10"],"property":"material"},{"options":["monomeer_gloss_lamination_oraguard_200","one_way_vision_lamination_oraguard_297gf_optical_clear","floor_lamination_monomeer_anti_skid_oraguard_250as_120_mic","floor_lamination_monomeer_anti_skid_oraguard_255as_170_mic","luster_cast_mat_laminate_3m_3645","pavement_cast_mat_laminate_3m_3647","whiteboard_lamination_prime","monomeric_gloss_lamination_oraguard_236g","monomeric_gloss_lamination_3m_8008g","monomeric_matt_lamination_3m_8010m","polymeer_gloss_lamination_3m_8048g","polymeer_matt_lamination_3m_8050m"],"property":"finish"}],[{"property":"material","options":["polymeric_transparent_glossy_3m_ij40-114"]},{"property":"finish","options":["monomeer_gloss_lamination_oraguard_200","polymeer_gloss_lamination_oraguard_215","one_way_vision_lamination_oraguard_297gf_optical_clear","polymeer_matt_lamination_oraguard_215","floor_lamination_monomeer_anti_skid_oraguard_250as_120_mic","floor_lamination_monomeer_anti_skid_oraguard_255as_170_mic","luster_cast_mat_laminate_3m_3645","pavement_cast_mat_laminate_3m_3647","whiteboard_lamination_prime","monomeric_gloss_lamination_oraguard_236g","monomeric_gloss_lamination_3m_8008g","monomeric_matt_lamination_3m_8010m"]}],[{"property":"material","options":["polymeric_transparent_matt_3m_ij40-124"]},{"options":["monomeer_gloss_lamination_oraguard_200","polymeer_gloss_lamination_oraguard_215","polymeer_matt_lamination_oraguard_215","one_way_vision_lamination_oraguard_297gf_optical_clear","floor_lamination_monomeer_anti_skid_oraguard_250as_120_mic","floor_lamination_monomeer_anti_skid_oraguard_255as_170_mic","luster_cast_mat_laminate_3m_3645","pavement_cast_mat_laminate_3m_3647","whiteboard_lamination_prime","monomeric_gloss_lamination_oraguard_236g","monomeric_gloss_lamination_3m_8008g","monomeric_matt_lamination_3m_8010m"],"property":"finish"}],[{"options":["monomeric_gloss_lamination_3m_8008g","monomeric_matt_lamination_3m_8010m"],"property":"finish"},{"property":"material","options":["monomeer_white_gloss_orajet_3162","monomeer_white_matt_orajet_3162","monomeer_transparent_full_color_orajet_3162","clearview_transparent_gloss_full_color_3m_ij8150","one_way_vision_orajet_3676","dot_white_gloss_prime_quick_stick","dot_transparent_gloss_prime_quick_stick","polymeer_white_gloss_orajet_3551gra","polymeer_white_matt_orajet_3551mra","polymeer_white_gloss_orajet_3551g","polymeer_white_matt_orajet_3551m","polymeer_white_gloss_orajet_3105ght","polymeer_transparent_orajet_3551g000","monomeric_white_matt_ijm715","carpet_vinyl_polymeric_white_gloss_-_prime","cast_white_gloss_3m_3662-10","175gr_yupotako_white","238gr_yupojelly_transparent","sandblast_3m_5525-324","haze_3m_5525-314","monomeric_white_gloss_orajet_3174xg010","monomeric_white_matt_orajet_3174xm010","polymeric_white_matt_3m_4820r","polymeric_white_matt_3m_48c20r","1.5mm_chalkboard_foil","ip2906_rigid_pvc","polymeric_white_glossy_3m_ij40c-10","polymeric_transparent_glossy_3m_ij40-114","polymeric_transparent_matt_3m_ij40-124","125gr_geckotex"]}],[{"options":["monomeric_white_matt_ijm715"],"property":"material"},{"options":["custom:width:50-1300","custom:height:50-10000"],"property":"size"}],[{"options":["cast_white_gloss_3m_3662-10"],"property":"material"},{"property":"size","options":["custom:width:-1180"]}],[{"property":"custom_shape","options":["custom_shape_die_cut"]},{"options":["2","3","4","6","7","5","11","10","9","8","12","13","16","15","14","25","24","23","22","21","20","18","19","17","1"],"property":"number_of_contour_lines"}],[{"options":["clearview_transparent_gloss_full_color_3m_ij8150","ultra_clear_transparant_lintec_e-2200zc"],"property":"material"},{"options":["custom_shape_kiss_cut","custom_shape_kiss_cut_multiple"],"property":"custom_shape"}],[{"options":["1.5mm_chalkboard_foil"],"property":"material"},{"options":["custom:width:50-1330","custom:height:50-10000"],"property":"size"}],[{"options":["inside"],"property":"application_side"},{"options":["monomeer_white_gloss_orajet_3162","one_way_vision_orajet_3676","dot_white_gloss_prime_quick_stick","polymeer_white_gloss_orajet_3551gra","polymeer_white_gloss_orajet_3551g","polymeer_white_gloss_orajet_3105ght","monomeric_white_matt_ijm715","cast_white_gloss_3m_3662-10","carpet_vinyl_polymeric_white_gloss_-_prime","175gr_yupotako_white","haze_3m_5525-314","monomeric_white_gloss_orajet_3174xg010","polymeric_white_matt_3m_4820r","sandblast_3m_5525-324","polymeric_white_matt_3m_48c20r","1.5mm_chalkboard_foil","monomeric_white_glossy_3m_ij20-10r","polymeric_white_glossy_3m_ij40c-10","125gr_geckotex","polymeer_white_matt_gf285_roughmark","polymeer_white_gloss_orajet_3650"],"property":"material"}],[{"options":["polymeric_white_matt_3m_48c20r","polymeric_white_matt_3m_4820r"],"property":"material"},{"property":"size","options":["custom:width:50-1330","custom:height:50-10000"]}],[{"property":"material","options":["dot_transparent_gloss_prime_quick_stick"]},{"property":"finish","options":["monomeer_gloss_lamination_oraguard_200","monomeer_matt_lamination_oraguard_200","polymeer_gloss_lamination_oraguard_215","polymeer_matt_lamination_oraguard_215","one_way_vision_lamination_oraguard_297gf_optical_clear","floor_lamination_monomeer_anti_skid_oraguard_250as_120_mic","floor_lamination_monomeer_anti_skid_oraguard_255as_170_mic","luster_cast_mat_laminate_3m_3645","pavement_cast_mat_laminate_3m_3647","whiteboard_lamination_prime","monomeric_gloss_lamination_oraguard_236g","polymeer_gloss_lamination_3m_8048g","polymeer_matt_lamination_3m_8050m","monomeric_gloss_lamination_3m_8008g","monomeric_matt_lamination_3m_8010m"]}],[{"options":["ip2906_rigid_pvc"],"property":"material"},{"property":"application_side","options":["inside"]}],[{"property":"material","options":["175gr_yupotako_white","238gr_yupojelly_transparent"]},{"property":"size","options":["custom:width:-1230"]}],[{"property":"custom_shape","options":["custom_shape_kiss_cut_multiple","custom_shape_application_foil"]},{"property":"number_of_contour_lines","options":["no_contour_lines"]}],[{"property":"custom_shape","options":["custom_shape_application_foil"]},{"property":"material","options":["clearview_transparent_gloss_full_color_3m_ij8150","one_way_vision_orajet_3676","dot_white_gloss_prime_quick_stick","dot_transparent_gloss_prime_quick_stick","polymeer_white_gloss_orajet_3551gra","polymeer_white_gloss_orajet_3105ght","monomeric_white_matt_ijm715","carpet_vinyl_polymeric_white_gloss_-_prime","cast_white_gloss_3m_3662-10","175gr_yupotako_white","238gr_yupojelly_transparent","sandblast_3m_5525-324","haze_3m_5525-314","monomeric_white_gloss_orajet_3174xg010","polymeric_white_matt_3m_48c20r","ip2906_rigid_pvc","monomeric_white_glossy_3m_ij20-10r","polymeric_white_glossy_3m_ij40c-10","125gr_geckotex","ultra_clear_transparant_lintec_e-2200zc"]}],[{"property":"material","options":["125gr_geckotex"]},{"options":["custom:width:100-1480","custom:height:100-10000"],"property":"size"}],[{"property":"size","options":["custom:width:50-1360","custom:height:50-2060"]},{"property":"material","options":["ip2906_rigid_pvc"]}],[{"property":"finish","options":["clearview_transparent_laminate_gloss_full_color_3m_ij8150"]},{"property":"material","options":["monomeer_white_gloss_orajet_3162","monomeer_transparent_full_color_orajet_3162","one_way_vision_orajet_3676","dot_white_gloss_prime_quick_stick","dot_transparent_gloss_prime_quick_stick","polymeer_white_gloss_orajet_3551g","polymeer_white_gloss_orajet_3551gra","polymeer_transparent_orajet_3551g000","polymeer_white_gloss_orajet_3105ght","monomeric_white_matt_ijm715","carpet_vinyl_polymeric_white_gloss_-_prime","cast_white_gloss_3m_3662-10","175gr_yupotako_white","238gr_yupojelly_transparent","sandblast_3m_5525-324","haze_3m_5525-314","monomeric_white_gloss_orajet_3174xg010","polymeric_white_matt_3m_48c20r","ip2906_rigid_pvc","monomeric_white_glossy_3m_ij20-10r","polymeric_white_glossy_3m_ij40c-10"]}],[{"property":"material","options":["ultra_clear_transparant_lintec_e-2200zc"]},{"options":["monomeer_gloss_lamination_oraguard_200","monomeer_matt_lamination_oraguard_200","polymeer_gloss_lamination_oraguard_215","polymeer_matt_lamination_oraguard_215","one_way_vision_lamination_oraguard_297gf_optical_clear","floor_lamination_monomeer_anti_skid_oraguard_250as_120_mic","floor_lamination_monomeer_anti_skid_oraguard_255as_170_mic","luster_cast_mat_laminate_3m_3645","pavement_cast_mat_laminate_3m_3647","monomeric_gloss_lamination_oraguard_236g","polymeer_gloss_lamination_3m_8048g","polymeer_matt_lamination_3m_8050m","monomeric_gloss_lamination_3m_8008g","monomeric_matt_lamination_3m_8010m","whiteboard_lamination_prime","clearview_transparent_laminate_gloss_full_color_3m_ij8150"],"property":"finish"}],[{"options":["dot_white_gloss_prime_quick_stick","dot_transparent_gloss_prime_quick_stick"],"property":"material"},{"property":"finish","options":["monomeer_gloss_lamination_oraguard_200","monomeer_matt_lamination_oraguard_200","polymeer_gloss_lamination_oraguard_215","polymeer_matt_lamination_oraguard_215","one_way_vision_lamination_oraguard_297gf_optical_clear","floor_lamination_monomeer_anti_skid_oraguard_250as_120_mic","floor_lamination_monomeer_anti_skid_oraguard_255as_170_mic","luster_cast_mat_laminate_3m_3645","pavement_cast_mat_laminate_3m_3647","monomeric_gloss_lamination_oraguard_236g","monomeric_gloss_lamination_3m_8008g","monomeric_matt_lamination_3m_8010m","whiteboard_lamination_prime","clearview_transparent_laminate_gloss_full_color_3m_ij8150","polymeer_gloss_lamination_3m_8048g","polymeer_matt_lamination_3m_8050m"]}],[{"property":"material","options":["polymeer_white_matt_gf285_roughmark","polymeer_transparent_matt_gf287_roughmark","polymeer_white_gloss_orajet_3650"]},{"property":"finish","options":["monomeer_gloss_lamination_oraguard_200","monomeer_matt_lamination_oraguard_200","one_way_vision_lamination_oraguard_297gf_optical_clear","floor_lamination_monomeer_anti_skid_oraguard_250as_120_mic","floor_lamination_monomeer_anti_skid_oraguard_255as_170_mic","luster_cast_mat_laminate_3m_3645","pavement_cast_mat_laminate_3m_3647","monomeric_gloss_lamination_oraguard_236g","polymeer_gloss_lamination_3m_8048g","polymeer_matt_lamination_3m_8050m","monomeric_gloss_lamination_3m_8008g","monomeric_matt_lamination_3m_8010m","whiteboard_lamination_prime","clearview_transparent_laminate_gloss_full_color_3m_ij8150"]}],[{"property":"finish","options":["floor_lamination_pvc_free_gf_213"]},{"property":"material","options":["monomeer_white_gloss_orajet_3162","monomeer_transparent_full_color_orajet_3162","ultra_clear_transparant_lintec_e-2200zc","clearview_transparent_gloss_full_color_3m_ij8150","one_way_vision_orajet_3676","dot_white_gloss_prime_quick_stick","dot_transparent_gloss_prime_quick_stick","polymeer_white_gloss_orajet_3551g","polymeer_white_gloss_orajet_3551gra","polymeer_transparent_orajet_3551g000","monomeric_white_matt_ijm715","cast_white_gloss_3m_3662-10","175gr_yupotako_white","238gr_yupojelly_transparent","sandblast_3m_5525-324","haze_3m_5525-314","monomeric_white_gloss_orajet_3174xg010","polymeric_white_matt_3m_48c20r","ip2906_rigid_pvc","monomeric_white_glossy_3m_ij20-10r","polymeric_white_glossy_3m_ij40c-10","polymeer_white_gloss_orajet_3650"]}],[{"property":"finish","options":["floor_lamination_pvc_free_gf_213"]},{"options":["custom:width:-1330"],"property":"size"}],[{"property":"custom_shape","options":["clean_cut_stickers"]},{"property":"number_of_contour_lines","options":["1","2","3","4","5","6","7","8","9","10","11","12","13","14","15","16","17","18","19","20","21","22","23","24","25"]}],[{"property":"material","options":["sandblast_window_film","haze_window_film"]},{"property":"size","options":["custom:width:-1200"]}],[{"property":"material","options":["sandblast_window_film","haze_window_film"]},{"options":["monomeer_gloss_lamination_oraguard_200","monomeer_matt_lamination_oraguard_200","polymeer_gloss_lamination_oraguard_215","polymeer_matt_lamination_oraguard_215","one_way_vision_lamination_oraguard_297gf_optical_clear","floor_lamination_monomeer_anti_skid_oraguard_250as_120_mic","floor_lamination_monomeer_anti_skid_oraguard_255as_170_mic","luster_cast_mat_laminate_3m_3645","pavement_cast_mat_laminate_3m_3647","floor_lamination_pvc_free_gf_213","monomeric_gloss_lamination_oraguard_236g","monomeric_gloss_lamination_3m_8008g","monomeric_matt_lamination_3m_8010m","whiteboard_lamination_prime","clearview_transparent_laminate_gloss_full_color_3m_ij8150"],"property":"finish"}]]}