{"sku":"t-shirt-budget-2","active":true,"titleSingle":"T-shirt Sol's Regent","titlePlural":"Sol's Regent t-shirt","createdAt":"2023-09-05T11:11:43.135Z","updatedAt":"2024-10-18T11:21:33.510Z","properties":[{"slug":"summary_image:color_textile","title":"summary image","locked":false,"options":[{"slug":"sols_regent_image","nullable":true},{"slug":"navy_blue_tshirt_sol_regent","nullable":false},{"slug":"white_tshirt_sol_regent","nullable":false},{"slug":"black_tshirt_sol_regent","nullable":false},{"slug":"light_red_tshirt_sol_regent","nullable":false},{"slug":"orange_tshirt_sol_regent","nullable":false},{"slug":"apple_green_tshirt_sol_regent","nullable":false},{"slug":"aqua_tshirt_sol_regent","nullable":false},{"slug":"army_tshirt_sol_regent","nullable":false},{"slug":"bottle_green_tshirt_sol_regent","nullable":false},{"slug":"gold_tshirt_sol_regent","nullable":false},{"slug":"grey_melange_tshirt_sol_regent","nullable":false},{"slug":"kelly_green_tshirt_sol_regent","nullable":false},{"slug":"light_purple_tshirt_sol_regent","nullable":false},{"slug":"orchid_pink_tshirt_sol_regent","nullable":false},{"slug":"pale_pink_tshirt_sol_regent","nullable":false},{"slug":"royal_blue_tshirt_sol_regent","nullable":false},{"slug":"tango_red_tshirt_sol_regent","nullable":false},{"slug":"dark_grey_tshirt_sol_regent","nullable":false,"eco":false}]},{"slug":"brand_name","title":"Marque / Modèle","locked":false,"options":[{"slug":"sols_regent_150","name":"Sol's Regent","nullable":false,"eco":false}]},{"slug":"material","title":"Support","locked":false,"options":[{"slug":"150gr_cotton_bc","name":"Coton 150 g/m2 ringspun (à fil de chaîne continu)","nullable":false,"eco":false}]},{"slug":"fitting","title":"Coupe","locked":false,"options":[{"slug":"regular","name":"Regular","nullable":true}]},{"slug":"certificate","title":"certificat","locked":false,"options":[{"slug":"oeko-tex_100","name":"Oeko-tex 100","nullable":true,"eco":false}]},{"slug":"positions_front","title":"Devant","locked":false,"options":[{"slug":"transfer","name":"Impression couleur par transfert","nullable":false,"eco":false},{"slug":"1pms","name":"1 Pantone - Sérigraphie","nullable":false,"eco":false},{"slug":"2pms","name":"2 Pantone - Sérigraphie","nullable":false,"eco":false},{"slug":"3pms","name":"3 Pantone - Sérigraphie","nullable":false,"eco":false},{"slug":"4pms","name":"4 Pantone - Sérigraphie","nullable":false,"eco":false}]},{"slug":"positions_back","title":"Dos","locked":false,"options":[{"slug":"transfer","name":"Impression couleur par transfert","nullable":false,"eco":false},{"slug":"1pms","name":"1 Pantone - Sérigraphie","nullable":false,"eco":false},{"slug":"2pms","name":"2 Pantone - Sérigraphie","nullable":false,"eco":false},{"slug":"3pms","name":"3 Pantone - Sérigraphie","nullable":false,"eco":false},{"slug":"4pms","name":"4 Pantone - Sérigraphie","nullable":false,"eco":false}]},{"slug":"positions_chest","title":"Poitrine gauche","locked":false,"options":[{"slug":"transfer","name":"Impression couleur par transfert","nullable":false,"eco":false},{"slug":"1pms","name":"1 Pantone - Sérigraphie","nullable":false,"eco":false},{"slug":"2pms","name":"2 Pantone - Sérigraphie","nullable":false,"eco":false},{"slug":"3pms","name":"3 Pantone - Sérigraphie","nullable":false,"eco":false},{"slug":"4pms","name":"4 Pantone - Sérigraphie","nullable":false,"eco":false}]},{"slug":"positions_chest_right","title":"Poitrine droite","locked":false,"options":[{"slug":"transfer","name":"Impression couleur par transfert","nullable":false,"eco":false},{"slug":"1pms","name":"1 Pantone - Sérigraphie","nullable":false,"eco":false},{"slug":"2pms","name":"2 Pantone - Sérigraphie","nullable":false,"eco":false},{"slug":"3pms","name":"3 Pantone - Sérigraphie","nullable":false,"eco":false},{"slug":"4pms","name":"4 Pantone - Sérigraphie","nullable":false,"eco":false}]},{"slug":"positions_sleeve_left","title":"Manche gauche","locked":false,"options":[{"slug":"transfer","name":"Impression couleur par transfert","nullable":false,"eco":false},{"slug":"1pms","name":"1 Pantone - Sérigraphie","nullable":false,"eco":false},{"slug":"2pms","name":"2 Pantone - Sérigraphie","nullable":false,"eco":false},{"slug":"3pms","name":"3 Pantone - Sérigraphie","nullable":false,"eco":false},{"slug":"4pms","name":"4 Pantone - Sérigraphie","nullable":false,"eco":false}]},{"slug":"positions_sleeve_right","title":"Manche droite","locked":false,"options":[{"slug":"transfer","name":"Impression couleur par transfert","nullable":false,"eco":false},{"slug":"1pms","name":"1 Pantone - Sérigraphie","nullable":false,"eco":false},{"slug":"2pms","name":"2 Pantone - Sérigraphie","nullable":false,"eco":false},{"slug":"3pms","name":"3 Pantone - Sérigraphie","nullable":false,"eco":false},{"slug":"4pms","name":"4 Pantone - Sérigraphie","nullable":false,"eco":false}]},{"slug":"color_textile","title":"Couleur","locked":false,"options":[{"slug":"navy_blue_tshirt_sol_regent","name":"Navy","nullable":false,"eco":false},{"slug":"white_tshirt_sol_regent","name":"Blanc","nullable":false,"eco":false},{"slug":"black_tshirt_sol_regent","name":"Noir","nullable":false,"eco":false},{"slug":"light_red_tshirt_sol_regent","name":"Rouge","nullable":false,"eco":false},{"slug":"orange_tshirt_sol_regent","name":"Orange","nullable":false,"eco":false},{"slug":"apple_green_tshirt_sol_regent","name":"Apple green","nullable":false,"eco":false},{"slug":"aqua_tshirt_sol_regent","name":"Aqua","nullable":false,"eco":false},{"slug":"army_tshirt_sol_regent","name":"Armée","nullable":false,"eco":false},{"slug":"bottle_green_tshirt_sol_regent","name":"Vert foncé","nullable":false,"eco":false},{"slug":"gold_tshirt_sol_regent","name":"Or","nullable":false,"eco":false},{"slug":"grey_melange_tshirt_sol_regent","name":"Gris","nullable":false,"eco":false},{"slug":"kelly_green_tshirt_sol_regent","name":"Vert Kelly","nullable":false,"eco":false},{"slug":"light_purple_tshirt_sol_regent","name":"Violet","nullable":false,"eco":false},{"slug":"orchid_pink_tshirt_sol_regent","name":"Orchid pink","nullable":false,"eco":false},{"slug":"pale_pink_tshirt_sol_regent","name":"Rose","nullable":false,"eco":false},{"slug":"royal_blue_tshirt_sol_regent","name":"Bleu royal","nullable":false,"eco":false},{"slug":"sky_blue_tshirt_sol_regent","name":"Bleu Ciel","nullable":false,"eco":false},{"slug":"tango_red_tshirt_sol_regent","name":"Tango Rouge","nullable":false,"eco":false},{"slug":"dark_grey_tshirt_sol_regent","name":"Gris foncé","nullable":false,"eco":false}]},{"slug":"textile_sizes","title":"Taille","locked":false,"options":[{"slug":"xs","name":"Homme XS","nullable":false,"eco":false},{"slug":"s","name":"Homme S","nullable":false,"eco":false},{"slug":"m","name":"Homme M","nullable":false,"eco":false},{"slug":"l","name":"Homme L","nullable":false,"eco":false},{"slug":"xl","name":"Homme XL","nullable":false,"eco":false},{"slug":"xxl","name":"Homme XXL","nullable":false,"eco":false},{"slug":"xxxl","name":"Homme 3XL","nullable":false,"eco":false},{"slug":"4xl","name":"Hommes 4XL","nullable":false,"eco":false},{"slug":"woman-s","name":"Femme S","nullable":false,"eco":false},{"slug":"woman-m","name":"Femme M","nullable":false,"eco":false},{"slug":"woman-l","name":"Femme L","nullable":false,"eco":false},{"slug":"woman-xl","name":"Femme XL","nullable":false,"eco":false},{"slug":"woman-xxl","name":"Femme XXL","nullable":false,"eco":false}]},{"slug":"copies","title":"Quantité","locked":false,"options":[]},{"slug":"color","title":"Couleurs","locked":false,"options":[{"slug":"textile_black","name":"Noir","nullable":true,"eco":false},{"slug":"textile_white","name":"Blanc","nullable":true,"eco":false},{"slug":"textile_grey","name":"Gris","nullable":true,"eco":false},{"slug":"textile_sky_blue","nullable":true,"eco":false},{"slug":"textile_blue","name":"Bleu","nullable":true,"eco":false},{"slug":"textile_pink","name":"Rose","nullable":true,"eco":false},{"slug":"textile_red","name":"Rouge","nullable":true,"eco":false},{"slug":"textile_green","name":"Vert","nullable":true,"eco":false},{"slug":"textile_orange","name":"Orange","nullable":true,"eco":false},{"slug":"textile_dark_blue","nullable":true,"eco":false},{"slug":"textile_khaki","name":"Kaki","nullable":true,"eco":false}]},{"slug":"summary_image","locked":false,"options":[],"title":"summary_image"},{"slug":"printtype","title":"Impression","locked":false,"options":[{"slug":"variable","name":"Variable","nullable":false,"eco":false}]},{"slug":"printingmethod","title":"Méthode d'impression","locked":false,"options":[{"slug":"screen_printing","name":"Sérigraphie","nullable":false,"eco":false},{"slug":"heat_transfer","name":"Transfert à chaud","nullable":false,"eco":false},{"slug":"embroidering","name":"Broderie (12 couleurs)","nullable":false,"eco":false}]},{"slug":"urgency","title":"Urgence","locked":false,"options":[{"slug":"standard","name":"Standard","nullable":false,"eco":false},{"slug":"quick","name":"Rapide","nullable":false,"eco":false},{"slug":"urgent","name":"Urgent","nullable":false,"eco":false},{"slug":"moderate","nullable":false,"eco":false,"name":"Moderate"}]},{"slug":"quality_level","title":"Qualité","locked":false,"options":[{"slug":"budget","name":"Premier prix","nullable":false,"eco":false}]},{"slug":"size","title":"Format (largeur x hauteur)","locked":false,"options":[{"slug":"t_shirt_nul_price","name":"t-shirt","nullable":false}]},{"slug":"brezo_article","locked":false,"options":[{"slug":"sol.811380","name":"SOL.811380 / Sol's Regent","nullable":false,"eco":false},{"slug":"sol.801825","name":"SOL.801825 / Sol's Regent Woman","nullable":false,"eco":false}],"title":"Brezo Article"},{"slug":"personalize","title":"Personnalisation","locked":false,"options":[{"slug":"none","name":"Sans","nullable":true,"eco":false},{"slug":"personalize_from_excel","name":"A partir d'un fichier Excel ","nullable":false,"eco":false}]},{"slug":"individually_sealed","title":"A la pièce, sous film","locked":false,"options":[{"slug":"no","name":"Non","nullable":false,"eco":false},{"slug":"yes","name":"Oui","nullable":false,"eco":false}]}],"maxDesigns":1,"bleed":"0","hsCode":"6109100000","isAvailableInUserRegion":true,"hasAccessories":false,"accessoryExcludes":[],"excludes":[[{"options":["1pms","2pms","3pms","4pms"],"property":"positions_front"},{"options":[1,2,3,4,5,6,7,8,9],"property":"copies"}],[{"property":"positions_back","options":["1pms","2pms","3pms","4pms"]},{"property":"copies","options":[1,2,3,4,5,6,7,8,9]}],[{"property":"positions_chest","options":["1pms","2pms","3pms","4pms"]},{"property":"copies","options":[1,2,3,4,5,6,7,8,9]}],[{"property":"positions_chest_right","options":["1pms","2pms","3pms","4pms"]},{"property":"copies","options":[1,2,3,4,5,6,7,8,9]}],[{"property":"positions_sleeve_left","options":["1pms","2pms","3pms","4pms"]},{"property":"copies","options":[1,2,3,4,5,7,6,8,9]}],[{"property":"positions_sleeve_right","options":["1pms","2pms","3pms","4pms"]},{"property":"copies","options":[1,2,3,4,5,6,7,8,9]}],[{"property":"positions_front","options":["1pms","2pms","3pms","4pms","transfer"]},{"property":"positions_chest","options":["transfer","1pms","2pms","3pms","4pms"]}],[{"property":"positions_front","options":["1pms","2pms","3pms","4pms","transfer"]},{"property":"positions_chest_right","options":["transfer","1pms","2pms","3pms","4pms"]}],[{"property":"color_textile","options":["gold_tshirt_sol_regent","light_purple_tshirt_sol_regent","pale_pink_tshirt_sol_regent","sky_blue_tshirt_sol_regent","tango_red_tshirt_sol_regent"],"description":"Kleuren niet beschikbaar in dames maten"},{"property":"textile_sizes","options":["woman-s","woman-m","woman-l","woman-xl","woman-xxl"]}],[{"property":"color_textile","options":["light_purple_tshirt_sol_regent","orchid_pink_tshirt_sol_regent","pale_pink_tshirt_sol_regent","tango_red_tshirt_sol_regent","army_tshirt_sol_regent"],"description":"Kleuren niet beschikbaar in 3XL en 4xl"},{"property":"textile_sizes","options":["xxxl","4xl"]}],[{"property":"textile_sizes","options":["4xl"],"description":"Kleuren niet beschikbaar in 4XL"},{"property":"color_textile","options":["apple_green_tshirt_sol_regent","aqua_tshirt_sol_regent","army_tshirt_sol_regent","bottle_green_tshirt_sol_regent","gold_tshirt_sol_regent","kelly_green_tshirt_sol_regent","light_purple_tshirt_sol_regent","orchid_pink_tshirt_sol_regent","pale_pink_tshirt_sol_regent","sky_blue_tshirt_sol_regent","tango_red_tshirt_sol_regent","dark_grey_tshirt_sol_regent"]}]]}