{"sku":"triple-deluxe-folder-display","active":true,"titleSingle":"Présentoir de luxe pour 3 documents","titlePlural":"Présentoirs de luxe pour 3 documents","createdAt":"2023-10-04T05:44:48.617Z","updatedAt":"2024-02-14T10:50:09.731Z","introductionDate":"2023-10-04T05:44:48.617Z","properties":[{"slug":"summary_image","title":"summary image","locked":false,"options":[{"slug":"triple-deluxe-folder-display","nullable":true,"eco":false,"name":"triple-deluxe-folder-display"}]},{"slug":"size","title":"Adapté au format","locked":false,"options":[{"slug":"a4","name":"A4 - 210 x 297 mm","nullable":false}]},{"slug":"material","title":"Matériau du support","locked":false,"options":[{"slug":"anodized_aluminum","name":"Aluminum anodisé","nullable":false,"eco":false}]},{"slug":"copies","title":"Quantité","locked":false,"options":[]},{"slug":"printtype","title":"Impression","locked":false,"options":[{"slug":"00","name":"Non imprimé","nullable":false,"eco":false}]},{"slug":"printingmethod","title":"Méthode d'impression","locked":false,"options":[{"slug":"raw_material","name":"Sans impression","nullable":false,"eco":false}]},{"slug":"urgency","title":"Urgence","locked":false,"options":[{"slug":"standard","name":"Standard","nullable":false,"eco":false},{"slug":"quick","name":"Rapide","nullable":false,"eco":false},{"slug":"urgent","name":"Urgent","nullable":false,"eco":false}]},{"slug":"article_number","title":"Numéro d'article","locked":false,"options":[{"slug":"7300-3a4","nullable":false,"eco":false,"name":"7300-3A4"}]}],"maxDesigns":1,"hsCode":"4819500000","isAvailableInUserRegion":true,"hasAccessories":false,"accessoryExcludes":[],"excludes":[]}