{"sku":"umbrella-base","active":true,"titleSingle":"Pied avec réservoir d'eau","titlePlural":"Pieds avec réservoir d'eau","createdAt":"2023-08-23T08:35:21.294Z","updatedAt":"2024-02-14T10:49:53.254Z","introductionDate":"2023-08-23T08:35:21.294Z","properties":[{"slug":"summary_image","locked":false,"options":[{"slug":"umbrella_base","name":"Umbrella base","nullable":true,"eco":false}],"title":"summary_image"},{"slug":"size","title":"Format (largeur x hauteur)","locked":false,"options":[{"slug":"48_x_48_x_11_cm","name":"48 x 48 x 11 cm","nullable":false}]},{"slug":"weight","title":"Poids","locked":false,"options":[{"slug":"1600_grams","name":"1,6 kg","nullable":false,"eco":false}]},{"slug":"volume","title":"Contenu","locked":false,"options":[{"slug":"24_litres","name":"24 litre","nullable":true,"eco":false}]},{"slug":"copies","title":"Quantité","locked":false,"options":[]},{"slug":"material","title":"Support","locked":false,"options":[{"slug":"1000gr_abs_plastic","name":"Plastique ABS","nullable":false,"eco":false}]},{"slug":"accessories_flags","title":"Accessoires drapeaux","locked":false,"options":[{"slug":"umbrella_base","name":"Réservoir à eau de pied - noir","nullable":false,"eco":false}]},{"slug":"printingmethod","title":"Méthode d'impression","locked":false,"options":[{"slug":"raw_material","name":"Sans impression","nullable":false,"eco":false}]},{"slug":"printtype","title":"Impression","locked":false,"options":[{"slug":"00","name":"Non imprimé","nullable":false,"eco":false}]},{"slug":"urgency","title":"Urgence","locked":false,"options":[{"slug":"standard","name":"Standard","nullable":false,"eco":false},{"slug":"moderate","nullable":false,"eco":false,"name":"Moderate"},{"slug":"quick","name":"Rapide","nullable":false,"eco":false},{"slug":"urgent","name":"Urgent","nullable":false,"eco":false}]}],"maxDesigns":1,"hsCode":"6601100000","isAvailableInUserRegion":true,"hasAccessories":false,"accessoryExcludes":[],"excludes":[]}