{"sku":"wall-mount-beachflags","active":true,"titleSingle":"Fixation murale pour beachflag","titlePlural":"Fixations murales pour beachflag","createdAt":"2024-02-14T10:49:58.529Z","updatedAt":"2024-02-14T10:49:58.529Z","introductionDate":"2024-02-14T10:49:58.529Z","properties":[{"slug":"summary_image","title":"summary image","locked":false,"options":[{"slug":"wall_mount_beachflags","nullable":true,"eco":false,"name":"wall mount beachflags"}]},{"slug":"size","title":"Format (largeur x hauteur)","locked":false,"options":[{"slug":"flag_wall_mount","name":"Plaque murale 10 x 10 cm, trous de 10 mm de diamètre","nullable":false}]},{"slug":"material","title":"Support","locked":false,"options":[{"slug":"500gr_powder_coated_steel","name":"Acier peint au four","nullable":false,"eco":false}]},{"slug":"accessories_flags","title":"Type de fixation","locked":false,"options":[{"slug":"wall_mount_straight","name":"Fixation murale droite (0°)","nullable":false,"eco":false},{"slug":"wall_mount_25_degrees","name":"Fixation murale oblique (25°)","nullable":false,"eco":false},{"slug":"wall_mount_90_degrees","name":"Fixation murale horizontale (90°)","nullable":false,"eco":false}]},{"slug":"copies","title":"Quantité","locked":false,"options":[]},{"slug":"printingmethod","title":"Méthode d'impression","locked":false,"options":[{"slug":"raw_material","name":"Sans impression","nullable":false,"eco":false}]},{"slug":"printtype","title":"Impression","locked":false,"options":[{"slug":"00","name":"Non imprimé","nullable":false,"eco":false}]},{"slug":"urgency","title":"Urgence","locked":false,"options":[{"slug":"standard","name":"Standard","nullable":false,"eco":false},{"slug":"moderate","nullable":false,"eco":false,"name":"Moderate"},{"slug":"quick","name":"Rapide","nullable":false,"eco":false},{"slug":"urgent","name":"Urgent","nullable":false,"eco":false}]}],"bleed":"0","hsCode":"6307909800","isAvailableInUserRegion":true,"hasAccessories":false,"accessoryExcludes":[],"excludes":[]}