{"sku":"whiteboard-kits","active":true,"titleSingle":"Set d'accessoires pour tableau blanc","titlePlural":"Sets d'accessoires pour tableau blanc","createdAt":"2023-12-20T13:58:43.823Z","updatedAt":"2024-09-27T07:23:51.638Z","introductionDate":"2023-12-20T13:58:43.823Z","properties":[{"slug":"summary_image","title":"summary image","locked":false,"options":[{"slug":"whiteboard-kit","nullable":true,"eco":false,"name":"whiteboard-kit"}]},{"slug":"kit_type","title":"Type de set","locked":false,"options":[{"slug":"basic-kit","name":"Set Basic","nullable":false,"eco":false},{"slug":"premium-kit","name":"Set Premium","nullable":false,"eco":false}]},{"slug":"copies","title":"Quantité","locked":false,"options":[{"slug":1,"nullable":false,"type":"raw_material"},{"slug":2,"nullable":false,"type":"raw_material"},{"slug":3,"nullable":false,"type":"raw_material"},{"slug":4,"nullable":false,"type":"raw_material"},{"slug":5,"nullable":false,"type":"raw_material"},{"slug":6,"nullable":false,"type":"raw_material"},{"slug":7,"nullable":false,"type":"raw_material"},{"slug":8,"nullable":false,"type":"raw_material"},{"slug":9,"nullable":false,"type":"raw_material"},{"slug":10,"nullable":false,"type":"raw_material"}]},{"slug":"printtype","title":"Impression","locked":false,"options":[{"slug":"00","name":"Non imprimé","nullable":false,"eco":false}]},{"slug":"printingmethod","title":"Méthode d'impression","locked":false,"options":[{"slug":"raw_material","name":"Sans impression","nullable":false,"eco":false}]},{"slug":"material","title":"Support","locked":false,"options":[{"slug":"accessories","name":"Accessoires","nullable":false,"eco":false}]},{"slug":"size","title":"Format (largeur x hauteur)","locked":false,"options":[{"slug":"accessories","name":"Accessories","nullable":false}]},{"slug":"article_number","title":"Numéro d'article","locked":false,"options":[{"slug":"14017.115","nullable":false,"eco":false,"name":"14017.115"},{"slug":"14017.111","nullable":false,"eco":false,"name":"14017.111"}]},{"slug":"urgency","title":"Urgence","locked":false,"options":[{"slug":"standard","name":"Standard","nullable":false,"eco":false}]}],"maxDesigns":1,"hsCode":"9610000000","isAvailableInUserRegion":true,"hasAccessories":false,"accessoryExcludes":[],"excludes":[]}