{"sku":"wire-o-desk-calendars","active":true,"titleSingle":"Calendrier de bureau avec Wire'O","titlePlural":"Calendriers de bureau avec Wire'O","createdAt":"2023-10-17T12:49:49.186Z","updatedAt":"2024-09-19T08:39:10.876Z","properties":[{"slug":"summary_image","title":"summary image","locked":false,"options":[{"slug":"wire-o-bureau-calendar","nullable":true,"eco":false,"name":"wire-o-bureau-calendar"}]},{"slug":"binding_edge","title":"Côté de la reliure","locked":false,"options":[{"slug":"binding_top","name":"Reliure en tête","nullable":false,"eco":false}]},{"slug":"calendar_finish","title":"Finition du calendrier","locked":false,"options":[{"slug":"self_locking_base_wire_o","name":"350 g/m² Invercote® G - couché 1 face (non imprimé)","nullable":false,"eco":false}]},{"slug":"pages","title":"Nombre de feuilles","locked":false,"options":[{"slug":"14.0","name":"7 feuilles","nullable":false,"eco":false},{"slug":"16.0","name":"8 feuilles","nullable":false,"eco":false},{"slug":"18.0","name":"9 feuilles","nullable":false,"eco":false},{"slug":"20.0","name":"10 feuilles","nullable":false,"eco":false},{"slug":"22.0","name":"11 feuilles","nullable":false,"eco":false},{"slug":"24.0","name":"12 feuilles","nullable":false,"eco":false},{"slug":"26.0","name":"13 feuilles","nullable":false,"eco":false},{"slug":"28.0","name":"14 feuilles","nullable":false,"eco":false},{"slug":"30.0","name":"15 feuilles","nullable":false,"eco":false},{"slug":"32.0","name":"16 feuilles","nullable":false,"eco":false},{"slug":"34.0","name":"17 feuilles","nullable":false,"eco":false},{"slug":"36.0","name":"18 feuilles","nullable":false,"eco":false},{"slug":"38.0","name":"19 feuilles","nullable":false,"eco":false},{"slug":"40.0","name":"20 feuilles","nullable":false,"eco":false}]},{"slug":"material","title":"Matériau","locked":false,"options":[{"slug":"170gr_gesatineerd_mc","name":"Couché brillant 170 g/m²","nullable":false,"eco":false},{"slug":"250gr_gesatineerd_mc","name":"Couché brillant 250 g/m²","nullable":false,"eco":false},{"slug":"300gr_gesatineerd_mc","name":"Couché brillant 300 g/m²","nullable":false,"eco":false},{"slug":"350gr_gesatineerd_mc","name":"Couché brillant 350 g/m²","nullable":false,"eco":false},{"slug":"170gr_silk_mc","name":"Couché demi-mat (silk) 170 g/m²","nullable":false,"eco":false},{"slug":"250gr_silk_mc","name":"Couché demi-mat (silk) 250 g/m²","nullable":false,"eco":false},{"slug":"300gr_silk_mc","name":"Couché demi-mat (silk) 300 g/m²","nullable":false,"eco":false},{"slug":"350gr_silk_mc","name":"Couché demi-mat (silk) 350 g/m²","nullable":false,"eco":false},{"slug":"170gr_hvo","name":"Offset  non couché 170 g/m²","nullable":false,"eco":false},{"slug":"250gr_hvo","name":"Offset non couché 250 g/m²","nullable":false,"eco":false},{"slug":"300gr_hvo","name":"Offset non couché 300 g/m²","nullable":false,"eco":false},{"slug":"350gr_hvo","name":"Offset non couché 350 g/m²","nullable":false,"eco":false},{"slug":"160gr_biotop","name":"Bio Top 3® naturel 160 g/m²","nullable":false,"eco":true},{"slug":"250gr_biotop","name":"Bio Top 3® naturel 250 g/m²","nullable":false,"eco":true},{"slug":"300gr_biotop","name":"Bio Top 3® naturel 300 g/m²","nullable":false,"eco":true}]},{"slug":"inside_paper_finish","title":"Finition intérieure","locked":false,"options":[{"slug":"none","name":"Sans","nullable":true,"eco":false},{"slug":"double_sided_gloss_lamination","name":"Pelliculage brillant recto/verso","nullable":false,"eco":false},{"slug":"double_sided_matt_lamination","name":"Pelliculage mat recto/verso","nullable":false,"eco":false},{"slug":"double_sided_scratch_resistant_lamination","name":"Pelliculage anti-rayures recto/verso","nullable":false,"eco":false},{"slug":"double_sided_soft_touch_lamination","name":"Pelliculage soft touch recto/verso","nullable":false,"eco":false}]},{"slug":"wire-o_color","title":"Couleur de la spirale","locked":false,"options":[{"slug":"silver","name":"Argenté","nullable":false,"eco":false},{"slug":"black","name":"Noir","nullable":false,"eco":false},{"slug":"white","name":"Blanc","nullable":false,"eco":false}]},{"slug":"sample","title":"Epreuve / Échantillon d'impression","locked":false,"options":[{"slug":"none","name":"Non","nullable":true,"eco":false},{"slug":"sample_with_voucher","name":"Epreuve avec bon de réduction","nullable":false,"eco":false},{"slug":"sample_with_watermark","name":"Epreuve avec filigrane","nullable":false,"eco":false}]},{"slug":"copies","title":"Quantité","locked":false,"options":[]},{"slug":"size","title":"Format fermé (largeur x hauteur)","locked":false,"options":[{"slug":"a5","name":"A5 - 148 x 210 mm","nullable":false},{"slug":"a5_landscape","name":"A5 paysage - 210 x 148 mm","nullable":false},{"slug":"a6","name":"A6 - 105 x 148 mm","nullable":false},{"slug":"a6_landscape","name":"A6 paysage - 148 x 105 mm","nullable":false},{"slug":"us_large","name":"US large - 105 x 210 mm","nullable":false},{"slug":"us_large_landscape","name":"US large paysage - 210 x 105 mm","nullable":false},{"slug":"a5_large_landscape","name":"A5 large paysage - 297 x 105 mm","nullable":false},{"slug":"din_large_plus_landscape","name":"Din large+ paysage - 210 x 99 mm","nullable":false},{"slug":"carre_l","name":"Carré L - 210 x 210 mm","nullable":false},{"slug":"carre_m","name":"Carré M - 148 x 148 mm","nullable":false}]},{"slug":"printtype","title":"Impression","locked":false,"options":[{"slug":"40","name":"4/0 quadri recto","nullable":false,"eco":false},{"slug":"44","name":"4/4 quadri recto/verso","nullable":false,"eco":false}]},{"slug":"binding","title":"Reliure","locked":false,"options":[{"slug":"wireo","name":"Reliure à spirale","nullable":false,"eco":false}]},{"slug":"printingmethod","title":"Méthode d'impression","locked":false,"options":[{"slug":"inkjet","name":"Jet d'encre","description":"Canon varioPRINT inkjet","nullable":false,"eco":false},{"slug":"digital","name":"Digital","nullable":false,"eco":false}]},{"slug":"urgency","title":"Urgence","locked":false,"options":[{"slug":"quick","name":"Rapide","nullable":false,"eco":false},{"slug":"standard","name":"Standard","nullable":false,"eco":false},{"slug":"urgent","name":"Urgent","nullable":false,"eco":false},{"slug":"moderate","nullable":false,"eco":false,"name":"Moderate"}]},{"slug":"variable_creasing_line","title":"Rainage","locked":false,"options":[{"slug":"creasing_wire-o_desk_calender","name":"3 lignes de rainage sur le support","nullable":false,"eco":false}]},{"slug":"cover_material","title":"Matériau pour la couverture","locked":false,"options":[{"slug":"selfcover","name":"Selfcover","nullable":false,"eco":false}]},{"slug":"clean_cut","title":"Coupe au format","locked":true,"options":[{"slug":"yes","name":"Oui","nullable":false,"eco":false},{"slug":"no","name":"Non","nullable":true,"eco":false}]}],"maxDesigns":1,"bleed":2,"hsCode":"4910000000","isAvailableInUserRegion":true,"hasAccessories":false,"accessoryExcludes":[],"excludes":[[{"property":"material","options":["170gr_gesatineerd_mc","170gr_silk_mc","170gr_hvo","160gr_biotop","150gr_paperwise_earth_pact_natural","280gr_linnen","300gr_tintoretto_gesso"]},{"property":"inside_paper_finish","options":["double_sided_gloss_lamination","double_sided_matt_lamination","double_sided_scratch_resistant_lamination","double_sided_soft_touch_lamination"]}],[{"property":"material","options":["170gr_gesatineerd_mc","250gr_gesatineerd_mc","300gr_gesatineerd_mc","350gr_gesatineerd_mc","170gr_silk_mc","250gr_silk_mc","300gr_silk_mc","350gr_silk_mc","170gr_hvo","250gr_hvo","300gr_hvo","350gr_hvo","160gr_biotop","250gr_biotop","300gr_biotop","280gr_linnen","300gr_tintoretto_gesso","300gr_metallic_pearl","300gr_metallic_white"]},{"property":"printtype","options":["50_full_color_plus_white","55_full_color_plus_white"]}],[{"property":"printtype","options":["40","44"]},{"property":"material","options":["290gr_sirio_color_nero"]}],[{"property":"size","options":["din_large_plus_landscape"]},{"property":"printingmethod","options":["inkjet"]}],[{"property":"copies","options":[2,3,4,5,6,7,8,9,10,11,12,13,14,15,16,17,18,19,20,21,22,23,24,25,26,27,28,29,30,31,32,33,34,35,36,37,38,39,40,41,42,43,44,45,46,47,48,49,50,51,52,53,54,55,56,57,58,59,60,61,62,63,64,65,66,67,68,69,70,71,72,73,74,75,76,77,78,79,80,81,82,83,84,85,86,87,88,89,90,91,92,93,94,95,96,97,98,99,100,101,102,103,104,105,106,107,108,109,110,111,112,113,114,115,116,117,118,119,120,121,122,123,124,125,126,127,128,129,130,131,132,133,134,135,136,137,138,139,140,141,142,143,144,145,146,147,148,149,150,151,152,153,154,155,156,157,158,159,160,161,162,163,164,165,166,167,168,169,170,171,172,173,174,175,176,177,178,179,180,181,182,183,184,185,186,187,188,189,190,191,192,193,194,195,196,197,198,199,200,201,202,203,204,205,206,207,208,209,210,211,212,213,214,215,216,217,218,219,220,221,222,223,224,225,226,227,228,229,230,231,232,233,234,235,236,237,238,239,240,241,242,243,244,245,246,247,248,249,250,251,252,253,254,255,256,257,258,259,260,261,262,263,264,265,266,267,268,269,270,271,272,273,274,275,276,277,278,279,280,281,282,283,284,285,286,287,288,289,290,291,292,293,294,295,296,297,298,299,300,301,302,303,304,305,306,307,308,309,310,311,312,313,314,315,316,317,318,319,320,321,322,323,324,325,326,327,328,329,330,331,332,333,334,335,336,337,338,339,340,341,342,343,344,345,346,347,348,349,350,351,352,353,354,355,356,357,358,359,360,361,362,363,364,365,366,367,368,369,370,371,372,373,374,375,376,377,378,379,380,381,382,383,384,385,386,387,388,389,390,391,392,393,394,395,396,397,398,399,400,401,402,403,404,405,406,407,408,409,410,411,412,413,414,415,416,417,418,419,420,421,422,423,424,425,426,427,428,429,430,431,432,433,434,435,436,437,438,439,440,441,442,443,444,445,446,447,448,449,450,451,452,453,454,455,456,457,458,459,460,461,462,463,464,465,466,467,468,469,470,471,472,473,474,475,476,477,478,479,480,481,482,483,484,485,486,487,488,489,490,491,492,493,494,495,496,497,498,499,500,501,502,503,504,505,506,507,508,509,510,511,512,513,514,515,516,517,518,519,520,521,522,523,524,525,526,527,528,529,530,531,532,533,534,535,536,537,538,539,540,541,542,543,544,545,546,547,548,549,550,551,552,553,554,555,556,557,558,559,560,561,562,563,564,565,566,567,568,569,570,571,572,573,574,575,576,577,578,579,580,581,582,583,584,585,586,587,588,589,590,591,592,593,594,595,596,597,598,599,600,601,602,603,604,605,606,607,608,609,610,611,612,613,614,615,616,617,618,619,620,621,622,623,624,625,626,627,628,629,630,631,632,633,634,635,636,637,638,639,640,641,642,643,644,645,646,647,648,649,650,651,652,653,654,655,656,657,658,659,660,661,662,663,664,665,666,667,668,669,670,671,672,673,674,675,676,677,678,679,680,681,682,683,684,685,686,687,688,689,690,691,692,693,694,695,696,697,698,699,700,701,702,703,704,705,706,707,708,709,710,711,712,713,714,715,716,717,718,719,720,721,722,723,724,725,726,727,728,729,730,731,732,733,734,735,736,737,738,739,740,741,742,743,744,745,746,747,748,749,750,751,752,753,754,755,756,757,758,759,760,761,762,763,764,765,766,767,768,769,770,771,772,773,774,775,776,777,778,779,780,781,782,783,784,785,786,787,788,789,790,791,792,793,794,795,796,797,798,799,800,801,802,803,804,805,806,807,808,809,810,811,812,813,814,815,816,817,818,819,820,821,822,823,824,825,826,827,828,829,830,831,832,833,834,835,836,837,838,839,840,841,842,843,844,845,846,847,848,849,850,851,852,853,854,855,856,857,858,859,860,861,862,863,864,865,866,867,868,869,870,871,872,873,874,875,876,877,878,879,880,881,882,883,884,885,886,887,888,889,890,891,892,893,894,895,896,897,898,899,900,901,902,903,904,905,906,907,908,909,910,911,912,913,914,915,916,917,918,919,920,921,922,923,924,925,926,927,928,929,930,931,932,933,934,935,936,937,938,939,940,941,942,943,944,945,946,947,948,949,950,951,952,953,954,955,956,957,958,959,960,961,962,963,964,965,966,967,968,969,970,971,972,973,974,975,976,977,978,979,980,981,982,983,984,985,986,987,988,989,990,991,992,993,994,995,996,997,998,999,1000,1001,1002,1003,1004,1005,1006,1007,1008,1009,1010,1020,1030,1040,1050,1060,1070,1080,1090,1100,1110,1120,1130,1140,1150,1160,1170,1180,1190,1200,1210,1220,1230,1240,1250,1260,1270,1280,1290,1300,1310,1320,1330,1340,1350,1360,1370,1380,1390,1400,1410,1420,1430,1440,1450,1460,1470,1480,1490,1500,1510,1520,1530,1540,1550,1560,1570,1580,1590,1600,1610,1620,1630,1640,1650,1660,1670,1680,1690,1700,1710,1720,1730,1740,1750,1760,1770,1780,1790,1800,1810,1820,1830,1840,1850,1860,1870,1880,1890,1900,1910,1920,1930,1940,1950,1960,1970,1980,1990,2000,2010]},{"property":"sample","options":["sample_with_voucher","sample_with_watermark"]}],[{"property":"size","options":["us_large_landscape","a6","us_large","carre_l","carre_m"],"description":"nieuw"},{"property":"printingmethod","options":["digital"]}]]}