{"sku":"banners","active":true,"titleSingle":"Bâche/Banner","titlePlural":"Bâches/Banners","createdAt":"2023-08-24T12:34:38.469Z","updatedAt":"2024-05-17T14:56:39.828Z","properties":[{"slug":"summary_image","title":"summary image","locked":false,"options":[{"slug":"banners","nullable":true,"eco":false,"name":"Banners"}]},{"slug":"all_sides_equal_finish","title":"Finition identique des 4 bords","locked":false,"options":[{"slug":"yes","name":"Oui","nullable":false,"eco":false},{"slug":"no","name":"Non","nullable":false,"eco":false}]},{"slug":"finish_left","title":"Finition bord gauche","locked":false,"options":[{"slug":"trimmed","name":"Coupe au format","nullable":false,"eco":false},{"slug":"custom_shape","name":"Découpe à la forme","nullable":false,"eco":false},{"slug":"eyelet_corner","name":"oeillets aux coins","nullable":false,"eco":false},{"slug":"eyelets_20","name":"Œillets tous les 20 cm","nullable":false,"eco":false},{"slug":"eyelets_25","name":"Œillets tous les 25 cm","nullable":false,"eco":false},{"slug":"eyelets_30","name":"Œillets tous les 30 cm","nullable":false,"eco":false},{"slug":"eyelets_50","name":"Œillets tous les 50 cm","nullable":false,"eco":false},{"slug":"hem_eyelet_corner","name":"Ourlet, oeillets aux coins","nullable":false,"eco":false},{"slug":"hem_eyelets_20","name":"Ourlet, oeillets tous les 20 cm","nullable":false,"eco":false},{"slug":"hem_eyelets_25","name":"Ourlet, oeillets tous les 25 cm","nullable":false,"eco":false},{"slug":"hem_eyelets_30","name":"Ourlet, oeillets tous les 30 cm","nullable":false,"eco":false},{"slug":"hem_eyelets_50","name":"Ourlet, oeillets tous les 50 cm","nullable":false,"eco":false},{"slug":"hemmed","name":"Ourlet de renfort","nullable":false,"eco":false},{"slug":"sleeve_4_cm","name":"Fourreau 4 cm (plat)","nullable":false,"eco":false},{"slug":"sleeve_5cm","name":"Fourreau 5 cm (plat)","nullable":false,"eco":false},{"slug":"sleeve_6cm","name":"Fourreau 6 cm (plat)","nullable":false,"eco":false},{"slug":"sleeve_7cm","name":"Fourreau 7 cm (plat)","nullable":false,"eco":false},{"slug":"sleeve_8cm","name":"Fourreau 8 cm (plat)","nullable":false,"eco":false},{"slug":"sleeve_10cm","name":"Fourreau 10 cm (plat)","nullable":false,"eco":false},{"slug":"sleeve_12cm","name":"Fourreau 12 cm (plat)","nullable":false,"eco":false},{"slug":"hem_eyelets_20_stormfix","name":"Ourlet, oeillets tous les 20 cm avec 2 anneaux aux coins (stormfix)","nullable":false,"eco":false},{"slug":"hem_eyelets_30_stormfix","name":"Ourlet, oeillets tous les 30 cm avec 2 anneaux aux coins (stormfix)","nullable":false,"eco":false}]},{"slug":"finish_right","title":"Finition bord droit","locked":false,"options":[{"slug":"trimmed","name":"Coupe au format","nullable":false,"eco":false},{"slug":"custom_shape","name":"Découpe à la forme","nullable":false,"eco":false},{"slug":"eyelet_corner","name":"Oeillets aux coins","nullable":false,"eco":false},{"slug":"eyelets_20","name":"Œillets tous les 20 cm","nullable":false,"eco":false},{"slug":"eyelets_25","name":"Œillets tous les 25 cm","nullable":false,"eco":false},{"slug":"eyelets_30","name":"Œillets tous les 30 cm","nullable":false,"eco":false},{"slug":"eyelets_50","name":"Œillets tous les 50 cm","nullable":false,"eco":false},{"slug":"hemmed","name":"Ourlet de renfort","nullable":false,"eco":false},{"slug":"sleeve_4_cm","name":"Fourreau 4 cm (plat)","nullable":false,"eco":false},{"slug":"sleeve_5cm","name":"Fourreau 5 cm (plat)","nullable":false,"eco":false},{"slug":"sleeve_6cm","name":"Fourreau 6 cm (plat)","nullable":false,"eco":false},{"slug":"sleeve_7cm","name":"Fourreau 7 cm (plat)","nullable":false,"eco":false},{"slug":"sleeve_8cm","name":"Fourreau 8 cm (plat)","nullable":false,"eco":false},{"slug":"sleeve_10cm","name":"Fourreau 10 cm (plat)","nullable":false,"eco":false},{"slug":"sleeve_12cm","name":"Fourreau 12 cm (plat)","nullable":false,"eco":false},{"slug":"hem_eyelet_corner","name":"Ourlet, oeillets aux coins","nullable":false,"eco":false},{"slug":"hem_eyelets_20","name":"Ourlet, oeillets tous les 20 cm","nullable":false,"eco":false},{"slug":"hem_eyelets_25","name":"Ourlet, oeillets tous les 25 cm","nullable":false,"eco":false},{"slug":"hem_eyelets_30","name":"Ourlet, oeillets tous les 30 cm","nullable":false,"eco":false},{"slug":"hem_eyelets_50","name":"Ourlet, oeillets tous les 50 cm","nullable":false,"eco":false},{"slug":"hem_eyelets_20_stormfix","name":"Ourlet, oeillets tous les 20 cm avec 2 anneaux aux coins (stormfix)","nullable":false,"eco":false},{"slug":"hem_eyelets_30_stormfix","name":"Ourlet, œillet tous les 30 cm, 2 anneaux aux coins (stormfix)","nullable":false,"eco":false}]},{"slug":"finish_top","title":"Finition bord supérieur","locked":false,"options":[{"slug":"trimmed","name":"Coupe au format","nullable":false,"eco":false},{"slug":"custom_shape","name":"Découpe à la forme","nullable":false,"eco":false},{"slug":"eyelet_corner","name":"oeillets aux coins","nullable":false,"eco":false},{"slug":"eyelets_20","name":"Œillets tous les 20 cm","nullable":false,"eco":false},{"slug":"eyelets_25","name":"Œillets tous les 25 cm","nullable":false,"eco":false},{"slug":"eyelets_30","name":"Œillets tous les 30 cm","nullable":false,"eco":false},{"slug":"eyelets_50","name":"Œillets tous les 50 cm","nullable":false,"eco":false},{"slug":"hemmed","name":"Ourlet de renfort","nullable":false,"eco":false},{"slug":"sleeve_4_cm","name":"Fourreau 4 cm (plat)","nullable":false,"eco":false},{"slug":"sleeve_5cm","name":"Fourreau 5 cm (plat)","nullable":false,"eco":false},{"slug":"sleeve_6cm","name":"Fourreau 6 cm (plat)","nullable":false,"eco":false},{"slug":"sleeve_7cm","name":"Fourreau 7 cm (plat)","nullable":false,"eco":false},{"slug":"sleeve_8cm","name":"Fourreau 8 cm (plat)","nullable":false,"eco":false},{"slug":"sleeve_10cm","name":"Fourreau 10 cm (plat)","nullable":false,"eco":false},{"slug":"sleeve_12cm","name":"Fourreau 12 cm (plat)","nullable":false,"eco":false},{"slug":"hem_eyelet_corner","name":"Ourlet, oeillets aux coins","nullable":false,"eco":false},{"slug":"hem_eyelets_20","name":"Ourlet, oeillets tous les 20 cm","nullable":false,"eco":false},{"slug":"hem_eyelets_25","name":"Ourlet, oeillets tous les 25 cm","nullable":false,"eco":false},{"slug":"hem_eyelets_30","name":"Ourlet, oeillets tous les 30 cm","nullable":false,"eco":false},{"slug":"hem_eyelets_50","name":"Ourlet, oeillets tous les 50 cm","nullable":false,"eco":false},{"slug":"hem_eyelets_20_stormfix","name":"Ourlet, oeillets tous les 20 cm avec 2 anneaux aux coins (stormfix)","nullable":false,"eco":false},{"slug":"hem_eyelets_30_stormfix","name":"Ourlet, oeillets tous les 30 cm avec 2 anneaux aux coins (stormfix)","nullable":false,"eco":false}]},{"slug":"finish_bottom","title":"Finition bord inférieur","locked":false,"options":[{"slug":"trimmed","name":"Coupe au format","nullable":false,"eco":false},{"slug":"custom_shape","name":"Découpe à la forme","nullable":false,"eco":false},{"slug":"eyelet_corner","name":"Oeillets aux coins","nullable":false,"eco":false},{"slug":"eyelets_20","name":"Œillets tous les 20 cm","nullable":false,"eco":false},{"slug":"eyelets_25","name":"Œillets tous les 25 cm","nullable":false,"eco":false},{"slug":"eyelets_30","name":"Œillets tous les 30 cm","nullable":false,"eco":false},{"slug":"eyelets_50","name":"Œillets tous les 50 cm","nullable":false,"eco":false},{"slug":"hemmed","name":"Ourlet de renfort","nullable":false,"eco":false},{"slug":"sleeve_4_cm","name":"Fourreau 4 cm (plat)","nullable":false,"eco":false},{"slug":"sleeve_5cm","name":"Fourreau 5 cm (plat)","nullable":false,"eco":false},{"slug":"sleeve_6cm","name":"Fourreau 6 cm (plat)","nullable":false,"eco":false},{"slug":"sleeve_7cm","name":"Fourreau 7 cm (plat)","nullable":false,"eco":false},{"slug":"sleeve_8cm","name":"Fourreau 8 cm (plat)","nullable":false,"eco":false},{"slug":"sleeve_10cm","name":"Fourreau 10 cm (plat)","nullable":false,"eco":false},{"slug":"sleeve_12cm","name":"Fourreau 12 cm (plat)","nullable":false,"eco":false},{"slug":"hem_eyelet_corner","name":"Ourlet, oeillets aux coins","nullable":false,"eco":false},{"slug":"hem_eyelets_20","name":"Ourlet, oeillets tous les 20 cm","nullable":false,"eco":false},{"slug":"hem_eyelets_25","name":"Ourlet, oeillets tous les 25 cm","nullable":false,"eco":false},{"slug":"hem_eyelets_30","name":"Ourlet, oeillets tous les 30 cm","nullable":false,"eco":false},{"slug":"hem_eyelets_50","name":"Ourlet, oeillets tous les 50 cm","nullable":false,"eco":false},{"slug":"hem_eyelets_20_stormfix","name":"Ourlet, oeillets tous les 20 cm avec 2 anneaux aux coins (stormfix)","nullable":false,"eco":false},{"slug":"hem_eyelets_30_stormfix","name":"Ourlet, oeillets tous les 30 cm avec 2 anneaux aux coins (stormfix)","nullable":false,"eco":false}]},{"slug":"size","title":"Format (largeur x hauteur)","locked":false,"options":[{"slug":"100_x100_cm","name":"100 x 100 cm","nullable":false},{"slug":"250_x_100_cm","name":"250 x 100 cm","nullable":false},{"slug":"300_x_100_cm","name":"300 x 100 cm","nullable":false},{"slug":"banner_site_fences","name":"338 x 174 cm (clôture de chantier visibilité 1 face)","nullable":false},{"slug":"custom","nullable":false,"customSizes":{"minHeight":100,"sizeUnit":"CM","minWidth":100,"maxHeight":4900,"maxWidth":25000}}]},{"slug":"copies","title":"Quantité","locked":false,"options":[{"slug":1,"nullable":false,"type":"lfp_latex_320"},{"slug":2,"nullable":false,"type":"lfp_latex_320"},{"slug":3,"nullable":false,"type":"lfp_latex_320"},{"slug":4,"nullable":false,"type":"lfp_latex_320"},{"slug":5,"nullable":false,"type":"lfp_latex_320"},{"slug":6,"nullable":false,"type":"lfp_latex_320"},{"slug":7,"nullable":false,"type":"lfp_latex_320"},{"slug":8,"nullable":false,"type":"lfp_latex_320"},{"slug":9,"nullable":false,"type":"lfp_latex_320"},{"slug":10,"nullable":false,"type":"lfp_latex_320"},{"slug":100,"nullable":false,"type":"lfp_latex_320"},{"slug":1,"nullable":false,"type":"lfp_dye_sublimation"},{"slug":2,"nullable":false,"type":"lfp_dye_sublimation"},{"slug":3,"nullable":false,"type":"lfp_dye_sublimation"},{"slug":4,"nullable":false,"type":"lfp_dye_sublimation"},{"slug":5,"nullable":false,"type":"lfp_dye_sublimation"},{"slug":6,"nullable":false,"type":"lfp_dye_sublimation"},{"slug":7,"nullable":false,"type":"lfp_dye_sublimation"},{"slug":8,"nullable":false,"type":"lfp_dye_sublimation"},{"slug":9,"nullable":false,"type":"lfp_dye_sublimation"},{"slug":10,"nullable":false,"type":"lfp_dye_sublimation"},{"slug":100,"nullable":false,"type":"lfp_dye_sublimation"}],"rangeSets":[{"summary":[1,2,3,4,5,6,7,8,9,10,100],"options":[{"max":10000,"steps":1,"min":1}],"printingmethod":"lfp_latex_320"},{"summary":[1,2,3,4,5,6,7,8,9,10,100],"options":[{"max":10000,"steps":1,"min":1}],"printingmethod":"lfp_dye_sublimation"}]},{"slug":"designs","title":"Design","locked":false,"options":[]},{"slug":"material","title":"Support","locked":false,"options":[{"slug":"280gr_mesh_b1","name":"Mesh M1 270 g/m² (micro-perforé)","nullable":false,"eco":false},{"slug":"280gr_pes_outdoor","name":"PES Outdoor 280 g/m² (recyclable)","nullable":false,"eco":true},{"slug":"510gr_pvc","name":"Frontlit M1 - 510 g/m² (pvc)","nullable":false,"eco":false},{"slug":"610gr_blockout","name":"Blockout vinyl opaque M1 - 610 g/m² (pvc)","nullable":false,"eco":false}]},{"slug":"printtype","title":"Impression","locked":false,"options":[{"slug":"00","name":"Non imprimé","nullable":false,"eco":false},{"slug":"40","name":"4/0 quadri recto","nullable":false,"eco":false},{"slug":"44","name":"4/4 quadri recto/verso","nullable":false,"eco":false}]},{"slug":"printingmethod","title":"Méthode d'impression","locked":false,"options":[{"slug":"lfp_latex_320","name":"HP Latex 3600","nullable":false,"eco":false},{"slug":"lfp_dye_sublimation","name":"HP Stitch S1000","nullable":false,"eco":false}]},{"slug":"urgency","title":"Urgence","locked":false,"options":[{"slug":"standard","name":"Standard","nullable":false,"eco":false},{"slug":"urgent","name":"Urgent","nullable":false,"eco":false},{"slug":"quick","name":"Rapide","nullable":false,"eco":false},{"slug":"moderate","nullable":false,"eco":false,"name":"Moderate"}]},{"slug":"packaging_extras","title":"Emballage","locked":false,"options":[{"slug":"packaging_banner","name":"packaging_banner","nullable":false,"eco":false},{"slug":"packaging_textile","name":"Emballage","nullable":false,"eco":false}]}],"maxDesigns":50,"bleed":"40","hsCode":"6307909800","isAvailableInUserRegion":true,"hasAccessories":true,"accessoryExcludes":[]}