{"sku":"businesscards","active":true,"titleSingle":"Carte de visite","titlePlural":"Cartes de visite","createdAt":"2023-08-31T12:16:14.402Z","updatedAt":"2024-10-15T11:16:00.538Z","properties":[{"slug":"fold","title":"Mode de pliage","locked":false,"options":[{"slug":"no_fold","name":"Format simple","nullable":true,"eco":false},{"slug":"single_4","name":"Pli simple, à gauche","nullable":false,"eco":false},{"slug":"singlehorizontal_4","name":"Plis simple, en haut","nullable":false,"eco":false}]},{"slug":"size","title":"Format fermé (largeur x hauteur)","locked":false,"options":[{"slug":"bc","name":"85 x 55 mm (paysage)","nullable":false},{"slug":"bc_portrait","name":"55 x 85 mm (portrait)","nullable":false},{"slug":"bc_plus","name":"90 x 50 mm (paysage)","nullable":false},{"slug":"bc_plus_portrait","name":"50 x 90 mm (portrait)","nullable":false},{"slug":"custom","nullable":false,"customSizes":{"minHeight":40,"minWidth":40,"maxHeight":299,"maxWidth":424}}]},{"slug":"material","title":"Support","locked":false,"options":[{"slug":"300gr_gesatineerd_mc","name":"Couché brillant 300 g/m²","nullable":false,"eco":false},{"slug":"350gr_gesatineerd_mc","name":"Couché brillant 350 g/m²","nullable":false,"eco":false},{"slug":"400gr_gesatineerd_mc","name":"Couché brillant 400 g/m²","nullable":false,"eco":false},{"slug":"300gr_silk_mc","name":"Couché demi-mat (silk) 300 g/m²","nullable":false,"eco":false},{"slug":"350gr_silk_mc","name":"Couché demi-mat (silk) 350 g/m²","nullable":false,"eco":false},{"slug":"400gr_silk_mc","name":"Couché demi-mat (silk) 400 g/m²","nullable":false,"eco":false},{"slug":"300gr_tintoretto_gesso","name":"Tintoretto Gesso 300 g/m² (martelé)","nullable":false,"eco":false},{"slug":"280gr_linnen","name":"Constellation Snow 280 g/m² ","nullable":false,"eco":false},{"slug":"350gr_metallic_white","name":"Sirio Pearl Blanc 350 g/m²","nullable":false,"eco":false},{"slug":"300gr_metallic_white","name":"Sirio Pearl Blanc 300 g/m²","nullable":false,"eco":false},{"slug":"300gr_metallic_pearl","name":"Sirio Pearl Polaire 300 g/m²","nullable":false,"eco":false},{"slug":"300gr_metallic_gold","name":"Sirio Pearl Or 300 g/m²","nullable":false,"eco":false},{"slug":"300gr_metallic_silver","name":"Sirio Pearl Argent 300 g/m²","nullable":false,"eco":false},{"slug":"290gr_kraft_muskat","name":"Kraft Muskat Brown 290 g/m²","nullable":false,"eco":true},{"slug":"290gr_sirio_color_nero","name":"Sirio Color Nero 290 g/m²","nullable":false,"eco":false},{"slug":"295gr_paperwise_earth_pact_natural","name":"Paperwise® Earth Pact Natural 295 g/m²","nullable":false,"eco":true},{"slug":"300gr_recystar","name":"BalancePure® 300 g/m²","nullable":false,"eco":true},{"slug":"300gr_biotop","name":"Bio Top 3® naturel 300 g/m²","nullable":false,"eco":true},{"slug":"300gr_recystar_nature","name":"Recystar® Nature 300 g/m²","nullable":false,"eco":true},{"slug":"300gr_recyclingpaper_rebello_or_vivus_89","name":"Rebello 300 g/m², 100% recyclé","nullable":false,"eco":true},{"slug":"300gr_hvo","name":"Offset non couché 300 g/m²","nullable":false,"eco":false},{"slug":"350gr_hvo","name":"Offset non couché 350 g/m²","nullable":false,"eco":false},{"slug":"300gr_hvo_nk","name":"Carton naturel offset non couché 300 g/m²","nullable":false,"eco":false},{"slug":"350gr_hvo_nk","name":"Carton naturel offset non couché 350 g/m²","nullable":false,"eco":false},{"slug":"400gr_hvo_nk","name":"Carton naturel offset non couhcé 400 g/m²","nullable":false,"eco":false},{"slug":"300gr_sbs_symbol_card","name":"Symbol card 300 g/m², couché 1 face","nullable":false,"eco":false},{"slug":"300gr_sbs_invercote","name":"Carte Invercote® G 300 g/m², couché 1 face","nullable":false,"eco":false},{"slug":"350gr_sbs_invercote","name":"350 g/m² Invercote® G - couché 1 face","nullable":false,"eco":false},{"slug":"300gr_sbs","name":"Carte Multicard® 300 g/m², couché 1 face","nullable":false,"eco":false},{"slug":"350gr_sbs","name":"Carte Multicard® 350 g/m², couché 1 face","nullable":false,"eco":false},{"slug":"350gr_sbd","name":"Carte MultiCard® 350 g/m², couché 2 faces","nullable":false,"eco":false},{"slug":"400gr_sbd","name":"Carte MultiCard® 400 g/m², couché 2 faces","nullable":false,"eco":false},{"slug":"300gr_conqueror_vergé_(crème)_high_white","name":"Conqueror vergé naturel 300 g/m², blanc","nullable":false,"eco":false},{"slug":"300gr_cotton_max_white","name":"Gmund Cotton 300 g/m² - Max White","nullable":false,"eco":false},{"slug":"300gr_cotton_linen_cream","name":"Gmund Cotton 300 g/m² - Linen Cream","nullable":false,"eco":false},{"slug":"300gr_cotton_gentlemen_blue","name":"Gmund Cotton 300 g/m² - Gentlemen Blue","nullable":false,"eco":false},{"slug":"300gr_cotton_new_grey","name":"Gmund Cotton 300 g/m² - New Grey","nullable":false,"eco":false},{"slug":"300gr_synaps","name":"Synapse® 300 g/m² - résistant à l'eau et aux déchirures","nullable":false,"eco":false},{"slug":"234gr_yupo_blue","name":"YUPOBlue® 234 g/m² - résistant à l'eau et aux déchirures","nullable":false,"eco":false},{"slug":"319gr_yupo_blue","name":"YUPOBlue® 319 g/m² - résistant à l'eau et aux déchirures","nullable":false,"eco":false}]},{"slug":"delivery","title":"Choix d'emballage","locked":false,"options":[{"slug":"default_businesscard","name":"Emballage standard","description":"Emballage standard","nullable":true,"eco":false},{"slug":"businesscard_box","name":"Petites boîtes pour cartes de visite avec encoches pour modèle","description":"Petites boîtes pour cartes de visite avec encoches pour modèle","nullable":false,"eco":false}]},{"slug":"printtype","title":"Impression","locked":false,"options":[{"slug":"10","name":"1/0 Pantone","nullable":false,"eco":false},{"slug":"20","name":"2/0 Pantone","nullable":false,"eco":false},{"slug":"30","name":"3/0 Pantone","nullable":false,"eco":false},{"slug":"40","name":"4/0 quadri recto","nullable":false,"eco":false},{"slug":"11","name":"1/1 Pantone","nullable":false,"eco":false},{"slug":"22","name":"2/2 Pantone","nullable":false,"eco":false},{"slug":"33","name":"3/3 Pantone","nullable":false,"eco":false},{"slug":"44","name":"4/4 quadri recto/verso","nullable":false,"eco":false},{"slug":"50_full_color_plus_white","name":"5/0 quadri + blanc","nullable":false,"eco":false},{"slug":"55_full_color_plus_white","name":"5/5 quadri + blanc","nullable":false,"eco":false}]},{"slug":"finish","title":"Pelliculage ou vernis total","locked":false,"options":[{"slug":"geen","name":"Sans","nullable":true,"eco":false},{"slug":"single_sided_gloss_lamination","name":"Pelliculage brillant recto seul","nullable":false,"eco":false},{"slug":"single_sided_matt_lamination","name":"Pelliculage mat recto seul","nullable":false,"eco":false},{"slug":"double_sided_gloss_lamination","name":"Pelliculage brillant recto/verso","nullable":false,"eco":false},{"slug":"double_sided_matt_lamination","name":"Pelliculage mat recto/verso","nullable":false,"eco":false},{"slug":"single_soft_touch_lamination","name":"Pelliculage mat Soft Touch® (aspect velours) recto seul","nullable":false,"eco":false},{"slug":"double_soft_touch_lamination","name":"Pelliculage mat Soft Touch® (aspect velours) recto/verso","nullable":false,"eco":false},{"slug":"single_sided_scratch_resistant_laminate","name":"Pelliculage mat anti-rayures recto seul","nullable":false,"eco":false},{"slug":"double_sided_scratch_resistant_laminate","name":"Pelliculage mat anti-rayures recto/verso","nullable":false,"eco":false},{"slug":"single_sided_linen_lamination","name":"Pelliculage mat aspect lin recto seul","nullable":false,"eco":false},{"slug":"double_sided_linen_lamination","name":"Pelliculage mat aspect lin recto/verso","nullable":false,"eco":false}]},{"slug":"spot_finish","title":"Vernis UV sélectif ou Dorure 3D recto","locked":false,"options":[{"slug":"none","name":"Sans","nullable":true,"eco":false},{"slug":"foil_gold","name":"Dorure or","nullable":false,"eco":false},{"slug":"foil_silver","name":"Dorure argent","nullable":false,"eco":false},{"slug":"foil_rose","name":"Dorure or rosé","nullable":false,"eco":false},{"slug":"foil_copper","name":"Dorure cuivre","nullable":false,"eco":false},{"slug":"foil_glitter","name":"Dorure pailletée","nullable":false,"eco":false},{"slug":"foil_rainbow","name":"Dorure arc-en-ciel","nullable":false,"eco":false},{"slug":"partial_gloss","name":"Vernis UV sélectif","nullable":false,"eco":false},{"slug":"embossed_partial_gloss_40","name":"Vernis sélectif UV brillant épaississant 3D (40 µm)","nullable":false,"eco":false},{"slug":"embossed_partial_gloss_80","name":"Vernis sélectif UV brillant épaississant 3D (80 µm)","nullable":false,"eco":false}]},{"slug":"spot_finish_back","title":"Vernis UV sélectif ou Dorure 3D verso","locked":false,"options":[{"slug":"none","name":"Sans","nullable":true,"eco":false},{"slug":"foil_gold","name":"Dorure or","nullable":false,"eco":false},{"slug":"foil_silver","name":"Dorure argent","nullable":false,"eco":false},{"slug":"foil_rose","name":"Dorure or rosé","nullable":false,"eco":false},{"slug":"foil_copper","name":"Dorure cuivre","nullable":false,"eco":false},{"slug":"foil_glitter","name":"Dorure pailletée","nullable":false,"eco":false},{"slug":"foil_rainbow","name":"Dorure arc-en-ciel","nullable":false,"eco":false},{"slug":"partial_gloss","name":"Vernis UV sélectif","nullable":false,"eco":false},{"slug":"embossed_partial_gloss_40","name":"Vernis sélectif UV brillant épaississant 3D (40 µm)","nullable":false,"eco":false},{"slug":"embossed_partial_gloss_80","name":"Vernis sélectif UV brillant épaississant 3D (80 µm)","nullable":false,"eco":false}]},{"slug":"copies","title":"Quantité","locked":false,"options":[{"slug":25,"nullable":false,"type":"digital"},{"slug":50,"nullable":false,"type":"digital"},{"slug":100,"nullable":false,"type":"digital"},{"slug":250,"nullable":false,"type":"digital"},{"slug":500,"nullable":false,"type":"digital"},{"slug":1000,"nullable":false,"type":"digital"}],"rangeSets":[{"summary":[10,50,100,250],"options":[{"steps":1,"max":100000,"min":0}],"printingmethod":"inkjet"},{"options":[{"max":500,"steps":250,"min":0},{"max":2500,"steps":500,"min":1000},{"max":20000,"steps":1000,"min":4000},{"max":100000,"steps":2500,"min":20000},{"max":300000,"steps":5000,"min":100000}],"summary":[250,500,1000,1500,2000,2500,4000,5000,10000,25000],"printingmethod":"offset"},{"options":[{"max":100000,"steps":1,"min":0}],"summary":[10,50,100,250],"printingmethod":"digital"}]},{"slug":"clean_cut","title":"Coupe au format","locked":true,"options":[{"slug":"yes","name":"Oui","nullable":false,"eco":false},{"slug":"no","name":"Non","nullable":true,"eco":false}]},{"slug":"personalize","title":"Personnalisation unitaire (max. 1 design)","locked":false,"options":[{"slug":"none","name":"Sans","nullable":true,"eco":false},{"slug":"numbering","name":"Numéroter 1 x ","nullable":false,"eco":false},{"slug":"personalize_from_excel","name":"A partir d'un fichier Excel ","nullable":false,"eco":false}]},{"slug":"rounded_corners","title":"Coins arrondis","locked":false,"options":[{"slug":"none","name":"Sans","nullable":true,"eco":false},{"slug":"3,5_mm_radius","name":"3,5 mm de rayon","nullable":false,"eco":false},{"slug":"7_mm_radius","name":"7 mm de rayon","nullable":false,"eco":false}]},{"slug":"drillholes","title":"Perforation (trous)","locked":false,"options":[{"slug":"none","name":"Sans","nullable":true,"eco":false},{"slug":"one_drillhole_3mm","name":"1 x 3 mm","nullable":false,"eco":false},{"slug":"two_drillholes_3mm","name":"2 x 3 mm","nullable":false,"eco":false},{"slug":"one_drillhole_4mm","name":"1 x 4 mm","nullable":false,"eco":false},{"slug":"two_drillholes_4mm","name":"2 x 4 mm","nullable":false,"eco":false},{"slug":"one_drillhole_5mm","name":"1 x 5 mm","nullable":false,"eco":false},{"slug":"two_drillholes_5mm","name":"2 x 5 mm","nullable":false,"eco":false},{"slug":"one_drillhole","name":"1 x 6 mm","nullable":false,"eco":false},{"slug":"two_drillholes","name":"2 x 6 mm","nullable":false,"eco":false}]},{"slug":"variable_creasing_line","title":"Lignes de rainage parallèle (à plat) ","locked":false,"options":[{"slug":"none","name":"Pas de ligne de rainage","nullable":true,"eco":false},{"slug":"1","name":"1 ligne de rainage","nullable":false,"eco":false},{"slug":"2","name":"2 lignes de rainage","nullable":false,"eco":false},{"slug":"3","name":"3 lignes de rainage","nullable":false,"eco":false},{"slug":"4","name":"4 lignes de rainage","nullable":false,"eco":false},{"slug":"5","name":"5 lignes de rainage","nullable":false,"eco":false}]},{"slug":"die_cut","title":"Forme de découpe personnalisée","locked":false,"options":[{"slug":"yes","name":"Oui","nullable":false,"eco":false},{"slug":"no","name":"Non","nullable":true,"eco":false}]},{"slug":"perforation","title":"Micro-perforations parallèle","locked":false,"options":[{"slug":"none","name":"Pas de ligne de perforation","nullable":true,"eco":false},{"slug":"1_perforation_line","name":"1 ligne de perforations","nullable":false,"eco":false}]},{"slug":"bundle","title":"Mis par lots","locked":false,"options":[{"slug":"bundle_per_50","name":"par 50","nullable":false,"eco":false},{"slug":"bundle_per_100","name":"par 100","nullable":false,"eco":false}]},{"slug":"businesscard_creasing","title":"Rainé","locked":true,"options":[{"slug":"yes","name":"Rainer","nullable":false},{"slug":"no","name":"Ne pas rainer","nullable":true}]},{"slug":"urgency","title":"Urgence","locked":false,"options":[{"slug":"quick","name":"Rapide","nullable":false,"eco":false},{"slug":"standard","name":"Standard","nullable":false,"eco":false},{"slug":"urgent","name":"Urgent","nullable":false,"eco":false},{"slug":"moderate","nullable":false,"eco":false,"name":"Moderate"}]},{"slug":"printingmethod","title":"Méthode d'impression","locked":false,"options":[{"slug":"digital","name":"Digital","nullable":false,"eco":false},{"slug":"inkjet","name":"Jet d'encre","description":"varioPRINT iX-serie inkjet","nullable":false,"eco":false},{"slug":"offset","name":"Offset","nullable":false,"eco":false}]},{"slug":"sheet_size","title":"Format fini (Largeur x Hauteur)","locked":false,"options":[{"slug":"indigo_320w_460h","nullable":false},{"slug":"not_defined","name":"non défini","nullable":false,"eco":false}]},{"slug":"folded","title":"A livrer plié","locked":true,"options":[{"slug":"no","name":"Livré plano","description":"Livré plano","nullable":false,"eco":false},{"slug":"yes","name":"Livré plié","description":"Livré plié","nullable":false,"eco":false}]},{"slug":"plano_delivery","title":"Livré à plat","locked":true,"options":[{"slug":"yes","name":"Oui","nullable":false}]}],"maxDesigns":50,"bleed":"1.5","hsCode":"4911109000","isAvailableInUserRegion":true,"hasAccessories":false,"accessoryExcludes":[]}