{"sku":"cross-base-foldable","active":true,"titleSingle":"Pied en croix pliable","titlePlural":"Pieds en croix pliables","createdAt":"2024-02-14T10:50:41.852Z","updatedAt":"2024-02-14T10:50:41.852Z","introductionDate":"2024-02-14T10:50:41.852Z","properties":[{"slug":"summary_image","title":"summary image","locked":false,"options":[{"slug":"cross_base_foldable","nullable":true,"eco":false,"name":"Cross base foldable"}]},{"slug":"size","title":"Format (largeur x hauteur)","locked":false,"options":[{"slug":"opgevouwen_500_x_80_mm","name":"500 x 80 mm plié","nullable":false}]},{"slug":"material","title":"Support","locked":false,"options":[{"slug":"5000gr_stainless_steel","name":"Acier inoxydable","nullable":false,"eco":false}]},{"slug":"weight","title":"Poids","locked":false,"options":[{"slug":"5000_grams","name":"5 kg","nullable":true,"eco":false}]},{"slug":"copies","title":"Quantité","locked":false,"options":[],"rangeSets":[{"options":[{"steps":1,"max":100,"min":1}],"summary":[1,2,3,4,5],"printingmethod":"raw_material"}]},{"slug":"printingmethod","title":"Méthode d'impression","locked":false,"options":[{"slug":"raw_material","name":"Sans impression","nullable":false,"eco":false}]},{"slug":"printtype","title":"Impression","locked":false,"options":[{"slug":"00","name":"Non imprimé","nullable":false,"eco":false}]},{"slug":"accessories_flags","title":"Accessoires pour drapeaux","locked":false,"options":[{"slug":"cross_base_foldable","name":"Pied en croix pliable","nullable":false,"eco":false}]},{"slug":"urgency","title":"Urgence","locked":false,"options":[{"slug":"standard","name":"Standard","nullable":false,"eco":false},{"slug":"moderate","nullable":false,"eco":false,"name":"Moderate"},{"slug":"quick","name":"Rapide","nullable":false,"eco":false},{"slug":"urgent","name":"Urgent","nullable":false,"eco":false}]}],"maxDesigns":1,"bleed":"3","hsCode":"9403891000","isAvailableInUserRegion":true,"hasAccessories":false,"accessoryExcludes":[]}