{"sku":"dibond","active":true,"titleSingle":"Dibond®","titlePlural":"Dibond®","createdAt":"2023-08-21T14:00:51.988Z","updatedAt":"2024-05-03T11:03:32.325Z","properties":[{"slug":"summary_image","title":"summary image","locked":false,"options":[{"slug":"dibond","nullable":true,"eco":false,"name":"Dibond"}]},{"slug":"material","title":"Support","locked":false,"options":[{"slug":"3mm_dibond_budget","name":"Dibond Budget 3 mm","nullable":false,"eco":false},{"slug":"4mm_dibond_budget","name":"Dibond Budget 4 mm","nullable":false,"eco":false},{"slug":"6mm_dibond","name":"Dibond Budget 6 mm","nullable":false,"eco":false},{"slug":"3mm_dibond","name":"Dibond® Premium 3 mm","description":null,"nullable":false,"eco":false},{"slug":"3mm_dibond_buttler_finish","name":"Dibond  3 mm aluminium brossé (horizontal)","nullable":false,"eco":false},{"slug":"3mm_dibond_butler_finish_vertical","name":"Dibond 3 mm aluminium brossé (vertical)","nullable":false,"eco":false}]},{"slug":"custom_shape","title":"Coupe et découpe","locked":false,"options":[{"slug":"clean_cut","name":"Coupe droite","nullable":false,"eco":false},{"slug":"custom_shape_simple","name":"Découpe suivant un contour personnalisé (1 forme simple)","nullable":false,"eco":false},{"slug":"custom_shape_complex","name":"Découpe suivant un contour personnalisé (1 forme complexe)","nullable":false,"eco":false},{"slug":"custom_shape_multiple","name":"Découpe suivant un contour personnalisé (max. 5 formes)","nullable":false,"eco":false}]},{"slug":"finish","title":"Pelliculage ou vernis","locked":false,"options":[{"slug":"none","name":"Sans","nullable":true,"eco":false},{"slug":"lfp_uv_coating_gloss","name":"Vernis UV brillant","nullable":false,"eco":false},{"slug":"lfp_uv_coating_matt","name":"Vernis UV mat","nullable":false,"eco":false},{"slug":"polymeer_gloss_lamination_oraguard_215","name":"Pelliculage polymère brillant - Oraguard® 215","nullable":false,"eco":false},{"slug":"polymeer_matt_lamination_oraguard_215","name":"Pelliculage polymère mat - Oraguard® 215","nullable":false,"eco":false},{"slug":"whiteboard_lamination_prime","name":"Pelliculage tableau blanc polymère transparent brillant","nullable":false,"eco":false}]},{"slug":"size","title":"Format (largeur x hauteur)","locked":false,"options":[{"slug":"100_x_100_cm","name":"100 x 100 cm","nullable":false},{"slug":"custom","nullable":false,"customSizes":{"minHeight":100,"sizeUnit":"CM","minWidth":100,"maxHeight":1460,"dimensionalAccuracy":"MM","maxWidth":3010}}]},{"slug":"copies","title":"Quantité","locked":false,"options":[{"slug":1,"nullable":false,"type":"lfp_uv"},{"slug":2,"nullable":false,"type":"lfp_uv"},{"slug":3,"nullable":false,"type":"lfp_uv"},{"slug":4,"nullable":false,"type":"lfp_uv"},{"slug":5,"nullable":false,"type":"lfp_uv"},{"slug":6,"nullable":false,"type":"lfp_uv"},{"slug":7,"nullable":false,"type":"lfp_uv"},{"slug":8,"nullable":false,"type":"lfp_uv"},{"slug":9,"nullable":false,"type":"lfp_uv"},{"slug":10,"nullable":false,"type":"lfp_uv"}],"rangeSets":[{"summary":[1,2,3,4,5,6,7,8,9,10],"options":[{"max":100000,"steps":1,"min":1}],"printingmethod":"lfp_uv"}]},{"slug":"printtype","title":"Impression","locked":false,"options":[{"slug":"00","name":"Non imprimé","nullable":false,"eco":false},{"slug":"40","name":"4/0 quadri recto","nullable":false,"eco":false},{"slug":"44","name":"4/4 quadri recto/verso","nullable":false,"eco":false},{"slug":"50_200","name":"5/0 quadri + 200% blanc","nullable":false,"eco":false},{"slug":"40_sticker","name":"4/0 full color (sticker to plate)","nullable":false,"eco":false},{"slug":"44_sticker","name":"4/4 full color (sticker to plate)","nullable":false,"eco":false}]},{"slug":"white_print","title":"Impression blanche","locked":false,"options":[{"slug":"none","name":"Sans","nullable":true,"eco":false},{"slug":"full_white","name":"Blanc total  sur toute la surface","nullable":false,"eco":false},{"slug":"selective_white","name":"Blanc sélectif (indiqué par une couleur en ton direct)","nullable":false,"eco":false}]},{"slug":"drillholes","title":"Trous","locked":false,"options":[{"slug":"none","name":"Sans","nullable":true,"eco":false},{"slug":"drillholes_corner_6mm","name":"Dans chaque coin (6 mm)","nullable":false,"eco":false},{"slug":"drillholes_corner_8mm","name":"Dans chaque coin (8 mm)","nullable":false,"eco":false},{"slug":"drillholes_corner_9mm","name":"Dans chaque coin (9 mm)","nullable":false,"eco":false},{"slug":"drillholes_corner_10mm","name":"Dans chaque coin (10 mm)","nullable":false,"eco":false},{"slug":"one_drillhole_custom","name":"1 trou","nullable":false,"eco":false},{"slug":"two_drillholes_custom","name":"2 trous","nullable":false,"eco":false},{"slug":"three_drillholes_custom","name":"3 trous","nullable":false,"eco":false},{"slug":"four_drillholes_custom","name":"4 trous","nullable":false,"eco":false},{"slug":"five_drillholes_custom","name":"5 trous","nullable":false,"eco":false},{"slug":"six_drillholes_custom","name":"6 trous","nullable":false,"eco":false},{"slug":"seven_drillholes_custom","name":"7 trous","nullable":false,"eco":false},{"slug":"eight_drillholes_custom","name":"8 trous","nullable":false,"eco":false},{"slug":"nine_drillholes_custom","name":"9 trous","nullable":false,"eco":false},{"slug":"ten_drillholes_custom","name":"10 trous","nullable":false,"eco":false}]},{"slug":"vcut","title":"V-cut","locked":false,"options":[{"slug":"none","name":"Sans","nullable":true,"eco":false},{"slug":"front","name":"Sur la face avant du panneau","nullable":false,"eco":false},{"slug":"back","name":"Sur la face arrière du panneau","nullable":false,"eco":false}]},{"slug":"printingmethod","title":"Méthode d'impression","locked":false,"options":[{"slug":"lfp_uv","name":"Durst P5 350","description":"Durst P5 350","nullable":false,"eco":false}]},{"slug":"urgency","title":"Urgence","locked":false,"options":[{"slug":"quick","name":"Rapide","nullable":false,"eco":false},{"slug":"standard","name":"Standard","nullable":false,"eco":false},{"slug":"urgent","name":"Urgent","nullable":false,"eco":false},{"slug":"moderate","nullable":false,"eco":false,"name":"Moderate"}]},{"slug":"packaging_extras","title":"Emballage","locked":false,"options":[{"slug":"packaging_plate","name":"packaging_plate","nullable":false,"eco":false}]},{"slug":"accessories","title":"Accessoires","locked":false,"options":[{"slug":"holder_natural_small","name":"Support de carte en bois naturel - 102 x 65 x 28 mm","nullable":false,"eco":false},{"slug":"holder_natural_large","name":"Support de carte en bois naturel - 145 x 65 x 28 mm","nullable":false,"eco":false},{"slug":"holder_black_small","name":"Support de carte en bois peint en noir - 102 x 65 x 28 mm","nullable":false,"eco":false},{"slug":"holder_black_large","name":"Support de carte en bois peint en noir - 145 x 65 x 28 mm","nullable":false,"eco":false}]}],"maxDesigns":50,"bleed":10,"hsCode":"7606110000","isAvailableInUserRegion":true,"hasAccessories":true,"accessoryExcludes":[]}