{"sku":"display-click-frame-tilted","active":true,"titleSingle":"Cadre \"clic-clac\" inclinable sur pied","titlePlural":"Cadres \"clic-clac\" inclinables sur pied","createdAt":"2024-02-14T10:49:41.034Z","updatedAt":"2024-02-14T10:49:41.034Z","introductionDate":"2024-02-14T10:49:41.034Z","properties":[{"slug":"display_type","locked":false,"options":[{"slug":"a4_tilted","name":"A4 (210 x 297 mm) ","nullable":false,"eco":false},{"slug":"a3_tlted","name":"A3 (297 x 420 mm)","nullable":false,"eco":false}],"title":"Type de présentoir"},{"slug":"material","title":"Support","locked":false,"options":[{"slug":"6700gr_anodized_aluminum","name":"Aluminum anodisé","nullable":false,"eco":false}]},{"slug":"display_extra","locked":false,"options":[{"slug":"high_adjustable","name":"Ajustable en hauteur jusqu'à 131 cm","nullable":true,"eco":false}],"title":"Caractéristiques du présentoir"},{"slug":"copies","title":"Quantité","locked":false,"options":[],"rangeSets":[{"options":[{"steps":1,"max":50,"min":1}],"summary":[1,2,3,4,5],"printingmethod":"raw_material"}]},{"slug":"printingmethod","title":"Méthode d'impression","locked":false,"options":[{"slug":"raw_material","name":"Sans impression","nullable":false,"eco":false}]},{"slug":"urgency","title":"Urgence","locked":false,"options":[{"slug":"standard","name":"Standard","nullable":false,"eco":false},{"slug":"urgent","name":"Urgent","nullable":false,"eco":false}]},{"slug":"size","title":"Format (largeur x hauteur)","locked":false,"options":[{"slug":"unprinted","name":"Non imprimé","nullable":false}]},{"slug":"printtype","title":"Impression","locked":false,"options":[{"slug":"00","name":"Non imprimé","nullable":false,"eco":false}]},{"slug":"article_number","title":"Numéro d'article","locked":false,"options":[{"slug":"9060-a3","nullable":false,"eco":false,"name":"9060-a3"},{"slug":"9060-a4","nullable":false,"eco":false,"name":"9060-a4"}]}],"maxDesigns":1,"bleed":0,"hsCode":"7610909000","isAvailableInUserRegion":true,"hasAccessories":false,"accessoryExcludes":[]}