{"sku":"eve-pen","active":true,"titleSingle":"Stylo Triangle","titlePlural":"Stylos Triangle","createdAt":"2023-09-28T09:22:19.072Z","updatedAt":"2024-05-29T08:04:19.504Z","properties":[{"slug":"summary_image","title":"summary image","locked":false,"options":[{"slug":"eve-pen","nullable":true,"eco":false,"name":"eve-pen"}]},{"slug":"size","title":"Format (diamètre x Longueur)","locked":false,"options":[{"slug":"142x12mm_pen","name":"Ø12 x 142 mm","nullable":false}]},{"slug":"printing_size","title":"Format d'impression (largeur x hauteur)","locked":false,"options":[{"slug":"50_x_7_mm","name":"50 x 7 mm","nullable":false,"eco":false}]},{"slug":"material","title":"Support","locked":false,"options":[{"slug":"11gr_plastic","name":"Plastique","nullable":false,"eco":false}]},{"slug":"display_extra","title":"Couleur de l'encre","locked":false,"options":[{"slug":"blue_inkvilling","name":"Bleue","nullable":true,"eco":false}]},{"slug":"weight","title":"Poids","locked":false,"options":[{"slug":"11_gram","name":"11 grammes par pièce","nullable":true,"eco":false}]},{"slug":"packaging_quantity","title":"Quantités d'emballage","locked":false,"options":[{"slug":"packed_per_1000","name":"Par 1000","nullable":true,"eco":false}]},{"slug":"color","title":"Couleurs","locked":false,"options":[{"slug":"red-03","name":"Rouge","nullable":false,"eco":false},{"slug":"blue-02","name":"Bleu","nullable":false,"eco":false},{"slug":"orange-04","name":"Orange","nullable":false,"eco":false},{"slug":"green-06","name":"Vert","nullable":false,"eco":false},{"slug":"pink-08","name":"Rose","nullable":false,"eco":false},{"slug":"yellow-09","name":"Jaune","nullable":false,"eco":false},{"slug":"purple-10","name":"Violet","nullable":false,"eco":false},{"slug":"white-11","name":"Blanc","nullable":false,"eco":false}]},{"slug":"printtype","title":"Impression","locked":false,"options":[{"slug":"00","name":"Non imprimé","nullable":false,"eco":false},{"slug":"40","name":"4/0 quadri recto","nullable":false,"eco":false},{"slug":"44","name":"4/4 quadri recto/verso","nullable":false,"eco":false}]},{"slug":"copies","title":"Quantité","locked":false,"options":[],"rangeSets":[{"summary":[50,100,150,250,500,1000,1250,1500,2000,2500],"options":[{"max":300,"steps":50,"min":50},{"steps":100,"max":1000,"min":300},{"max":5000,"steps":250,"min":1000}],"printingmethod":"digital_uv"},{"options":[{"max":2,"steps":1,"min":1}],"summary":[1],"printingmethod":"sample"}]},{"slug":"article_number","title":"Numéro d'article","locked":false,"options":[{"slug":"60105","nullable":false,"eco":false,"name":"60105"}]},{"slug":"printingmethod","title":"Méthode d'impression","locked":false,"options":[{"slug":"digital_uv","name":"Digital UV","nullable":false,"eco":false},{"slug":"sample","name":"Échantillon non imprimé","nullable":false,"eco":false}]},{"slug":"urgency","title":"Urgence","locked":false,"options":[{"slug":"standard","name":"Standard","nullable":false,"eco":false},{"slug":"quick","name":"Rapide","nullable":false,"eco":false},{"slug":"urgent","name":"Urgent","nullable":false,"eco":false}]},{"slug":"brezo_article","locked":false,"options":[{"slug":"vvp.eve.b038","nullable":false,"eco":false,"name":"VVP.EVE.B038"},{"slug":"vvp.eve.e075","nullable":false,"eco":false,"name":" VVP.EVE.E075"},{"slug":"vvp.eve.f048","nullable":false,"eco":false,"name":"VVP.EVE.F048"},{"slug":"vvp.eve.g098","nullable":false,"eco":false,"name":"VVP.EVE.G098"},{"slug":"vvp.eve.h112","nullable":false,"eco":false,"name":" VVP.EVE.H112"},{"slug":"vvp.eve.i095","nullable":false,"eco":false,"name":" VVP.EVE.I095"},{"slug":"vvp.eve.j296","nullable":false,"eco":false,"name":" VVP.EVE.J296"},{"slug":"vvp.eve.k175","nullable":false,"eco":false,"name":" VVP.EVE.K175"}],"title":"Brezo Article"}],"maxDesigns":1,"bleed":"0","hsCode":"9608101000","isAvailableInUserRegion":true,"hasAccessories":false,"accessoryExcludes":[]}