{"sku":"floor-decal","active":true,"titleSingle":"Film adhésif pour sol","titlePlural":"Films adhésifs pour sol","createdAt":"2023-10-30T09:41:20.759Z","updatedAt":"2024-07-17T13:39:52.869Z","properties":[{"slug":"summary_image","title":"summary image","locked":false,"options":[{"slug":"floor-decal","nullable":true,"eco":false,"name":"floor-decal"}]},{"slug":"material","title":"Support","locked":false,"options":[{"slug":"monomeric_white_matt_ijm715","name":"Monomère blanc mat avec anti-dérapant R10 - IJM715","nullable":false,"eco":false},{"slug":"polymeer_white_matt_gf285_roughmark","nullable":false,"eco":false,"name":"Polymère blanc mat - Roughmark™ 285"},{"slug":"monomeer_white_gloss_orajet_3162","name":"Monomère blanc brillant - Orajet® 3162","nullable":false,"eco":false},{"slug":"polymeer_white_gloss_orajet_3551g","name":"Polymère blanc brillant - Orajet®  3551","nullable":false,"eco":false},{"slug":"cast_white_gloss_3m_3662-10","name":"Vinyle sol coulé blanc brillant - 3M™  Scotchcal ™ 3662","nullable":false,"eco":false}]},{"slug":"finish","title":"Pelliculage","locked":false,"options":[{"slug":"geen","name":"Sans","nullable":true,"eco":false},{"slug":"floor_lamination_monomeer_anti_skid_oraguard_250as_120_mic","name":"Pelliculage sol monomère mat 120 µm R10 - Oraguard 250AS","nullable":false,"eco":false},{"slug":"floor_lamination_monomeer_anti_skid_oraguard_255as_170_mic","name":"Pelliculage sol monomère mat 170 µm R10 - Oraguard 255AS","nullable":false,"eco":false},{"slug":"floor_lamination_pvc_free_gf_213","nullable":false,"eco":true,"name":"Lamination pour sol sans PVC - GF 213 Traffic Graffic"},{"slug":"luster_cast_mat_laminate_3m_3645","name":"Pelliculage coulé mat pour sol 200 µm R9 - 3M scotchcal 3645","nullable":false,"eco":false},{"slug":"pavement_cast_mat_laminate_3m_3647","name":"Pelliculage sol coulé blanc mat 500 µm - 3M Scotchcal 3647","nullable":false,"eco":false}]},{"slug":"size","title":"Format (largeur x hauteur)","locked":false,"options":[{"slug":"30_x_20_cm","name":"30 x 20 cm","nullable":false},{"slug":"40_x_30_cm","name":"40 x 30 cm","nullable":false},{"slug":"60_x_40_cm","name":"60 x 40 cm","nullable":false},{"slug":"90_x_60_cm","name":"90 x 60 cm","nullable":false},{"slug":"100_x_100_cm","name":"100 x 100 cm","nullable":false},{"slug":"custom","nullable":false,"customSizes":{"minHeight":50,"sizeUnit":"CM","minWidth":50,"maxHeight":7500,"dimensionalAccuracy":"MM","maxWidth":1480}}]},{"slug":"copies","title":"Quantité","locked":false,"options":[{"slug":1,"nullable":false,"type":"lfp_latex_160"},{"slug":2,"nullable":false,"type":"lfp_latex_160"},{"slug":3,"nullable":false,"type":"lfp_latex_160"},{"slug":4,"nullable":false,"type":"lfp_latex_160"},{"slug":5,"nullable":false,"type":"lfp_latex_160"},{"slug":10,"nullable":false,"type":"lfp_latex_160"}],"rangeSets":[{"options":[{"max":10000,"steps":1,"min":1}],"summary":[1,2,3,4,5,10],"printingmethod":"lfp_latex_160"}]},{"slug":"designs","title":"versions","locked":false,"options":[]},{"slug":"printtype","title":"Impression","locked":false,"options":[{"slug":"00","name":"Non imprimé","nullable":false,"eco":false},{"slug":"40","name":"4/0 quadri recto","nullable":false,"eco":false}]},{"slug":"custom_shape","title":"Coupe ou découpe","locked":false,"options":[{"slug":"clean_cut_stickers","name":"Coupe droite","nullable":false,"eco":false},{"slug":"custom_shape_die_cut","name":"Découpe à la forme","nullable":false,"eco":false}]},{"slug":"printingmethod","title":"Méthode d'impression","locked":false,"options":[{"slug":"lfp_latex_160","name":"HP Latex 800","description":"HP Latex 800","nullable":false,"eco":false}]},{"slug":"urgency","title":"Urgence","locked":false,"options":[{"slug":"standard","name":"Standard","nullable":false,"eco":false},{"slug":"quick","name":"Rapide","nullable":false,"eco":false},{"slug":"urgent","name":"Urgent","nullable":false,"eco":false},{"slug":"moderate","nullable":false,"eco":false,"name":"Moderate"}]},{"slug":"packaging_extras","title":"Emballage","locked":false,"options":[{"slug":"packaging_vinyl","name":"packaging_vinyl","nullable":false,"eco":false}]}],"maxDesigns":50,"bleed":10,"hsCode":"4911100000","isAvailableInUserRegion":true,"hasAccessories":true,"accessoryExcludes":[]}