{"sku":"flyers","active":true,"titleSingle":"Flyer","titlePlural":"Flyers","createdAt":"2023-08-21T14:09:27.080Z","updatedAt":"2024-10-07T12:12:13.958Z","properties":[{"slug":"size","title":"Format ouvert (largeur x hauteur)","locked":false,"options":[{"slug":"a2","name":"A2 - 420 x 594 mm","nullable":false},{"slug":"a3","name":"A3 - 297 x 420 mm","nullable":false},{"slug":"a3_landscape","name":"A3 paysage - 420 x 297 mm","nullable":false},{"slug":"a4","name":"A4 - 210 x 297 mm","nullable":false},{"slug":"a4_landscape","name":"A4 paysage - 297 x 210 mm","nullable":false},{"slug":"a5","name":"A5 - 148 x 210 mm","nullable":false},{"slug":"a5_landscape","name":"A5 paysage - 210 x 148 mm","nullable":false},{"slug":"a6","name":"A6 - 105 x 148 mm","nullable":false},{"slug":"a6_landscape","name":"A6 paysage - 148 x 105 mm","nullable":false},{"slug":"a7","name":"A7 - 74 x 105 mm","nullable":false},{"slug":"a7_landscape","name":"A7 paysage - 105 x 74 mm","nullable":false},{"slug":"a4_large","name":"A4 large - 148 x 420 mm","nullable":false},{"slug":"a5_large","name":"A5 large - 105 x 297 mm","nullable":false},{"slug":"a5_large_landscape","name":"A5 large paysage - 297 x 105 mm","nullable":false},{"slug":"a6_large","name":"A6 large - 74 x 210 mm","nullable":false},{"slug":"a6_large_landscape","name":"A6 large paysage - 210 x 74 mm","nullable":false},{"slug":"a7_large","name":"A7 large - 52 x 148 mm","nullable":false},{"slug":"a7_large_landscape","name":"A7 large paysage - 148 x 52 mm","nullable":false},{"slug":"a3_vierkant","name":"Carré XL - 297 x 297 mm","nullable":false},{"slug":"carre_l","name":"Carré L - 210 x 210 mm","nullable":false},{"slug":"carre_m","name":"Carré M - 148 x 148 mm","nullable":false},{"slug":"carre_card","name":"Carte carrée - 135 x 135 mm ","nullable":false},{"slug":"carre_s","name":"Carré S - 105 x 105 mm","nullable":false},{"slug":"carre_xs","name":"Carré XS - 98 x 98 mm","nullable":false},{"slug":"card_medium","name":"Carte M - 120 x 170 mm ","nullable":false},{"slug":"card_small","name":"Carte S - 80 x 130 mm","nullable":false},{"slug":"ringband","name":"Classeur à anneaux - 51 x 298 mm","nullable":false},{"slug":"ringband_small","name":"Classeur à anneaux S - 61 x 192 mm","nullable":false},{"slug":"ringband_xsmall","name":"Classeur à anneaux XS - 38 x 192 mm","nullable":false},{"slug":"1/3_a3","name":"1/3 A3 - 140 x 297 mm","nullable":false},{"slug":"1/3_a4","name":"1/3 A4 -  99 x 210 mm","nullable":false},{"slug":"1/3_a5","name":"1/3 A5 - 70 x 148 mm","nullable":false},{"slug":"din_large","name":"Din large - 98 x 210 mm","nullable":false},{"slug":"din_large_landscape","name":"Din large paysage - 210 x 98 mm","nullable":false},{"slug":"din_large_plus","name":"Din large+ - 99 x 210 mm","nullable":false},{"slug":"din_large_plus_landscape","name":"Din large+ paysage - 210 x 99 mm","nullable":false},{"slug":"us_large","name":"US large - 105 x 210 mm","nullable":false},{"slug":"us_large_landscape","name":"US large paysage - 210 x 105 mm","nullable":false},{"slug":"custom","nullable":false,"customSizes":{"minHeight":40,"minWidth":40,"maxHeight":700,"maxWidth":930}},{"slug":"300_x_400_mm","name":"300 x 400 mm","nullable":false}]},{"slug":"material","title":"Support","locked":false,"options":[{"slug":"90gr_hv_bankpost","name":"Bankpost offset  non couché 90 g/m²","nullable":false,"eco":false},{"slug":"100gr_hv_bankpost","name":"Bankpost offset blanc non couché 100 g/m²","nullable":false,"eco":false},{"slug":"115gr_gesatineerd_mc","name":"Couché brillant 115 g/m²","nullable":false,"eco":false},{"slug":"135gr_gesatineerd_mc","name":"Couché brillant 135 g/m²","nullable":false,"eco":false},{"slug":"170gr_gesatineerd_mc","name":"Couché brillant 170 g/m²","nullable":false,"eco":false},{"slug":"250gr_gesatineerd_mc","name":"Couché brillant 250 g/m²","nullable":false,"eco":false},{"slug":"300gr_gesatineerd_mc","name":"Couché brillant 300 g/m²","nullable":false,"eco":false},{"slug":"350gr_gesatineerd_mc","name":"Couché brillant 350 g/m²","nullable":false,"eco":false},{"slug":"400gr_gesatineerd_mc","name":"Couché brillant 400 g/m²","nullable":false,"eco":false},{"slug":"115gr_silk_mc","name":"Couché demi-mat (silk) 115 g/m²","nullable":false,"eco":false},{"slug":"135gr_silk_mc","name":"Couché demi-mat (silk) 135 g/m²","nullable":false,"eco":false},{"slug":"170gr_silk_mc","name":"Couché demi-mat (silk) 170 g/m²","nullable":false,"eco":false},{"slug":"250gr_silk_mc","name":"Couché demi-mat (silk) 250 g/m²","nullable":false,"eco":false},{"slug":"300gr_silk_mc","name":"Couché demi-mat (silk) 300 g/m²","nullable":false,"eco":false},{"slug":"350gr_silk_mc","name":"Couché demi-mat (silk) 350 g/m²","nullable":false,"eco":false},{"slug":"400gr_silk_mc","name":"Couché demi-mat (silk) 400 g/m²","nullable":false,"eco":false},{"slug":"90gr_recystar_nature","name":"Recystar® Nature 90 g/m²","nullable":false,"eco":true},{"slug":"120gr_recystar_nature","name":"Recystar Nature 120 g/m²","nullable":false,"eco":true},{"slug":"170gr_recystar_nature","name":"Recystar® Nature 170 g/m²","nullable":false,"eco":true},{"slug":"300gr_recystar_nature","name":"Recystar® Nature 300 g/m²","nullable":false,"eco":true},{"slug":"90gr_biotop","name":"Bio Top 3® naturel 90 g/m²","nullable":false,"eco":true},{"slug":"120gr_biotop","name":"Bio Top 3® naturel 120 g/m²","nullable":false,"eco":true},{"slug":"160gr_biotop","name":"Bio Top 3® naturel 160 g/m²","nullable":false,"eco":true},{"slug":"250gr_biotop","name":"Bio Top 3® naturel 250 g/m²","nullable":false,"eco":true},{"slug":"300gr_biotop","name":"Bio Top 3® naturel 300 g/m²","nullable":false,"eco":true},{"slug":"90gr_hvo","name":"Offset non couché 90 g/m²","nullable":false,"eco":false},{"slug":"120gr_hvo","name":"Offset non couché 120 g/m²","nullable":false,"eco":false},{"slug":"170gr_hvo","name":"Offset  non couché 170 g/m²","nullable":false,"eco":false},{"slug":"250gr_hvo","name":"Offset non couché 250 g/m²","nullable":false,"eco":false},{"slug":"300gr_hvo","name":"Offset non couché 300 g/m²","nullable":false,"eco":false},{"slug":"350gr_hvo","name":"Offset non couché 350 g/m²","nullable":false,"eco":false},{"slug":"300gr_hvo_nk","name":"Carton naturel offset non couché 300 g/m²","nullable":false,"eco":false},{"slug":"350gr_hvo_nk","name":"Carton naturel offset non couché 350 g/m²","nullable":false,"eco":false},{"slug":"400gr_hvo_nk","name":"Carton naturel offset non couhcé 400 g/m²","nullable":false,"eco":false},{"slug":"300gr_sbs_symbol_card","name":"Symbol card 300 g/m², couché 1 face","nullable":false,"eco":false},{"slug":"350gr_sbs_invercote","name":"350 g/m² Invercote® G - couché 1 face","nullable":false,"eco":false},{"slug":"350gr_sbd_invercote","name":"Carte Invercote® 350 g/m², couché 2 faces","nullable":false,"eco":false},{"slug":"300gr_sbs","name":"Carte Multicard® 300 g/m², couché 1 face","nullable":false,"eco":false},{"slug":"350gr_sbs","name":"Carte Multicard® 350 g/m², couché 1 face","nullable":false,"eco":false},{"slug":"400gr_sbd","name":"Carte MultiCard® 400 g/m², couché 2 faces","nullable":false,"eco":false},{"slug":"110gr_cromatico","name":"Papier  calque 110 g/m² (semi-transparent)","nullable":false,"eco":false},{"slug":"150gr_cromatico","name":"Papier calque 150 g/m² (semi-transparent)","nullable":false,"eco":false},{"slug":"200gr_cromatico","name":"Papier calque 200 g/m² (semi-transparent)","nullable":false,"eco":false},{"slug":"280gr_linnen","name":"Constellation Snow 280 g/m² ","nullable":false,"eco":false},{"slug":"250gr_tintoretto_gesso","name":"Tintoretto Gesso 250 g/m² (martelé)","nullable":false,"eco":false},{"slug":"300gr_tintoretto_gesso","name":"Tintoretto Gesso 300 g/m² (martelé)","nullable":false,"eco":false},{"slug":"350gr_metallic_white","name":"Sirio Pearl Blanc 350 g/m²","nullable":false,"eco":false},{"slug":"300gr_metallic_white","name":"Sirio Pearl Blanc 300 g/m²","nullable":false,"eco":false},{"slug":"300gr_metallic_pearl","name":"Sirio Pearl Polaire 300 g/m²","nullable":false,"eco":false},{"slug":"300gr_metallic_gold","name":"Sirio Pearl Or 300 g/m²","nullable":false,"eco":false},{"slug":"300gr_metallic_silver","name":"Sirio Pearl Argent 300 g/m²","nullable":false,"eco":false},{"slug":"290gr_sirio_color_nero","name":"Sirio Color Nero 290 g/m²","nullable":false,"eco":false},{"slug":"90gr_paperwise_earth_pact_natural","name":"Paperwise® Earth Pact Natural 90 g/m²","nullable":false,"eco":true},{"slug":"150gr_paperwise_earth_pact_natural","name":"Paperwise® Earth Pact Natural 150 g/m²","nullable":false,"eco":true},{"slug":"295gr_paperwise_earth_pact_natural","name":"Paperwise® Earth Pact Natural 295 g/m²","nullable":false,"eco":true},{"slug":"80gr_recyclingpaper_rebello_or_vivus_89","name":"Rebello 80 g/m², 100% recyclé","nullable":false,"eco":true},{"slug":"90gr_recyclingpaper_rebello_or_vivus_89","name":"Rebello 90 g/m², 100% recyclé","nullable":false,"eco":true},{"slug":"135gr_recyclingpaper_rebello_or_vivus_89","name":"Rebello 135 g/m², 100% recyclé","nullable":false,"eco":true},{"slug":"170gr_recyclingpaper_rebello_or_vivus_89","name":"Rebello 170 g/m², 100% recyclé","nullable":false,"eco":true},{"slug":"300gr_recyclingpaper_rebello_or_vivus_89","name":"Rebello 300 g/m², 100% recyclé","nullable":false,"eco":true},{"slug":"90gr_recystar","name":"BalancePure® 90 g/m²","nullable":false,"eco":true},{"slug":"120gr_recystar","name":"BalancePure® 120 g/m²","nullable":false,"eco":true},{"slug":"170gr_recystar","name":"BalancePure® 170 g/m²","nullable":false,"eco":true},{"slug":"300gr_recystar","name":"BalancePure® 300 g/m²","nullable":false,"eco":true},{"slug":"290gr_kraft_muskat","name":"Kraft Muskat Brown 290 g/m²","nullable":false,"eco":true},{"slug":"300gr_conqueror_vergé_(crème)_high_white","name":"Conqueror vergé naturel 300 g/m², blanc","nullable":false,"eco":false},{"slug":"300gr_king_board_white","name":"300 g/m² King board","nullable":false,"eco":false},{"slug":"300gr_cotton_max_white","name":"Gmund Cotton 300 g/m² - Max White","nullable":false,"eco":false},{"slug":"300gr_cotton_linen_cream","name":"Gmund Cotton 300 g/m² - Linen Cream","nullable":false,"eco":false},{"slug":"300gr_cotton_new_grey","name":"Gmund Cotton 300 g/m² - New Grey","nullable":false,"eco":false},{"slug":"300gr_cotton_gentlemen_blue","name":"Gmund Cotton 300 g/m² - Gentlemen Blue","nullable":false,"eco":false},{"slug":"170gr_synaps","name":"Synapse® 170 g/m² - résistant à l'eau et aux déchirures","nullable":false,"eco":false},{"slug":"300gr_synaps","name":"Synapse® 300 g/m² - résistant à l'eau et aux déchirures","nullable":false,"eco":false},{"slug":"158gr_yupo_blue","name":"YUPOBlue® 158 g/m² - résistant à l'eau et aux déchirures","nullable":false,"eco":false},{"slug":"200gr_yupo_blue","name":"YUPOBlue® 200 g/m² - résistant à l'eau et aux déchirures","nullable":false,"eco":false},{"slug":"234gr_yupo_blue","name":"YUPOBlue® 234 g/m² - résistant à l'eau et aux déchirures","nullable":false,"eco":false},{"slug":"276gr_yupo_blue","name":"YUPOBlue® 276 g/m² - résistant à l'eau et aux déchirures","nullable":false,"eco":false},{"slug":"319gr_yupo_blue","name":"YUPOBlue® 319 g/m² - résistant à l'eau et aux déchirures","nullable":false,"eco":false},{"slug":"115gr_teslin","nullable":false,"eco":false,"name":"Teslin® 115 g/m² - résistant à l'eau et aux déchirures"},{"slug":"167gr_teslin","nullable":false,"eco":false,"name":"Teslin® 167 g/m² - résistant à l'eau et aux déchirures"},{"slug":"243gr_teslin","nullable":false,"eco":false,"name":"Teslin® 243 g/m² - résistant à l'eau et aux déchirures"}]},{"slug":"printtype","title":"Impression","locked":false,"options":[{"slug":"40","name":"4/0 quadri recto","nullable":false,"eco":false},{"slug":"44","name":"4/4 quadri recto/verso","nullable":false,"eco":false},{"slug":"50_full_color_plus_white","name":"5/0 quadri + blanc","nullable":false,"eco":false},{"slug":"55_full_color_plus_white","name":"5/5 quadri + blanc","nullable":false,"eco":false}]},{"slug":"finish","title":"Pelliculage","locked":false,"options":[{"slug":"geen","name":"Sans","nullable":true,"eco":false},{"slug":"single_sided_gloss_lamination","name":"Pelliculage brillant recto seul","nullable":false,"eco":false},{"slug":"single_sided_matt_lamination","name":"Pelliculage mat recto seul","nullable":false,"eco":false},{"slug":"double_sided_gloss_lamination","name":"Pelliculage brillant recto/verso","nullable":false,"eco":false},{"slug":"double_sided_matt_lamination","name":"Pelliculage mat recto/verso","nullable":false,"eco":false},{"slug":"single_soft_touch_lamination","name":"Pelliculage mat Soft Touch® (aspect velours) recto seul","nullable":false,"eco":false},{"slug":"double_soft_touch_lamination","name":"Pelliculage mat Soft Touch® (aspect velours) recto/verso","nullable":false,"eco":false},{"slug":"single_sided_scratch_resistant_laminate","name":"Pelliculage mat anti-rayures recto seul","nullable":false,"eco":false},{"slug":"double_sided_scratch_resistant_laminate","name":"Pelliculage mat anti-rayures recto/verso","nullable":false,"eco":false},{"slug":"single_sided_linen_lamination","name":"Pelliculage mat aspect lin recto seul","nullable":false,"eco":false},{"slug":"double_sided_linen_lamination","name":"Pelliculage mat aspect lin recto/verso","nullable":false,"eco":false}]},{"slug":"spot_finish","title":"Vernis UV sélectif ou Dorure 3D recto","locked":false,"options":[{"slug":"none","name":"Sans","nullable":true,"eco":false},{"slug":"foil_gold","name":"Dorure or","nullable":false,"eco":false},{"slug":"foil_silver","name":"Dorure argent","nullable":false,"eco":false},{"slug":"foil_rose","name":"Dorure or rosé","nullable":false,"eco":false},{"slug":"foil_copper","name":"Dorure cuivre","nullable":false,"eco":false},{"slug":"foil_glitter","name":"Dorure pailletée","nullable":false,"eco":false},{"slug":"foil_rainbow","name":"Dorure arc-en-ciel","nullable":false,"eco":false},{"slug":"embossed_partial_gloss_40","name":"Vernis sélectif UV brillant épaississant 3D (40 µm)","nullable":false,"eco":false},{"slug":"embossed_partial_gloss_80","name":"Vernis sélectif UV brillant épaississant 3D (80 µm)","nullable":false,"eco":false}]},{"slug":"spot_finish_back","title":"Vernis UV sélectif ou Dorure 3D verso","locked":false,"options":[{"slug":"none","name":"Sans","nullable":true,"eco":false},{"slug":"foil_gold","name":"Dorure or","nullable":false,"eco":false},{"slug":"foil_silver","name":"Dorure argent","nullable":false,"eco":false},{"slug":"foil_rose","name":"Dorure or rosé","nullable":false,"eco":false},{"slug":"foil_copper","name":"Dorure cuivre","nullable":false,"eco":false},{"slug":"foil_glitter","name":"Dorure pailletée","nullable":false,"eco":false},{"slug":"foil_rainbow","name":"Dorure arc-en-ciel","nullable":false,"eco":false},{"slug":"embossed_partial_gloss_40","name":"Vernis sélectif UV brillant épaississant 3D (40 µm)","nullable":false,"eco":false},{"slug":"embossed_partial_gloss_80","name":"Vernis sélectif UV brillant épaississant 3D (80 µm)","nullable":false,"eco":false}]},{"slug":"copies","title":"Quantité","locked":false,"options":[{"slug":10,"nullable":false,"type":"digital"},{"slug":50,"nullable":false,"type":"digital"},{"slug":100,"nullable":false,"type":"digital"},{"slug":250,"nullable":false,"type":"digital"}],"rangeSets":[{"options":[{"max":100000,"steps":1,"min":0}],"summary":[10,50,100,250],"printingmethod":"inkjet"},{"options":[{"max":3000,"steps":500,"min":500},{"max":5000,"steps":1000,"min":4000},{"max":10000,"steps":2500,"min":5000},{"max":80000,"steps":5000,"min":10000},{"max":505000,"steps":5000,"min":80000}],"summary":[500,1000,1500,2000,2500,4000,5000,7500,10000,15000,20000,25000],"printingmethod":"offset"},{"options":[{"max":100000,"steps":1,"min":0}],"summary":[10,50,100,250],"printingmethod":"digital"}]},{"slug":"clean_cut","title":"Coupe au format","locked":true,"options":[{"slug":"no","name":"Non","nullable":true,"eco":false},{"slug":"yes","name":"Oui","nullable":false,"eco":false}]},{"slug":"variable_creasing_line","title":"Lignes de rainage parallèle","locked":false,"options":[{"slug":"none","name":"Pas de ligne de rainage","nullable":true,"eco":false},{"slug":"1","name":"1 ligne de rainage","nullable":false,"eco":false},{"slug":"2","name":"2 lignes de rainage","nullable":false,"eco":false},{"slug":"3","name":"3 lignes de rainage","nullable":false,"eco":false},{"slug":"4","name":"4 lignes de rainage","nullable":false,"eco":false},{"slug":"5","name":"5 lignes de rainage","nullable":false,"eco":false}]},{"slug":"perforation","title":"Micro-perforations parallèle","locked":false,"options":[{"slug":"none","name":"Pas de ligne de perforation","nullable":true,"eco":false},{"slug":"1_perforation_line","name":"1 ligne de perforations","nullable":false,"eco":false},{"slug":"2_perforation_lines","name":"2 lignes de perforations","nullable":false,"eco":false},{"slug":"3_perforation_lines","name":"3 lignes perforations","nullable":false,"eco":false},{"slug":"4_perforation_lines","name":"4 lignes perforations","nullable":false,"eco":false}]},{"slug":"personalize","title":"Personnalisation unitaire (max. 1 design)","locked":false,"options":[{"slug":"none","name":"Sans","nullable":true,"eco":false},{"slug":"numbering","name":"Numéroter 1 x ","nullable":false,"eco":false},{"slug":"personalize_from_excel","name":"A partir d'un fichier Excel ","nullable":false,"eco":false}]},{"slug":"die_cut","title":"Forme de découpe personnalisée","locked":false,"options":[{"slug":"no","name":"Non","nullable":true,"eco":false},{"slug":"yes","name":"Oui","nullable":false,"eco":false}]},{"slug":"drillholes","title":"Perforations (trous)","locked":false,"options":[{"slug":"none","name":"Sans","nullable":true,"eco":false},{"slug":"one_drillhole_3mm","name":"1 x 3 mm","nullable":false,"eco":false},{"slug":"two_drillholes_3mm","name":"2 x 3 mm","nullable":false,"eco":false},{"slug":"three_drillholes_3mm","name":"3 x 3 mm","nullable":false,"eco":false},{"slug":"four_drillholes_3mm","name":"4 x 3 mm","nullable":false,"eco":false},{"slug":"one_drillhole_4mm","name":"1 x 4 mm","nullable":false,"eco":false},{"slug":"two_drillholes_4mm","name":"2 x 4 mm","nullable":false,"eco":false},{"slug":"one_drillhole_5mm","name":"1 x 5 mm","nullable":false,"eco":false},{"slug":"two_drillholes_5mm","name":"2 x 5 mm","nullable":false,"eco":false},{"slug":"one_drillhole","name":"1 x 6 mm","nullable":false,"eco":false},{"slug":"two_drillholes","name":"2 x 6 mm","nullable":false,"eco":false},{"slug":"three_drillholes","name":"3 x 6 mm","nullable":false,"eco":false},{"slug":"four_drillholes","name":"4 x 6 mm","nullable":false,"eco":false},{"slug":"one_drillhole_8mm","name":"1 x 8 mm","nullable":false,"eco":false},{"slug":"two_drillhole_8mm","name":"2 x 8 mm","nullable":false,"eco":false},{"slug":"three_drillhole_8mm","name":"3 x 8 mm","nullable":false,"eco":false},{"slug":"four_drillhole_8mm","name":"4 x 8 mm","nullable":false,"eco":false},{"slug":"one_drillhole_9mm","name":"1 x 9 mm","nullable":false,"eco":false},{"slug":"two_drillholes_9mm","name":"2 x 9 mm","nullable":false,"eco":false},{"slug":"three_drillholes_9mm","name":"3 x 9 mm","nullable":false,"eco":false},{"slug":"four_drillholes_9mm","name":"4 x 9 mm","nullable":false,"eco":false},{"slug":"one_drillhole_10mm","name":"1 x 10 mm","nullable":false,"eco":false},{"slug":"two_drillholes_10mm","name":"2 x 10 mm","nullable":false,"eco":false},{"slug":"three_drillholes_10mm","name":"3 x 10 mm","nullable":false,"eco":false},{"slug":"four_drillholes_10mm","name":"4 x 10 mm","nullable":false,"eco":false}]},{"slug":"rounded_corners","title":"Coins arrondis","locked":false,"options":[{"slug":"none","name":"Sans","nullable":true,"eco":false},{"slug":"3,5_mm_radius","name":"3,5 mm de rayon","nullable":false,"eco":false},{"slug":"7_mm_radius","name":"7 mm de rayon","nullable":false,"eco":false}]},{"slug":"delivery","title":"Poids maximum des colis (voir 'Frais de transport')","locked":false,"options":[{"slug":"box_max_weight_15_kg","name":"15 kg par boîte","nullable":false,"eco":false},{"slug":"box_max_weight_25_kg","name":"25 kg par boîte","nullable":true,"eco":false},{"slug":"luxury_poster_packaging","name":"Enroulé sur tube, puis dans du papier et en boîte","nullable":false,"eco":false}]},{"slug":"pallet_delivery","title":"Livraison sur palette","locked":false,"options":[{"slug":"none","name":"sans","nullable":true},{"slug":"bundle_random_no_boxes","name":"Conditionnement sous liens croisés (sans comptage), puis mise sur palette","nullable":false},{"slug":"bundle_250_no_boxes","name":"Conditionnement par 250 sous liens croisés, puis mise sur palette","nullable":false},{"slug":"bundle_250_boxes","name":"Conditionnement par 250 sous liens croisés, puis mise en boîtes","nullable":false},{"slug":"bundle_500_no_boxes","name":"Conditionnement par 500 sous liens croisés, puis mise sur palette","nullable":false},{"slug":"bundle_500_boxes","name":"Conditionnement par 500 sous liens croisés, puis mise en boîtes","nullable":false}]},{"slug":"sealed","title":"Lots sous film","locked":false,"options":[{"slug":"none","name":"Ne pas sceller","nullable":true,"eco":false},{"slug":"25","name":"par 25","nullable":false,"eco":false},{"slug":"50","name":"par 50","nullable":false,"eco":false},{"slug":"100","name":"par 100","nullable":false,"eco":false},{"slug":"250","name":"par 250","nullable":false,"eco":false},{"slug":"500","name":"par 500","nullable":false,"eco":false}]},{"slug":"bundle","title":"Lots sous bandelette kraft","locked":false,"options":[{"slug":"bundle_per_25","name":"par 25","nullable":false,"eco":false},{"slug":"bundle_per_50","name":"par 50","nullable":false,"eco":false},{"slug":"bundle_per_100","name":"par 100","nullable":false,"eco":false},{"slug":"bundle_per_250","name":"par 250","nullable":false,"eco":false},{"slug":"bundle_per_500","name":"par 500","nullable":false,"eco":false}]},{"slug":"urgency","title":"Urgence","locked":false,"options":[{"slug":"quick","name":"Rapide","nullable":false,"eco":false},{"slug":"standard","name":"Standard","nullable":false,"eco":false},{"slug":"urgent","name":"Urgent","nullable":false,"eco":false},{"slug":"moderate","nullable":false,"eco":false,"name":"Moderate"}]},{"slug":"specific_customer_options","locked":false,"options":[{"slug":"ferket_b2_packaging","name":"Emballez les affiches individuellement dans une chemise en carton ondulé, scotchez-les tout autour et collez une étiquette.","nullable":false}],"title":"Specific customer options"},{"slug":"standard_bundle","title":"Empaqueter","locked":false,"options":[{"slug":"yes","name":"Mettre en lots","nullable":false},{"slug":"no","name":"No","nullable":true}]},{"slug":"cross_bundle","title":"Conditionnement sous liens croisés","locked":false,"options":[{"slug":"yes","name":"Conditionnement en lots sous liens croisés","nullable":false},{"slug":"no","name":"non","nullable":true}]},{"slug":"sheet_size","title":"Format fini (Largeur x Hauteur)","locked":false,"options":[{"slug":"small_indigo_sheet","name":"petite feuille d'indigo","nullable":false,"eco":false},{"slug":"large_indigo_sheet","name":"grande feuille d'indigo","nullable":false,"eco":false},{"slug":"not_defined","name":"non défini","nullable":false,"eco":false}]},{"slug":"printingmethod","title":"Méthode d'impression","locked":false,"options":[{"slug":"digital","name":"Digital","nullable":false,"eco":false},{"slug":"inkjet","name":"Jet d'encre","description":"varioPRINT iX-serie inkjet","nullable":false,"eco":false},{"slug":"offset","name":"Offset","nullable":false,"eco":false}]},{"slug":"box_delivery","locked":false,"options":[{"slug":"15","nullable":false,"eco":false,"name":"15"}],"title":"box_delivery"}],"maxDesigns":50,"bleed":1.5,"hsCode":"4911109000","isAvailableInUserRegion":true,"hasAccessories":false,"accessoryExcludes":[]}