{"sku":"folders","active":true,"titleSingle":"Dépliant","titlePlural":"Dépliants","createdAt":"2023-08-22T13:18:43.558Z","updatedAt":"2024-10-07T08:12:33.773Z","properties":[{"slug":"fold","title":"Mode de pliage","locked":false,"options":[{"slug":"single_4","name":"Pli simple, à gauche","nullable":false,"eco":false},{"slug":"singlehorizontal_4","name":"Plis simple, en haut","nullable":false,"eco":false},{"slug":"wikkel_6","name":"Pli roulé - 6 pages","nullable":false,"eco":false},{"slug":"zigzag_6","name":"Pli accordéon - 6 faces","nullable":false,"eco":false},{"slug":"luik_6","name":"Pli fenêtre - 6 pages","nullable":false,"eco":false},{"slug":"wikkel_8","name":"Pli roulé - 8 pages","nullable":false,"eco":false},{"slug":"zigzag_8","name":"Pli accordéon - 8 pages","nullable":false,"eco":false},{"slug":"cross_8","name":"Pli croisé - 8 pages","nullable":false,"eco":false},{"slug":"luik_8","name":"Pli portefeuille - 8 pages","nullable":false,"eco":false},{"slug":"wikkel_10","name":"Pli roulé - 10 pages","nullable":false,"eco":false},{"slug":"zigzag_10","name":"Pli accordéon - 10 pages","nullable":false,"eco":false}]},{"slug":"size","title":"Format fermé (largeur x hauteur)","locked":false,"options":[{"slug":"a3","name":"A3 - 297 x 420 mm","nullable":false},{"slug":"a4","name":"A4 - 210 x 297 mm","nullable":false},{"slug":"a4_landscape","name":"A4 paysage - 297 x 210 mm","nullable":false},{"slug":"a5","name":"A5 - 148 x 210 mm","nullable":false},{"slug":"a5_landscape","name":"A5 paysage - 210 x 148 mm","nullable":false},{"slug":"a6","name":"A6 - 105 x 148 mm","nullable":false},{"slug":"a6_landscape","name":"A6 paysage - 148 x 105 mm","nullable":false},{"slug":"a7","name":"A7 - 74 x 105 mm","nullable":false},{"slug":"din_large_plus","name":"Din large+ - 99 x 210 mm","nullable":false},{"slug":"us_large","name":"US large - 105 x 210 mm","nullable":false},{"slug":"us_large_landscape","name":"US large paysage - 210 x 105 mm","nullable":false},{"slug":"a4_large","name":"A4 large - 148 x 420 mm","nullable":false},{"slug":"a5_large","name":"A5 large - 105 x 297 mm","nullable":false},{"slug":"a5_large_landscape","name":"A5 large paysage - 297 x 105 mm","nullable":false},{"slug":"a6_large","name":"A6 large - 74 x 210 mm","nullable":false},{"slug":"a3_vierkant","name":"Carré XL - 297 x 297 mm","nullable":false},{"slug":"carre_l","name":"Carré L - 210 x 210 mm","nullable":false},{"slug":"carre_m","name":"Carré M - 148 x 148 mm","nullable":false},{"slug":"carre_card","name":"Carte carrée - 135 x 135 mm ","nullable":false},{"slug":"carre_s","name":"Carré S - 105 x 105 mm","nullable":false},{"slug":"1/3_a3","name":"1/3 A3 - 140 x 297 mm","nullable":false},{"slug":"1/3_a4","name":"1/3 A4 -  99 x 210 mm","nullable":false},{"slug":"cd_cover","name":"Housse cd - 121 x 120 mm","nullable":false},{"slug":"custom","nullable":false,"customSizes":{"minHeight":74,"sizeUnit":"MM","minWidth":74,"maxHeight":558,"maxWidth":558}}]},{"slug":"material","title":"Support","locked":false,"options":[{"slug":"115gr_gesatineerd_mc","name":"Couché brillant 115 g/m²","nullable":false,"eco":false},{"slug":"135gr_gesatineerd_mc","name":"Couché brillant 135 g/m²","nullable":false,"eco":false},{"slug":"170gr_gesatineerd_mc","name":"Couché brillant 170 g/m²","nullable":false,"eco":false},{"slug":"250gr_gesatineerd_mc","name":"Couché brillant 250 g/m²","nullable":false,"eco":false},{"slug":"300gr_gesatineerd_mc","name":"Couché brillant 300 g/m²","nullable":false,"eco":false},{"slug":"350gr_gesatineerd_mc","name":"Couché brillant 350 g/m²","nullable":false,"eco":false},{"slug":"400gr_gesatineerd_mc","name":"Couché brillant 400 g/m²","nullable":false,"eco":false},{"slug":"115gr_silk_mc","name":"Couché demi-mat (silk) 115 g/m²","nullable":false,"eco":false},{"slug":"135gr_silk_mc","name":"Couché demi-mat (silk) 135 g/m²","nullable":false,"eco":false},{"slug":"170gr_silk_mc","name":"Couché demi-mat (silk) 170 g/m²","nullable":false,"eco":false},{"slug":"250gr_silk_mc","name":"Couché demi-mat (silk) 250 g/m²","nullable":false,"eco":false},{"slug":"300gr_silk_mc","name":"Couché demi-mat (silk) 300 g/m²","nullable":false,"eco":false},{"slug":"350gr_silk_mc","name":"Couché demi-mat (silk) 350 g/m²","nullable":false,"eco":false},{"slug":"400gr_silk_mc","name":"Couché demi-mat (silk) 400 g/m²","nullable":false,"eco":false},{"slug":"90gr_biotop","name":"Bio Top 3® naturel 90 g/m²","nullable":false,"eco":true},{"slug":"120gr_biotop","name":"Bio Top 3® naturel 120 g/m²","nullable":false,"eco":true},{"slug":"160gr_biotop","name":"Bio Top 3® naturel 160 g/m²","nullable":false,"eco":true},{"slug":"250gr_biotop","name":"Bio Top 3® naturel 250 g/m²","nullable":false,"eco":true},{"slug":"300gr_biotop","name":"Bio Top 3® naturel 300 g/m²","nullable":false,"eco":true},{"slug":"100gr_hv_bankpost","name":"Bankpost offset blanc non couché 100 g/m²","nullable":false,"eco":false},{"slug":"90gr_hvo","name":"Offset non couché 90 g/m²","nullable":false,"eco":false},{"slug":"120gr_hvo","name":"Offset non couché 120 g/m²","nullable":false,"eco":false},{"slug":"170gr_hvo","name":"Offset  non couché 170 g/m²","nullable":false,"eco":false},{"slug":"250gr_hvo","name":"Offset non couché 250 g/m²","nullable":false,"eco":false},{"slug":"300gr_hvo","name":"Offset non couché 300 g/m²","nullable":false,"eco":false},{"slug":"350gr_hvo_nk","name":"Carton naturel offset non couché 350 g/m²","nullable":false,"eco":false},{"slug":"300gr_sbs_symbol_card","name":"Symbol card 300 g/m², couché 1 face","nullable":false,"eco":false},{"slug":"300gr_sbs","name":"Carte Multicard® 300 g/m², couché 1 face","nullable":false,"eco":false},{"slug":"350gr_sbs","name":"Carte Multicard® 350 g/m², couché 1 face","nullable":false,"eco":false},{"slug":"350gr_sbs_invercote","name":"350 g/m² Invercote® G - couché 1 face","nullable":false,"eco":false},{"slug":"350gr_metallic_white","name":"Sirio Pearl Blanc 350 g/m²","nullable":false,"eco":false},{"slug":"300gr_metallic_white","name":"Sirio Pearl Blanc 300 g/m²","nullable":false,"eco":false},{"slug":"300gr_metallic_pearl","name":"Sirio Pearl Polaire 300 g/m²","nullable":false,"eco":false},{"slug":"300gr_metallic_gold","name":"Sirio Pearl Or 300 g/m²","nullable":false,"eco":false},{"slug":"300gr_metallic_silver","name":"Sirio Pearl Argent 300 g/m²","nullable":false,"eco":false},{"slug":"90gr_paperwise_earth_pact_natural","name":"Paperwise® Earth Pact Natural 90 g/m²","nullable":false,"eco":true},{"slug":"150gr_paperwise_earth_pact_natural","name":"Paperwise® Earth Pact Natural 150 g/m²","nullable":false,"eco":true},{"slug":"295gr_paperwise_earth_pact_natural","name":"Paperwise® Earth Pact Natural 295 g/m²","nullable":false,"eco":true},{"slug":"90gr_recystar_nature","name":"Recystar® Nature 90 g/m²","nullable":false,"eco":true},{"slug":"120gr_recystar_nature","name":"Recystar Nature 120 g/m²","nullable":false,"eco":true},{"slug":"170gr_recystar_nature","name":"Recystar® Nature 170 g/m²","nullable":false,"eco":true},{"slug":"300gr_recystar_nature","name":"Recystar® Nature 300 g/m²","nullable":false,"eco":true},{"slug":"80gr_recyclingpaper_rebello_or_vivus_89","name":"Rebello 80 g/m², 100% recyclé","nullable":false,"eco":true},{"slug":"135gr_recyclingpaper_rebello_or_vivus_89","name":"Rebello 135 g/m², 100% recyclé","nullable":false,"eco":true},{"slug":"170gr_recyclingpaper_rebello_or_vivus_89","name":"Rebello 170 g/m², 100% recyclé","nullable":false,"eco":true},{"slug":"300gr_recyclingpaper_rebello_or_vivus_89","name":"Rebello 300 g/m², 100% recyclé","nullable":false,"eco":true},{"slug":"90gr_recystar","name":"BalancePure® 90 g/m²","nullable":false,"eco":true},{"slug":"120gr_recystar","name":"BalancePure® 120 g/m²","nullable":false,"eco":true},{"slug":"170gr_recystar","name":"BalancePure® 170 g/m²","nullable":false,"eco":true},{"slug":"300gr_recystar","name":"BalancePure® 300 g/m²","nullable":false,"eco":true},{"slug":"290gr_kraft_muskat","name":"Kraft Muskat Brown 290 g/m²","nullable":false,"eco":true},{"slug":"300gr_king_board_white","name":"300 g/m² King board","nullable":false,"eco":false},{"slug":"280gr_linnen","name":"Constellation Snow 280 g/m² ","nullable":false,"eco":false},{"slug":"250gr_tintoretto_gesso","name":"Tintoretto Gesso 250 g/m² (martelé)","nullable":false,"eco":false},{"slug":"300gr_tintoretto_gesso","name":"Tintoretto Gesso 300 g/m² (martelé)","nullable":false,"eco":false},{"slug":"290gr_sirio_color_nero","name":"Sirio Color Nero 290 g/m²","nullable":false,"eco":false},{"slug":"158gr_yupo_blue","name":"YUPOBlue® 158 g/m² - résistant à l'eau et aux déchirures","nullable":false,"eco":false},{"slug":"200gr_yupo_blue","name":"YUPOBlue® 200 g/m² - résistant à l'eau et aux déchirures","nullable":false,"eco":false},{"slug":"234gr_yupo_blue","name":"YUPOBlue® 234 g/m² - résistant à l'eau et aux déchirures","nullable":false,"eco":false},{"slug":"276gr_yupo_blue","name":"YUPOBlue® 276 g/m² - résistant à l'eau et aux déchirures","nullable":false,"eco":false},{"slug":"319gr_yupo_blue","name":"YUPOBlue® 319 g/m² - résistant à l'eau et aux déchirures","nullable":false,"eco":false},{"slug":"115gr_teslin","nullable":false,"eco":false,"name":"Teslin® 115 g/m² - résistant à l'eau et aux déchirures"},{"slug":"167gr_teslin","nullable":false,"eco":false,"name":"Teslin® 167 g/m² - résistant à l'eau et aux déchirures"},{"slug":"243gr_teslin","nullable":false,"eco":false,"name":"Teslin® 243 g/m² - résistant à l'eau et aux déchirures"}]},{"slug":"printtype","title":"Impression","locked":false,"options":[{"slug":"44","name":"4/4 quadri recto/verso","nullable":false,"eco":false},{"slug":"55_full_color_plus_white","name":"5/5 quadri + blanc","nullable":false,"eco":false}]},{"slug":"finish","title":"Pelliculage ou vernis total","locked":false,"options":[{"slug":"geen","name":"Sans","nullable":true,"eco":false},{"slug":"single_sided_gloss_lamination","name":"Pelliculage brillant recto seul","nullable":false,"eco":false},{"slug":"single_sided_matt_lamination","name":"Pelliculage mat recto seul","nullable":false,"eco":false},{"slug":"double_sided_gloss_lamination","name":"Pelliculage brillant recto/verso","nullable":false,"eco":false},{"slug":"double_sided_matt_lamination","name":"Pelliculage mat recto/verso","nullable":false,"eco":false},{"slug":"single_soft_touch_lamination","name":"Pelliculage mat Soft Touch® (aspect velours) recto seul","nullable":false,"eco":false},{"slug":"double_soft_touch_lamination","name":"Pelliculage mat Soft Touch® (aspect velours) recto/verso","nullable":false,"eco":false},{"slug":"single_sided_scratch_resistant_laminate","name":"Pelliculage mat anti-rayures recto seul","nullable":false,"eco":false},{"slug":"double_sided_scratch_resistant_laminate","name":"Pelliculage mat anti-rayures recto/verso","nullable":false,"eco":false},{"slug":"single_sided_linen_lamination","name":"Pelliculage mat aspect lin recto seul","nullable":false,"eco":false},{"slug":"double_sided_linen_lamination","name":"Pelliculage mat aspect lin recto/verso","nullable":false,"eco":false}]},{"slug":"spot_finish","title":"Vernis UV sélectif ou Dorure 3D recto","locked":false,"options":[{"slug":"none","name":"Sans","nullable":true,"eco":false},{"slug":"embossed_partial_gloss_40","name":"Vernis sélectif UV brillant épaississant 3D (40 µm)","nullable":false,"eco":false},{"slug":"embossed_partial_gloss_80","name":"Vernis sélectif UV brillant épaississant 3D (80 µm)","nullable":false,"eco":false},{"slug":"foil_gold","name":"Dorure or","nullable":false,"eco":false},{"slug":"foil_silver","name":"Dorure argent","nullable":false,"eco":false},{"slug":"foil_rose","name":"Dorure or rosé","nullable":false,"eco":false},{"slug":"foil_copper","name":"Dorure cuivre","nullable":false,"eco":false},{"slug":"foil_glitter","name":"Dorure pailletée","nullable":false,"eco":false},{"slug":"foil_rainbow","name":"Dorure arc-en-ciel","nullable":false,"eco":false}]},{"slug":"spot_finish_back","title":"Vernis UV sélectif ou Dorure 3D verso","locked":false,"options":[{"slug":"none","name":"Sans","nullable":true,"eco":false},{"slug":"embossed_partial_gloss_40","name":"Vernis sélectif UV brillant épaississant 3D (40 µm)","nullable":false,"eco":false},{"slug":"embossed_partial_gloss_80","name":"Vernis sélectif UV brillant épaississant 3D (80 µm)","nullable":false,"eco":false},{"slug":"foil_gold","name":"Dorure or","nullable":false,"eco":false},{"slug":"foil_silver","name":"Dorure argent","nullable":false,"eco":false},{"slug":"foil_rose","name":"Dorure or rosé","nullable":false,"eco":false},{"slug":"foil_copper","name":"Dorure cuivre","nullable":false,"eco":false},{"slug":"foil_glitter","name":"Dorure pailletée","nullable":false,"eco":false},{"slug":"foil_rainbow","name":"Dorure arc-en-ciel","nullable":false,"eco":false}]},{"slug":"copies","title":"Quantité","locked":false,"options":[{"slug":10,"nullable":false,"type":"digital"},{"slug":50,"nullable":false,"type":"digital"},{"slug":100,"nullable":false,"type":"digital"},{"slug":250,"nullable":false,"type":"digital"}],"rangeSets":[{"summary":[10,50,100,250],"options":[{"steps":1,"max":100000,"min":0}],"printingmethod":"inkjet"},{"summary":[500,1000,1500,2000,2500,4000,5000,7500,10000,15000,20000],"options":[{"max":2500,"steps":500,"min":500},{"max":5000,"steps":1000,"min":4000},{"steps":2500,"max":10000,"min":5000},{"max":80000,"steps":5000,"min":10000},{"max":500000,"steps":5000,"min":80000}],"printingmethod":"offset"},{"options":[{"max":100000,"steps":1,"min":0}],"summary":[10,50,100,250],"printingmethod":"digital"}]},{"slug":"delivery","title":"Poids maximum par colis (voir 'Frais de transport')","locked":false,"options":[{"slug":"box_max_weight_15_kg","name":"15 kg par boîte","nullable":false,"eco":false},{"slug":"box_max_weight_25_kg","name":"25 kg par boîte","nullable":true,"eco":false}]},{"slug":"pallet_delivery","title":"Livraison sur palette","locked":false,"options":[{"slug":"bundle_250_boxes","name":"Conditionnement par 250 sous liens croisés, puis mise en boîtes","nullable":false},{"slug":"bundle_250_no_boxes","name":"Conditionnement par 250 sous liens croisés, puis mise sur palette","nullable":false},{"slug":"bundle_500_boxes","name":"Conditionnement par 500 sous liens croisés, puis mise en boîtes","nullable":false},{"slug":"bundle_500_no_boxes","name":"Conditionnement par 500 sous liens croisés, puis mise sur palette","nullable":false},{"slug":"bundle_random_boxes","name":"Conditionnement sous liens croisés (sans comptage), puis mise en boîtes","nullable":false},{"slug":"bundle_random_no_boxes","name":"Conditionnement sous liens croisés (sans comptage), puis mise sur palette","nullable":false}]},{"slug":"sealed","title":"Lots sous film","locked":false,"options":[{"slug":"none","name":"Ne pas sceller","nullable":true,"eco":false},{"slug":"25","name":"par 25","nullable":false,"eco":false},{"slug":"50","name":"par 50","nullable":false,"eco":false},{"slug":"100","name":"par 100","nullable":false,"eco":false},{"slug":"250","name":"par 250","nullable":false,"eco":false},{"slug":"500","name":"par 500","nullable":false,"eco":false}]},{"slug":"bundle","title":"Lots sous bandelette","locked":false,"options":[{"slug":"bundle_per_25","name":"par 25","nullable":false,"eco":false},{"slug":"bundle_per_50","name":"par 50","nullable":false,"eco":false},{"slug":"bundle_per_100","name":"par 100","nullable":false,"eco":false},{"slug":"bundle_per_250","name":"par 250","nullable":false,"eco":false},{"slug":"bundle_per_500","name":"par 500","nullable":false,"eco":false}]},{"slug":"perforation","title":"Micro-perforations","locked":false,"options":[{"slug":"none","name":"Pas de ligne de perforation","nullable":true,"eco":false},{"slug":"1_perforation_line","name":"1 ligne de perforations","nullable":false,"eco":false},{"slug":"2_perforation_lines","name":"2 lignes de perforations","nullable":false,"eco":false}]},{"slug":"personalize","title":"Personnaliser (max. 1 design)","locked":false,"options":[{"slug":"none","name":"Sans","nullable":true,"eco":false},{"slug":"numbering","name":"Numéroter 1 x ","nullable":false,"eco":false},{"slug":"personalize_from_excel","name":"A partir d'un fichier Excel ","nullable":false,"eco":false}]},{"slug":"die_cut","title":"Forme personnalisée (forme de découpe)","locked":false,"options":[{"slug":"yes","name":"Oui","nullable":false,"eco":false},{"slug":"no","name":"Non","nullable":true,"eco":false}]},{"slug":"loop_stitches","title":"Agrafes oméga","locked":false,"options":[{"slug":"none","name":"Non agrafes à oeillets","nullable":true},{"slug":"2_loop_stitches","name":"2 agrafes à oeillets","nullable":false}]},{"slug":"plano_delivery","title":"Livraison à plat (plano, non plié)","locked":false,"options":[{"slug":"no","name":"Non","nullable":true},{"slug":"yes","name":"Oui","nullable":false}]},{"slug":"creasing","title":"Rainé","locked":false,"options":[{"slug":"yes","name":"Rainé","nullable":false,"eco":false},{"slug":"no","name":"Sans","description":"‎ ","nullable":false,"eco":false}]},{"slug":"folded","title":"Fourni plié","locked":true,"options":[{"slug":"no","name":"Livré plano","description":"Livré plano","nullable":false,"eco":false},{"slug":"yes","name":"Livré plié","description":"Livré plié","nullable":false,"eco":false}]},{"slug":"clean_cut","title":"Coupe au format","locked":true,"options":[{"slug":"no","name":"Non","nullable":true,"eco":false},{"slug":"yes","name":"Oui","nullable":false,"eco":false}]},{"slug":"printingmethod","title":"Méthode d'impression","locked":false,"options":[{"slug":"digital","name":"Digital","nullable":false,"eco":false},{"slug":"inkjet","name":"Jet d'encre","description":"varioPRINT iX-serie inkjet","nullable":false,"eco":false},{"slug":"offset","name":"Offset","nullable":false,"eco":false}]},{"slug":"urgency","title":"Urgence","locked":false,"options":[{"slug":"standard","name":"Standard","nullable":false,"eco":false},{"slug":"quick","name":"Rapide","nullable":false,"eco":false},{"slug":"urgent","name":"Urgent","nullable":false,"eco":false},{"slug":"moderate","nullable":false,"eco":false,"name":"Moderate"}]},{"slug":"standard_bundle","title":"Empaqueter","locked":false,"options":[{"slug":"yes","name":"Mettre en lots","nullable":false},{"slug":"no","name":"No","nullable":true}]},{"slug":"cross_bundle","title":"Conditionnement sous liens croisés","locked":false,"options":[{"slug":"yes","name":"Conditionnement en lots sous liens croisés","nullable":false},{"slug":"no","name":"non","nullable":true}]},{"slug":"sheet_size","title":"Format fini (Largeur x Hauteur)","locked":false,"options":[{"slug":"large_indigo_sheet","name":"grande feuille d'indigo","nullable":false,"eco":false},{"slug":"not_defined","name":"non défini","nullable":false,"eco":false},{"slug":"small_indigo_sheet","name":"petite feuille d'indigo","nullable":false,"eco":false}]},{"slug":"box_delivery","locked":false,"options":[{"slug":"15","nullable":false,"eco":false,"name":"15"}],"title":"box_delivery"}],"maxDesigns":50,"bleed":1.5,"hsCode":"4820300000","isAvailableInUserRegion":true,"hasAccessories":false,"accessoryExcludes":[]}