{"sku":"folder-display","active":true,"titleSingle":"Présentoir pour dépliants","titlePlural":"Présentoirs pour dépliants","createdAt":"2023-10-06T12:11:09.618Z","updatedAt":"2025-11-07T08:18:49.107Z","introductionDate":"2023-10-06T12:11:09.618Z","properties":[{"slug":"summary_image","title":"summary image","locked":false,"options":[{"slug":"folder_display","nullable":true,"eco":false,"name":"Folder display"}],"required":false},{"slug":"material","title":"Support","locked":false,"options":[{"slug":"10mm_reboard","name":"Re-board® 10 mm","nullable":false,"eco":true}],"required":true},{"slug":"product_size","title":"Format ","locked":false,"options":[{"slug":"a5_folder_holder","name":"Support A5","nullable":false,"eco":false},{"slug":"a4_folder_holder","name":"Support A4","nullable":false,"eco":false}],"required":true},{"slug":"printtype","title":"Impression","locked":false,"options":[{"slug":"40","name":"4/0 quadri recto","nullable":false,"eco":false}],"required":true},{"slug":"copies","title":"Quantité","locked":false,"options":[{"slug":1,"nullable":false,"type":"digital"},{"slug":25,"nullable":false,"type":"digital"},{"slug":50,"nullable":false,"type":"digital"},{"slug":100,"nullable":false,"type":"digital"},{"slug":250,"nullable":false,"type":"digital"},{"slug":500,"nullable":false,"type":"digital"},{"slug":1000,"nullable":false,"type":"digital"},{"slug":1,"nullable":false,"type":"lfp_uv"},{"slug":5,"nullable":false,"type":"lfp_uv"},{"slug":10,"nullable":false,"type":"lfp_uv"},{"slug":20,"nullable":false,"type":"lfp_uv"},{"slug":50,"nullable":false,"type":"lfp_uv"}],"rangeSets":[{"options":[{"max":500,"steps":1,"min":1}],"summary":[1,5,6,7,8,9,10,20,50],"printingmethod":"lfp_uv"}],"required":true},{"slug":"designs","title":"Design","locked":false,"options":[],"required":true},{"slug":"size","title":"Format","locked":false,"options":[{"slug":"a6_holder_with_a5_show_card","name":"Support A6 ","nullable":false},{"slug":"din-large_holder_with_a4_show_card","name":"Support Din-large","nullable":false},{"slug":"a5_holder_with_a4_show_card","name":"Support A5 ","nullable":false},{"slug":"a4_holder_with_a3_show_card","name":"Support A4 ","nullable":false},{"slug":"a5_folder_holder_reboard","name":"Support A5 Re-board® 10 mm","nullable":false},{"slug":"a4_folder_holder_reboard","name":"Support A4 Re-board® 10 mm","nullable":false}],"required":true},{"slug":"printingmethod","title":"Méthode d'impression","locked":false,"options":[{"slug":"lfp_uv","name":"Durst P5 350","description":"Direct to plate","nullable":false,"eco":false}],"required":true},{"slug":"urgency","title":"Urgence","locked":false,"options":[{"slug":"standard","name":"Standard","nullable":false,"eco":false}],"required":true},{"slug":"finish","title":"Pelliculage ou vernis","locked":false,"options":[{"slug":"none","name":"Sans","nullable":true,"eco":false},{"slug":"single_sided_gloss_lamination","nullable":false,"eco":false,"name":"Pelliculage brillant recto seul"},{"slug":"single_sided_matt_lamination","name":"Pelliculage mat recto seul","nullable":false,"eco":false}],"required":false},{"slug":"custom_shape","title":"Forme personnalisée","locked":false,"options":[{"slug":"custom_shape_multiple","name":"Découpe suivant un contour personnalisé (max. 5 formes)","nullable":false,"eco":false}],"required":true}],"maxDesigns":10,"bleed":"10","hsCode":"4911990000","isAvailableInUserRegion":true,"hasAccessories":false,"accessoryExcludes":[],"category":["packaging-bags"],"flexibleprintingmethod":false}