{"sku":"forex","active":true,"titleSingle":"Forex®","titlePlural":"Forex®","createdAt":"2023-10-02T13:43:37.376Z","updatedAt":"2024-10-09T14:16:23.697Z","properties":[{"slug":"summary_image","title":"summary image","locked":false,"options":[{"slug":"forex","nullable":true,"eco":false,"name":"Forex®"}]},{"slug":"material","title":"Support","locked":false,"options":[{"slug":"1mm_forex","name":"1 mm Forex®","nullable":false,"eco":false},{"slug":"3mm_forex","name":"3 mm Forex®","nullable":false,"eco":false},{"slug":"5mm_forex","name":"5 mm Forex®","nullable":false,"eco":false},{"slug":"10mm_forex","name":"10 mm Forex® ","nullable":false,"eco":false}]},{"slug":"printtype","title":"Impression","locked":false,"options":[{"slug":"00","name":"Non imprimé","nullable":false,"eco":false},{"slug":"40","name":"4/0 quadri recto","nullable":false,"eco":false},{"slug":"44","name":"4/4 quadri recto/verso","nullable":false,"eco":false},{"slug":"40_sticker","name":"4/0 full color (sticker to plate)","nullable":false,"eco":false},{"slug":"44_sticker","name":"4/4 full color (sticker to plate)","nullable":false,"eco":false}]},{"slug":"finish","title":"Pelliculage","locked":false,"options":[{"slug":"none","name":"Sans","nullable":true,"eco":false},{"slug":"polymeer_gloss_lamination_oraguard_215","name":"Pelliculage polymère brillant - Oraguard® 215","nullable":false,"eco":false},{"slug":"polymeer_matt_lamination_oraguard_215","name":"Pelliculage polymère mat - Oraguard® 215","nullable":false,"eco":false}]},{"slug":"size","title":"Format (largeur x hauteur)","locked":false,"options":[{"slug":"100_x100_cm","name":"100 x 100 cm","nullable":false},{"slug":"custom","nullable":false,"customSizes":{"minHeight":50,"sizeUnit":"CM","minWidth":50,"maxHeight":2010,"dimensionalAccuracy":"MM","maxWidth":3010}}]},{"slug":"copies","title":"Quantité","locked":false,"options":[{"slug":1,"nullable":false,"type":"lfp_uv"},{"slug":2,"nullable":false,"type":"lfp_uv"},{"slug":3,"nullable":false,"type":"lfp_uv"},{"slug":4,"nullable":false,"type":"lfp_uv"},{"slug":5,"nullable":false,"type":"lfp_uv"},{"slug":10,"nullable":false,"type":"lfp_uv"},{"slug":25,"nullable":false,"type":"lfp_uv"},{"slug":50,"nullable":false,"type":"lfp_uv"},{"slug":100,"nullable":false,"type":"lfp_uv"}],"rangeSets":[{"summary":[1,2,3,4,5,10,25,50,100],"options":[{"steps":1,"max":25000,"min":1}],"printingmethod":"lfp_uv"}]},{"slug":"custom_shape","title":"Forme personnalisée","locked":false,"options":[{"slug":"clean_cut","name":"Coupe droite","nullable":false,"eco":false},{"slug":"custom_shape_simple","name":"Découpe suivant un contour personnalisé (1 forme simple)","nullable":false,"eco":false},{"slug":"custom_shape_complex","name":"Découpe suivant un contour personnalisé (1 forme complexe)","nullable":false,"eco":false},{"slug":"custom_shape_multiple","name":"Découpe suivant un contour personnalisé (max. 5 formes)","nullable":false,"eco":false}]},{"slug":"drillholes","title":"Trous","locked":false,"options":[{"slug":"none","name":"Sans","nullable":true,"eco":false},{"slug":"drillholes_corner_6mm","name":"Dans chaque coin (6 mm)","nullable":false,"eco":false},{"slug":"drillholes_corner_8mm","name":"Dans chaque coin (8 mm)","nullable":false,"eco":false},{"slug":"drillholes_corner_9mm","name":"Dans chaque coin (9 mm)","nullable":false,"eco":false},{"slug":"drillholes_corner_10mm","name":"Dans chaque coin (10 mm)","nullable":false,"eco":false},{"slug":"one_drillhole_custom","name":"1 trou","nullable":false,"eco":false},{"slug":"two_drillholes_custom","name":"2 trous","nullable":false,"eco":false},{"slug":"three_drillholes_custom","name":"3 trous","nullable":false,"eco":false},{"slug":"four_drillholes_custom","name":"4 trous","nullable":false,"eco":false},{"slug":"five_drillholes_custom","name":"5 trous","nullable":false,"eco":false},{"slug":"six_drillholes_custom","name":"6 trous","nullable":false,"eco":false},{"slug":"seven_drillholes_custom","name":"7 trous","nullable":false,"eco":false},{"slug":"eight_drillholes_custom","name":"8 trous","nullable":false,"eco":false},{"slug":"nine_drillholes_custom","name":"9 trous","nullable":false,"eco":false},{"slug":"ten_drillholes_custom","name":"10 trous","nullable":false,"eco":false}]},{"slug":"printingmethod","title":"Méthode d'impression","locked":false,"options":[{"slug":"lfp_uv","name":"Durst P5 350","description":"Durst P5 350","nullable":false,"eco":false}]},{"slug":"packaging_extras","title":"Emballage","locked":false,"options":[{"slug":"packaging_plate","name":"packaging_plate","nullable":false,"eco":false}]},{"slug":"urgency","title":"Urgence","locked":false,"options":[{"slug":"quick","name":"Rapide","nullable":false,"eco":false},{"slug":"standard","name":"Standard","nullable":false,"eco":false},{"slug":"urgent","name":"Urgent","nullable":false,"eco":false},{"slug":"moderate","nullable":false,"eco":false,"name":"Moderate"}]},{"slug":"box_delivery","locked":false,"options":[{"slug":"100","nullable":false,"eco":false,"name":"100"}],"title":"box_delivery"}],"maxDesigns":50,"bleed":"10","hsCode":"3921909000","isAvailableInUserRegion":true,"hasAccessories":true,"accessoryExcludes":[]}