{"sku":"free-standing-banner-frame","active":true,"titleSingle":"Cadre auto-portant pour bâche","titlePlural":"Cadres auto-portants pour bâche","createdAt":"2023-08-22T09:37:20.577Z","updatedAt":"2024-02-14T10:50:27.188Z","introductionDate":"2023-08-22T09:37:20.577Z","properties":[{"slug":"summary_image","title":"summary image","locked":false,"options":[{"slug":"free-standing-banner-frame","nullable":true,"eco":false,"name":"free-standing-banner-frame"}]},{"slug":"material","title":"Matériau","locked":false,"options":[{"slug":"42mm_aluminum_frame_2mm","name":"Cadre aluminium en tubes Ø 42 mm - 2 mm d'épaisseur","nullable":false,"eco":false},{"slug":"42mm_aluminum_frame_3mm","name":"Cadre aluminium en tubes Ø 42 mm - 3 mm d'épaisseur","nullable":false,"eco":false},{"slug":"48mm_aluminum_frame_3mm","name":"Cadre aluminium en tubes Ø 48mm - épaisseur 3 mm","nullable":false,"eco":false}]},{"slug":"mount_frames","title":"Système d'accrochage du chassis","locked":false,"options":[{"slug":"foot_plate_banner_frame","name":"Pied en aluminium pour cadre (20 x 40 cm)","nullable":false,"eco":false},{"slug":"foot_pile_banner_frame","name":"Pied en tube pour cadre (100 cm)","nullable":false,"eco":false},{"slug":"foot_pile_banner_frame_150","name":"Pied en tube pour cadre (150 cm)","nullable":false,"eco":false}]},{"slug":"color","title":"Couleurs","locked":false,"options":[{"slug":"aluminum","name":"Aluminium anodisé","nullable":false,"eco":false},{"slug":"black","name":"Noir","nullable":false,"eco":false}]},{"slug":"size","title":"Format (largeur x hauteur)","locked":false,"options":[{"slug":"100_x_100_cm","name":"100 x 100 cm","nullable":false},{"slug":"custom","nullable":false,"customSizes":{"minHeight":300,"sizeUnit":"CM","minWidth":300,"maxHeight":3000,"dimensionalAccuracy":"MM","maxWidth":6000}}]},{"slug":"copies","title":"Quantité","locked":false,"options":[],"rangeSets":[{"summary":[1,2,3,4,5],"options":[{"steps":1,"max":100,"min":1}],"printingmethod":"raw_material"}]},{"slug":"bungee_cord_with_spin_hook","title":"Tendeurs (par cadre)","locked":false,"options":[{"slug":"0","name":"Sans","nullable":true,"eco":false},{"slug":"25","name":"25","nullable":false,"eco":false},{"slug":"50","name":"50","nullable":false,"eco":false},{"slug":"75","name":"75","nullable":false},{"slug":"100","name":"100","nullable":false,"eco":false},{"slug":"125","name":"125","nullable":false},{"slug":"150","name":"150","nullable":false,"eco":false}]},{"slug":"stormfix","title":"Stormfix (par cadre)","locked":false,"options":[{"slug":"0","name":"Sans","nullable":true,"eco":false},{"slug":"25","name":"25","nullable":false,"eco":false},{"slug":"50","name":"50","nullable":false,"eco":false},{"slug":"75","name":"75","nullable":false},{"slug":"100","name":"100","nullable":false,"eco":false},{"slug":"125","name":"125","nullable":false},{"slug":"150","name":"150","nullable":false,"eco":false}]},{"slug":"printingmethod","title":"Méthode d'impression","locked":false,"options":[{"slug":"raw_material","name":"Sans impression","nullable":false,"eco":false}]},{"slug":"frame_finish","title":"Finition du cadre","locked":false,"options":[{"slug":"4_sawing_cuts_frame","name":"4 coupes","nullable":false}]},{"slug":"printtype","title":"Impression","locked":false,"options":[{"slug":"00","name":"Non imprimé","nullable":false,"eco":false}]},{"slug":"urgency","title":"Urgence","locked":false,"options":[{"slug":"quick","name":"Rapide","nullable":false,"eco":false},{"slug":"standard","name":"Standard","nullable":false,"eco":false},{"slug":"urgent","name":"Urgent","nullable":false,"eco":false},{"slug":"moderate","nullable":false,"eco":false,"name":"Moderate"}]},{"slug":"frame","title":"Type de cadre","locked":false,"options":[{"slug":"free_standing_banner_frame","name":"Cadre autoportant pour bâche","nullable":false,"eco":false}]},{"slug":"accessories_frames","title":"Accessoires cadres","locked":true,"options":[{"slug":"corner_link_42.4_mm_foot_plate","name":"4 raccords d'angle 42,4 mm - pour structure 42 mm avec 2 plaques de pieds","nullable":false,"eco":false},{"slug":"corner_link_48.3_mm_pile_foot","name":"4 raccords d'angle 48,3 mm - pour structure 48 mm avec 2 pieds tubes","nullable":false,"eco":false},{"slug":"corner_link_42.4_mm_pile_foot","name":"4 raccords d'angle 42,4 mm - pour structure 42 mm avec 2 pieds tubes","nullable":false,"eco":false},{"slug":"corner_link_42.4_mm_pile_foot_3_mm","name":"4 raccords d'angle 42,4 mm - pour structure 42 mm avec 2 pieds tubes","nullable":false,"eco":false},{"slug":"corner_link_48.3_mm_foot_plate","name":"4 raccords d'angle 48,3 mm - pour structure 48 mm avec 2 plaques de pieds","nullable":false,"eco":false},{"slug":"corner_link_48.3_mm_pile_foot_3_mm","name":"4 raccords d'angle 48,3 mm - pour structure 48 mm avec 2 plaques de pieds","nullable":false,"eco":false}]},{"slug":"frame_connectors","title":"Fixation murale","locked":true,"options":[{"slug":"none","name":"Sans","nullable":true,"eco":false},{"slug":"2_frame_connector_42.4_mm","name":"2 supports de cadre de 42,4 mm - pour cadre 42 mm","nullable":false,"eco":false},{"slug":"2_frame_connector_48.3_mm","name":"2 supports de cadre de 48,3 mm - pour cadre 48 mm","nullable":false,"eco":false},{"slug":"4_frame_connector_42.4_mm","name":"4 supports 42,4 mm - pour structure 42 mm","nullable":false,"eco":false},{"slug":"4_frame_connector_48.3_mm","name":"4 supports 48,3 mm - pour structure 48 mm","nullable":false,"eco":false}]},{"slug":"distance_to_frame","title":"Distance entre la toile et l'intérieur du cadre","locked":true,"options":[{"slug":"2_cm","name":"2 cm (4 cm tout autour)","nullable":false},{"slug":"3_cm","name":"3 cm (6 cm tout autour)","nullable":false},{"slug":"8_cm","name":"8 cm (16 cm tout autour)","nullable":false},{"slug":"9_cm","name":"9 cm (18 cm tout autour)","nullable":false}]},{"slug":"stabilizers","title":"Stabilisateurs","locked":false,"options":[{"slug":"none","name":"Sans","nullable":false,"eco":false},{"slug":"aluminum_tube_42_mm","nullable":false,"eco":false,"name":"Aluminum tube 42 mm stabilizer"},{"slug":"aluminum_tube_48_mm","nullable":false,"eco":false,"name":"Aluminum tube 48 mm stabilizer"}]},{"slug":"frame_support","locked":false,"options":[{"slug":"extra_foot_pile_banner_frame_2x_47cm","nullable":false,"eco":false,"name":"Extra foot pile banner frame 2x 47cm"},{"slug":"none","nullable":true,"eco":false,"name":"Sans"}],"title":"Frame support"}],"maxDesigns":1,"hsCode":"7610900000","isAvailableInUserRegion":true,"hasAccessories":false,"accessoryExcludes":[]}