{"sku":"hardcover-calendar","active":true,"titleSingle":"Calendrier bancaire","titlePlural":"Calendriers bancaires","createdAt":"2023-09-26T07:26:40.484Z","updatedAt":"2025-10-01T12:18:33.864Z","introductionDate":"2023-09-26T07:26:40.484Z","properties":[{"slug":"summary_image","title":"summary image","locked":false,"options":[{"slug":"hardcover-calendar","nullable":true,"eco":false,"name":"hardcover-calendar"}],"required":false},{"slug":"printtype","title":"Impression","locked":false,"options":[{"slug":"44","name":"4/4 quadri recto/verso","nullable":false,"eco":false}],"required":true},{"slug":"size","title":"Format (largeur x hauteur)","locked":false,"options":[{"slug":"297_x_210_mm_hc_calandar","name":"297 x 210 mm","nullable":false},{"slug":"420_x_297_mm_hc_calandar","name":"420 x 297 mm","nullable":false},{"slug":"530_x_400_mm_hc_calandar","name":"530 x 400 mm","nullable":false}],"required":true},{"slug":"material","title":"Support","locked":false,"options":[{"slug":"1350gr_hardcover_calendar","name":"Couché demi-mat (silk) 135 g/m² contre-collé sur carton gris - épaisseur - 2 mm","nullable":false,"eco":false}],"required":true},{"slug":"drillholes","title":"Trous","locked":false,"options":[{"slug":"none","name":"Sans","nullable":true,"eco":false},{"slug":"one_drillhole_4mm","name":"1 x 4 mm","nullable":false,"eco":false},{"slug":"one_drillhole_4mm_eyelet","name":"1 x 4 mm avec œillet","nullable":false,"eco":false},{"slug":"two_drillholes_4mm","name":"2 x 4 mm","nullable":false,"eco":false}],"required":false},{"slug":"copies","title":"Quantité","locked":false,"options":[{"slug":100,"nullable":false,"type":"digital"},{"slug":200,"nullable":false,"type":"digital"},{"slug":500,"nullable":false,"type":"digital"},{"slug":1000,"nullable":false,"type":"digital"}],"rangeSets":[{"options":[{"max":300,"steps":1,"min":50},{"max":2050,"steps":50,"min":300}],"summary":[50,100,150,200,250,300,400,500,750,1000],"printingmethod":"offset"}],"required":true},{"slug":"printingmethod","title":"Méthode d'impression","locked":false,"options":[{"slug":"offset","name":"Offset","nullable":false,"eco":false}],"required":true},{"slug":"urgency","title":"Urgence","locked":false,"options":[{"slug":"standard","name":"Standard","nullable":false,"eco":false}],"required":true},{"slug":"box_delivery","locked":false,"options":[{"slug":"30","nullable":false,"eco":false,"name":"30"}],"required":true,"title":"box_delivery"}],"maxDesigns":1,"bleed":"0","hsCode":"4820100000","isAvailableInUserRegion":true,"hasAccessories":false,"accessoryExcludes":[],"category":["paper-print","calendars"],"flexibleprintingmethod":false}