{"sku":"luxurious-folder-displays","active":true,"titleSingle":"Présentoir de luxe pour document ou brochure","titlePlural":"Présentoirs de luxe pour document ou brochure","createdAt":"2023-09-21T07:46:17.453Z","updatedAt":"2024-02-14T10:50:16.548Z","introductionDate":"2023-09-21T07:46:17.453Z","properties":[{"slug":"summary_image","title":"summary image","locked":false,"options":[{"slug":"luxurious-folder-display","nullable":true,"eco":false,"name":"luxurious-folder-display"}]},{"slug":"size","title":"Adapté au format","locked":false,"options":[{"slug":"a4","name":"A4 - 210 x 297 mm","nullable":false}]},{"slug":"material","title":"Matériau du support","locked":false,"options":[{"slug":"anodized_aluminum","name":"Aluminum anodisé","nullable":false,"eco":false}]},{"slug":"copies","title":"Quantité","locked":false,"options":[],"rangeSets":[{"options":[{"max":100,"steps":1,"min":1}],"summary":[1,2,3,4,5,10,15],"printingmethod":"raw_material"}]},{"slug":"printtype","title":"Impression","locked":false,"options":[{"slug":"00","name":"Non imprimé","nullable":false,"eco":false}]},{"slug":"printingmethod","title":"Méthode d'impression","locked":false,"options":[{"slug":"raw_material","name":"Sans impression","nullable":false,"eco":false}]},{"slug":"urgency","title":"Urgence","locked":false,"options":[{"slug":"quick","name":"Rapide","nullable":false,"eco":false},{"slug":"standard","name":"Standard","nullable":false,"eco":false},{"slug":"urgent","name":"Urgent","nullable":false,"eco":false}]},{"slug":"article_number","title":"Numéro d'article","locked":false,"options":[{"slug":"7200-6","nullable":false,"eco":false,"name":"7200-6"}]}],"maxDesigns":1,"hsCode":"3926909700","isAvailableInUserRegion":true,"hasAccessories":false,"accessoryExcludes":[]}