{"sku":"mats","active":true,"titleSingle":"Tapis d'entrée & paillasson","titlePlural":"Tapis d'entrée & paillassons","createdAt":"2024-02-14T10:49:43.522Z","updatedAt":"2025-03-06T09:44:45.902Z","introductionDate":"2024-02-14T10:49:43.522Z","properties":[{"slug":"summary_image","locked":false,"options":[{"slug":"mat","nullable":true,"eco":false,"name":"mat"}],"required":false,"title":"summary_image"},{"slug":"printtype","title":"Impression","locked":false,"options":[{"slug":"40","name":"4/0 quadri recto","nullable":false,"eco":false}],"required":true},{"slug":"material-thickness","title":"Epaisseur","locked":false,"options":[{"slug":"5mm","name":"5 mm","nullable":false,"eco":false}],"required":true},{"slug":"size","title":"Format (largeur x hauteur)","locked":false,"options":[{"slug":"60_x_40_cm_mat","name":"60 x 40 cm","nullable":false},{"slug":"80_x_50_cm_mat","name":"80 x 50 cm","nullable":false},{"slug":"100_x_60_cm_mat","name":"100 x 60 cm","nullable":false},{"slug":"100_x_80_cm_mat","name":"100 x 80 cm","nullable":false},{"slug":"custom","nullable":false,"customSizes":{"minHeight":280,"sizeUnit":"CM","minWidth":280,"maxHeight":6980,"dimensionalAccuracy":"CM","maxWidth":1980}}],"required":true},{"slug":"custom_shape","title":"Coupe ","locked":false,"options":[{"slug":"clean_cut","name":"Coupe droite","nullable":false,"eco":false},{"slug":"die_cut","name":"Découpe personnalisée","nullable":false,"eco":false}],"required":true},{"slug":"material","title":"Support","locked":false,"options":[{"slug":"entrycmyktpeblack","name":"Tapis 2 kg/m² avec dos noir en TPE recyclable","nullable":false,"eco":false}],"required":true},{"slug":"copies","title":"Quantité","locked":false,"options":[{"slug":1,"nullable":false,"type":"digital"},{"slug":2,"nullable":false,"type":"digital"},{"slug":3,"nullable":false,"type":"digital"},{"slug":4,"nullable":false,"type":"digital"},{"slug":5,"nullable":false,"type":"digital"},{"slug":6,"nullable":false,"type":"digital"},{"slug":7,"nullable":false,"type":"digital"},{"slug":8,"nullable":false,"type":"digital"},{"slug":9,"nullable":false,"type":"digital"},{"slug":10,"nullable":false,"type":"digital"}],"rangeSets":[{"summary":[1,2,3,4,5,6,7,8,9,10],"options":[{"max":500,"steps":1,"min":1}],"printingmethod":"digital"}],"required":true},{"slug":"designs","title":"Versions","locked":false,"options":[],"required":true},{"slug":"urgency","title":"Urgence","locked":false,"options":[{"slug":"standard","name":"Standard","nullable":false,"eco":false}],"required":true},{"slug":"printingmethod","title":"Méthode d'impression","locked":false,"options":[{"slug":"digital","name":"Digital","nullable":false,"eco":false}],"required":true}],"maxDesigns":50,"bleed":"10","hsCode":"5705002000","isAvailableInUserRegion":true,"hasAccessories":false,"accessoryExcludes":[],"category":[]}