{"sku":"mugs","active":true,"titleSingle":"Mug personnalisable à la pièce","titlePlural":"Mugs personnalisables à la pièce","createdAt":"2023-08-24T07:06:19.081Z","updatedAt":"2024-10-29T15:03:46.253Z","properties":[{"slug":"summary_image","title":"summary image","locked":false,"options":[{"slug":"mugs","nullable":true,"eco":false,"name":"mugs"}]},{"slug":"material","title":"Support","locked":false,"options":[{"slug":"200gr_keramiek_mug","name":"Céramique","nullable":false,"eco":false}]},{"slug":"color","title":"Couleurs","locked":false,"options":[{"slug":"white_mug","name":"Blanc","nullable":false,"eco":false}]},{"slug":"volume","title":"Contenu","locked":false,"options":[{"slug":"340_ml","name":"340 ml","nullable":false,"eco":false}]},{"slug":"size","title":"Format (diamètre x hauteur)","locked":false,"options":[{"slug":"mug_9_cm","name":"Ø82,6 x 96 mm ","nullable":false}]},{"slug":"copies","title":"Quantité","locked":false,"options":[{"slug":1,"nullable":false,"type":"sublimation"},{"slug":2,"nullable":false,"type":"sublimation"},{"slug":3,"nullable":false,"type":"sublimation"},{"slug":4,"nullable":false,"type":"sublimation"},{"slug":5,"nullable":false,"type":"sublimation"},{"slug":10,"nullable":false,"type":"sublimation"},{"slug":20,"nullable":false,"type":"sublimation"},{"slug":30,"nullable":false,"type":"sublimation"},{"slug":40,"nullable":false,"type":"sublimation"},{"slug":50,"nullable":false,"type":"sublimation"},{"slug":60,"nullable":false,"type":"sublimation"}],"rangeSets":[{"summary":[1,6,12,24,36,72,144,288,504,1008],"options":[{"max":100000,"steps":1,"min":1}],"printingmethod":"sublimation"}]},{"slug":"printingmethod","title":"Méthode d'impression","locked":false,"options":[{"slug":"sublimation","name":"Sublimation","nullable":false,"eco":false}]},{"slug":"urgency","title":"Urgence","locked":false,"options":[{"slug":"standard","name":"Standard","nullable":false,"eco":false},{"slug":"quick","name":"Rapide","nullable":false,"eco":false},{"slug":"urgent","name":"Urgent","nullable":false,"eco":false},{"slug":"moderate","nullable":false,"eco":false,"name":"Moderate"}]},{"slug":"printtype","title":"Impression","locked":false,"options":[{"slug":"40","name":"4/0 quadri recto","nullable":false,"eco":false}]},{"slug":"brezo_article","locked":false,"options":[{"slug":"tech.spm.082.096.b017","nullable":false,"eco":false,"name":"TECH.SPM.082.096.B017"}],"title":"Brezo Article"},{"slug":"personalize","title":"Personnaliser","locked":false,"options":[{"slug":"none","name":"Sans","nullable":true,"eco":false},{"slug":"unique_design","name":"A partir d'un fichier Excel","nullable":false,"eco":false}]}],"maxDesigns":50,"bleed":0,"hsCode":"6912000000","isAvailableInUserRegion":true,"hasAccessories":false,"accessoryExcludes":[]}