{"sku":"nameplate-holders","active":true,"createdAt":"2024-09-09T12:41:09.607Z","updatedAt":"2024-09-30T09:57:27.810Z","introductionDate":"2024-09-09T12:41:09.607Z","properties":[{"slug":"summary_image","title":"summary image","locked":false,"options":[{"slug":"signclamp-holders","nullable":false,"eco":false,"name":"Signclamp holders"}],"required":false},{"slug":"display_type","title":"Mounting method","locked":false,"options":[{"slug":"vertically_on_the_wall","nullable":true,"eco":false,"name":"Vertically on the wall"},{"slug":"horizontally_on_the_wall","nullable":true,"eco":false,"name":"Horizontally on the wall"}],"required":false},{"slug":"signclamp","locked":false,"options":[{"slug":"classic_aluminium","nullable":false,"name":"Aluminium classique"},{"slug":"classic_black","nullable":false,"name":"Noir classique"}],"required":true,"title":"Signclamp"},{"slug":"length_material","title":"Length","locked":false,"options":[{"slug":"80_mm","nullable":false,"eco":false,"name":"80 mm"},{"slug":"120_mm","nullable":false,"eco":false,"name":"120 mm"},{"slug":"180_mm","nullable":false,"eco":false,"name":"180 mm"}],"required":true},{"slug":"copies","title":"Quantité","locked":false,"options":[],"rangeSets":[{"summary":[1,2,3,4,5,6,7,8,9,10],"options":[{"max":1000,"steps":1,"min":1}],"printingmethod":"raw_material"}],"required":true},{"slug":"size","title":"Format (largeur x hauteur)","locked":false,"options":[{"slug":"accessories","name":"Accessories","nullable":false}],"required":true},{"slug":"printtype","title":"Impression","locked":false,"options":[{"slug":"00","name":"Non imprimé","nullable":false,"eco":false}],"required":true},{"slug":"printingmethod","title":"Méthode d'impression","locked":false,"options":[{"slug":"raw_material","name":"Sans impression","nullable":false,"eco":false}],"required":true},{"slug":"article_number","title":"Numéro d'article","locked":false,"options":[{"slug":"sc080alh","nullable":false,"eco":false,"name":"sc080alh"},{"slug":"sc080alhb","nullable":false,"eco":false,"name":"sc080alhb"},{"slug":"sc080alm","nullable":false,"eco":false,"name":"sc080alm"},{"slug":"sc080almb","nullable":false,"eco":false,"name":"sc080almb"},{"slug":"sc120alh","nullable":false,"eco":false,"name":"sc120alh"},{"slug":"sc120alhb","nullable":false,"eco":false,"name":"sc120alhb"},{"slug":"sc120alm","nullable":false,"eco":false,"name":"sc120alm"},{"slug":"sc120almb","nullable":false,"eco":false,"name":"sc120almb"},{"slug":"sc180alh","nullable":false,"eco":false,"name":"sc180alh"},{"slug":"sc180alhb","nullable":false,"eco":false,"name":"sc180alhb"},{"slug":"sc180alm","nullable":false,"eco":false,"name":"sc180alm"},{"slug":"sc180almb","nullable":false,"eco":false,"name":"sc180almb"}],"required":true},{"slug":"material","title":"Support","locked":false,"options":[{"slug":"accessories","name":"Accessoires","nullable":false,"eco":false}],"required":true},{"slug":"urgency","title":"Urgence","locked":false,"options":[{"slug":"moderate","nullable":false,"eco":false,"name":"Moderate"},{"slug":"quick","name":"Rapide","nullable":false,"eco":false},{"slug":"standard","name":"Standard","nullable":false,"eco":false},{"slug":"urgent","name":"Urgent","nullable":false,"eco":false}],"required":true}],"maxDesigns":1,"hsCode":"7318159000","isAvailableInUserRegion":true,"hasAccessories":false,"accessoryExcludes":[],"category":[],"flexibleprintingmethod":false,"titlePlural":"Nameplate holders","titleSingle":"Porte-plaque"}