{"sku":"namebadges","active":true,"createdAt":"2024-12-10T15:33:14.813Z","updatedAt":"2025-03-17T15:28:03.446Z","introductionDate":"2024-12-10T15:33:14.813Z","properties":[{"slug":"summary_image","title":"summary image","locked":false,"options":[{"slug":"namebagdes","nullable":true,"eco":false,"name":"Namebagdes"}],"required":false},{"slug":"printtype","title":"Impression","locked":false,"options":[{"slug":"00","name":"Non imprimé","nullable":false,"eco":false}],"required":true},{"slug":"size","title":"Format (largeur x hauteur)","locked":false,"options":[{"slug":"90_x_60_mm_name_badge","nullable":false,"eco":false,"name":"90 x 60 mm"},{"slug":"90_x_55_mm_name_badge","nullable":false,"eco":false,"name":"90 x 55 mm"},{"slug":"75_x_40_mm_name_badge","nullable":false,"eco":false,"name":"75 x 40 mm"},{"slug":"60_x_40_mm_name_badge","nullable":false,"eco":false,"name":"60 x 40 mm"}],"required":true},{"slug":"material","title":"Support","locked":false,"options":[{"slug":"transparant_pvc","nullable":false,"eco":false,"name":"PVC Transparent"}],"required":true},{"slug":"lock","title":"Fixation","locked":false,"options":[{"slug":"pin","nullable":false,"eco":false,"name":"Pin"},{"slug":"magnet","nullable":false,"eco":false,"name":"Magnet"}],"required":true},{"slug":"copies","title":"Quantité","locked":false,"options":[],"rangeSets":[{"options":[{"max":960,"steps":24,"min":24}],"summary":[24,48,72,96,120,144,168,192,216,240],"printingmethod":"raw_material"}],"required":true},{"slug":"printingmethod","title":"Méthode d'impression","locked":false,"options":[{"slug":"raw_material","name":"Sans impression","nullable":false,"eco":false}],"required":true},{"slug":"urgency","title":"Urgence","locked":false,"options":[{"slug":"standard","name":"Standard","nullable":false,"eco":false}],"required":true},{"slug":"article_number","title":"Numéro d'article","locked":false,"options":[{"slug":"121264","nullable":false,"eco":false,"name":"121264"},{"slug":"121263","nullable":false,"eco":false,"name":"121263"},{"slug":"121262","nullable":false,"eco":false,"name":"121262"},{"slug":"121267","nullable":false,"eco":false,"name":"121267"},{"slug":"121268","nullable":false,"eco":false,"name":"121268"}],"required":true}],"maxDesigns":1,"bleed":"0","hsCode":"4911998000","isAvailableInUserRegion":true,"hasAccessories":false,"accessoryExcludes":[],"category":["paper-print","paper-print-accessoires"],"flexibleprintingmethod":false,"titlePlural":"Porte-badges","titleSingle":"Porte-badge"}