{"sku":"nylon-spacers-glue","active":true,"createdAt":"2024-02-14T10:50:33.480Z","updatedAt":"2025-01-27T12:59:22.600Z","introductionDate":"2024-02-14T10:50:33.480Z","properties":[{"slug":"summary_image","title":"summary image","locked":false,"options":[{"slug":"nylon-spacers-glue","nullable":true,"eco":false,"name":"nylon-spacers-glue"}]},{"slug":"accessories","title":"Accessoires","locked":false,"options":[{"slug":"spacers_glue","nullable":false,"eco":false,"name":"Colle pour entretoises (20 mg)"}]},{"slug":"copies","title":"Quantité","locked":false,"options":[{"slug":1,"nullable":false,"type":"raw_material"},{"slug":2,"nullable":false,"type":"raw_material"},{"slug":3,"nullable":false,"type":"raw_material"},{"slug":4,"nullable":false,"type":"raw_material"},{"slug":5,"nullable":false,"type":"raw_material"},{"slug":6,"nullable":false,"type":"raw_material"},{"slug":7,"nullable":false,"type":"raw_material"},{"slug":8,"nullable":false,"type":"raw_material"},{"slug":9,"nullable":false,"type":"raw_material"},{"slug":10,"nullable":false,"type":"raw_material"}],"rangeSets":[{"options":[{"max":1000,"steps":1,"min":1}],"summary":[1,2,3,4,5,10],"printingmethod":"raw_material"}]},{"slug":"printtype","title":"Impression","locked":false,"options":[{"slug":"00","name":"Non imprimé","nullable":false,"eco":false}]},{"slug":"size","title":"Format (largeur x hauteur)","locked":false,"options":[{"slug":"accessories","name":"Accessories","nullable":false}]},{"slug":"material","title":"Support","locked":false,"options":[{"slug":"accessories","name":"Accessoires","nullable":false,"eco":false}]},{"slug":"urgency","title":"Urgence","locked":false,"options":[{"slug":"standard","name":"Standard","nullable":false,"eco":false},{"slug":"moderate","nullable":false,"eco":false,"name":"Moderate"},{"slug":"quick","name":"Rapide","nullable":false,"eco":false},{"slug":"urgent","name":"Urgent","nullable":false,"eco":false}]},{"slug":"printingmethod","title":"Méthode d'impression","locked":false,"options":[{"slug":"raw_material","name":"Sans impression","nullable":false,"eco":false}]}],"bleed":"0","hsCode":"3926909790","isAvailableInUserRegion":true,"hasAccessories":false,"accessoryExcludes":[],"titlePlural":"Glue for spacers","titleSingle":"Glue for spacer"}