{"sku":"nylon-spacers","active":true,"titleSingle":"Entretoises en Nylon","titlePlural":"Entretoises en Nylon","createdAt":"2024-02-14T10:49:45.789Z","updatedAt":"2024-08-22T12:27:29.200Z","introductionDate":"2024-02-14T10:49:45.789Z","properties":[{"slug":"summary_image","title":"summary image","locked":false,"options":[{"slug":"spacers_nylon","nullable":true,"eco":false,"name":"spacers_nylon"}]},{"slug":"size","title":"Format (largeur x hauteur)","locked":false,"options":[{"slug":"spacer_s","name":"Entretoises (petites)","nullable":false},{"slug":"spacer_m","name":"Entretoises (moyennes)","nullable":false},{"slug":"spacer_l","name":"Entretoises (grandes)","nullable":false}]},{"slug":"copies","title":"Quantité","locked":false,"options":[],"rangeSets":[{"options":[{"max":1000,"steps":1,"min":1}],"summary":[1,2,3,4,5,10],"printingmethod":"raw_material"}]},{"slug":"printingmethod","title":"Méthode d'impression","locked":false,"options":[{"slug":"raw_material","name":"Sans impression","nullable":false,"eco":false}]},{"slug":"material","title":"Support","locked":false,"options":[{"slug":"nylon","name":"nylon","nullable":false,"eco":false}]},{"slug":"urgency","title":"Urgence","locked":false,"options":[{"slug":"standard","name":"Standard","nullable":false,"eco":false},{"slug":"quick","name":"Rapide","nullable":false,"eco":false},{"slug":"moderate","nullable":false,"eco":false,"name":"Moderate"},{"slug":"urgent","name":"Urgent","nullable":false,"eco":false}]},{"slug":"printtype","title":"Impression","locked":false,"options":[{"slug":"00","name":"Non imprimé","nullable":false,"eco":false}]}],"maxDesigns":1,"bleed":"0","hsCode":"3926909700","isAvailableInUserRegion":true,"hasAccessories":false,"accessoryExcludes":[]}