{"sku":"panel-hanging-plates","active":true,"titleSingle":"Plaque de fixation","titlePlural":"Plaques de fixation","createdAt":"2024-02-14T10:49:44.621Z","updatedAt":"2024-11-07T07:43:52.773Z","introductionDate":"2024-02-14T10:49:44.621Z","properties":[{"slug":"summary_image","locked":false,"options":[{"slug":"panel-hanging-plates","nullable":true,"eco":false,"name":"panel-hanging-plates"}],"title":"summary_image"},{"slug":"panel_hanging_plate","title":"Format (largeur x hauteur)","locked":false,"options":[{"slug":"panel_hanging_plate_45_x_45","name":"Plaque de fixation de 4,5 x 4,5 cm","nullable":false,"eco":false},{"slug":"panel_hanging_plate_70_x_70","name":"Plaque de fixation de 7 x 7 cm","nullable":false,"eco":false},{"slug":"panel_hanging_plate_100_x_100","name":"Plaque de fixation de 10 x 10 cm","nullable":false,"eco":false},{"slug":"panel_hanging_plate_100_x_200","name":"Plaque de fixation de 10 x 20 cm","nullable":false,"eco":false}]},{"slug":"copies","title":"Quantité","locked":false,"options":[],"rangeSets":[{"summary":[1,2,3,4,5],"options":[{"max":200,"steps":1,"min":1}],"printingmethod":"raw_material"}]},{"slug":"size","title":"Format (largeur x hauteur)","locked":false,"options":[{"slug":"4.5_x_4.5_cm","name":"4,5 x 4,5 cm","nullable":false},{"slug":"7_x_7_cm","name":"7 x 7 cm","nullable":false},{"slug":"10_x_10_cm","name":"10 x 10 cm","nullable":false},{"slug":"10_x_20_cm","name":"10 x 20 cm","nullable":false}]},{"slug":"material","title":"Support","locked":false,"options":[{"slug":"1000gr_metal","name":"Métal","nullable":false,"eco":false}]},{"slug":"printingmethod","title":"Méthode d'impression","locked":false,"options":[{"slug":"raw_material","name":"Sans impression","nullable":false,"eco":false}]},{"slug":"printtype","title":"Impression","locked":false,"options":[{"slug":"00","name":"Non imprimé","nullable":false,"eco":false}]},{"slug":"urgency","title":"Urgence","locked":false,"options":[{"slug":"standard","name":"Standard","nullable":false,"eco":false},{"slug":"quick","name":"Rapide","nullable":false,"eco":false},{"slug":"urgent","name":"Urgent","nullable":false,"eco":false},{"slug":"moderate","nullable":false,"eco":false,"name":"Moderate"}]}],"maxDesigns":1,"bleed":null,"hsCode":"3926909700","isAvailableInUserRegion":true,"hasAccessories":false,"accessoryExcludes":[]}