{"sku":"posterclamp","active":true,"titleSingle":"Rail de suspension avec clips","titlePlural":"Rails de suspension avec clips","createdAt":"2023-08-22T07:44:28.690Z","updatedAt":"2025-08-11T09:19:35.137Z","introductionDate":"2023-08-22T07:44:28.690Z","properties":[{"slug":"summary_image","locked":false,"options":[{"slug":"posterclamp","nullable":true,"eco":false,"name":"Pinces de fixation pour bannières"}],"required":false,"title":"summary_image"},{"slug":"material","title":"Support","locked":false,"options":[{"slug":"660gr_posterclamp_aluminum","name":"Aluminium","nullable":false,"eco":false}],"required":true},{"slug":"size","title":"Format (largeur)","locked":false,"options":[{"slug":"posterclamp_42","name":"42 cm","nullable":false},{"slug":"posterclamp_50","name":"50 cm","nullable":false},{"slug":"posterclamp_70","name":"70 cm","nullable":false},{"slug":"posterclamp_85","name":"85 cm","nullable":false},{"slug":"posterclamp_100","name":"100 cm","nullable":false},{"slug":"posterclamp_120","name":"120 cm","nullable":false},{"slug":"posterclamp_150","name":"150 cm","nullable":false}],"required":true},{"slug":"copies","title":"Quantité","locked":false,"options":[],"rangeSets":[{"options":[{"max":100,"steps":1,"min":1}],"summary":[1,2,3,4,5,6,7,8,9,10],"printingmethod":"raw_material"}],"required":true},{"slug":"printingmethod","title":"Méthode d'impression","locked":false,"options":[{"slug":"raw_material","name":"Sans impression","nullable":false,"eco":false}],"required":true},{"slug":"printtype","title":"Impression","locked":false,"options":[{"slug":"00","name":"Non imprimé","nullable":false,"eco":false}],"required":true},{"slug":"urgency","title":"Urgence","locked":false,"options":[{"slug":"standard","name":"Standard","nullable":false,"eco":false},{"slug":"moderate","nullable":false,"eco":false,"name":"Moderate"},{"slug":"quick","name":"Rapide","nullable":false,"eco":false},{"slug":"urgent","name":"Urgent","nullable":false,"eco":false}],"required":true}],"maxDesigns":1,"bleed":3,"hsCode":"8302490000","isAvailableInUserRegion":true,"hasAccessories":false,"accessoryExcludes":[],"category":["accessories-posters"],"flexibleprintingmethod":false}