{"sku":"posters","active":true,"titleSingle":"Affiche","titlePlural":"Affiches","createdAt":"2023-08-21T12:07:20.823Z","updatedAt":"2024-12-11T14:38:42.682Z","introductionDate":"2023-08-21T12:07:20.823Z","properties":[{"slug":"summary_image","title":"summary image","locked":false,"options":[{"slug":"posters","nullable":true,"eco":false,"name":"posters"}]},{"slug":"material","title":"Support","locked":false,"options":[{"slug":"95gr_neon_papier_geel","name":"Papier jaune fluo 95 g/m²","nullable":false,"eco":false},{"slug":"95gr_neon_papier_groen","name":"Papier fluo 95 g/m² vert","nullable":false,"eco":false},{"slug":"95gr_neon_papier_magenta","name":"Papier fluo 95 g/m² magenta","nullable":false,"eco":false},{"slug":"95gr_neon_papier_oranje","name":"Papier orange fluo 95 g/m² ","nullable":false,"eco":false},{"slug":"115gr_blueback","name":"Dos Bleu 115 g/m²","nullable":false,"eco":false},{"slug":"135gr_gesatineerd_mc","name":"Couché brillant 135 g/m²","nullable":false,"eco":false},{"slug":"250gr_gesatineerd_mc","name":"Couché brillant 250 g/m²","nullable":false,"eco":false},{"slug":"135gr_silk_mc","name":"Couché demi-mat (silk) 135 g/m²","nullable":false,"eco":false},{"slug":"170gr_silk_mc","name":"Couché demi-mat (silk) 170 g/m²","nullable":false,"eco":false},{"slug":"250gr_silk_mc","name":"Couché demi-mat (silk) 250 g/m²","nullable":false,"eco":false},{"slug":"150gr_citylight","name":"Citylight 150 g/m²","nullable":false,"eco":false},{"slug":"170gr_synaps","name":"Synapse® 170 g/m² - résistant à l'eau et aux déchirures","nullable":false,"eco":false},{"slug":"160gr_ijm814_uncoated","name":"Papier non couché premium blanc 160 g/m² ","nullable":false,"eco":false},{"slug":"230gr_premium_matt","name":"Couché mat premium 230 g/m²","nullable":false,"eco":false},{"slug":"280gr_backlit_polyester","name":"Backlit translucide  280 g/m² ","nullable":false,"eco":false},{"slug":"510gr_pvc","name":"Frontlit M1 - 510 g/m² (pvc)","nullable":false,"eco":false},{"slug":"120gr_recystar","name":"BalancePure® 120 g/m²","nullable":false,"eco":true},{"slug":"120gr_recystar_nature","name":"Recystar Nature 120 g/m²","nullable":false,"eco":true},{"slug":"120gr_biotop","name":"Bio Top 3® naturel 120 g/m²","nullable":false,"eco":true}]},{"slug":"finish","title":"Pelliculage","locked":false,"options":[{"slug":"geen","name":"Sans","nullable":true,"eco":false},{"slug":"single_sided_gloss_lamination","name":"Pelliculage brillant recto seul","nullable":false,"eco":false},{"slug":"single_sided_matt_lamination","name":"Pelliculage mat recto seul","nullable":false,"eco":false},{"slug":"double_sided_gloss_lamination","name":"Pelliculage brillant recto/verso","nullable":false,"eco":false},{"slug":"double_sided_matt_lamination","name":"Pelliculage mat recto/verso","nullable":false,"eco":false}]},{"slug":"printtype","title":"Impression","locked":false,"options":[{"slug":"10_pms_black","name":"1/0 Pantone noir","nullable":false,"eco":false},{"slug":"40","name":"4/0 quadri recto","nullable":false,"eco":false},{"slug":"44","name":"4/4 quadri recto/verso","nullable":false,"eco":false}]},{"slug":"copies","title":"Quantité","locked":false,"options":[{"slug":1,"nullable":false,"type":"digital"},{"slug":5,"nullable":false,"type":"digital"},{"slug":10,"nullable":false,"type":"digital"},{"slug":25,"nullable":false,"type":"digital"},{"slug":50,"nullable":false,"type":"digital"}],"rangeSets":[{"summary":[50,100,250,500,1000],"options":[{"steps":25,"max":100,"min":50},{"steps":50,"max":500,"min":100},{"max":500,"steps":100,"min":100},{"max":2500,"steps":100,"min":500},{"max":10000,"steps":250,"min":2500}],"printingmethod":"offset"},{"summary":[5,10,15,25,50],"options":[{"steps":1,"max":5000,"min":0}],"printingmethod":"nano_print"},{"summary":[1,5,10,25,50],"options":[{"steps":1,"max":50000,"min":1}],"printingmethod":"digital"}]},{"slug":"size","title":"Format (largeur x hauteur)","locked":false,"options":[{"slug":"abri","name":"Abri - 1185 x 1750 mm","nullable":false},{"slug":"a0","name":"A0 - 840 x 1189 mm","nullable":false},{"slug":"a1","name":"A1 - 594 x 840 mm","nullable":false},{"slug":"a2","name":"A2 - 420 x 594 mm","nullable":false},{"slug":"a3","name":"A3 - 297 x 420 mm","nullable":false},{"slug":"a4","name":"A4 - 210 x 297 mm","nullable":false},{"slug":"b0","name":"B0 - 1000 x 1400 mm","nullable":false},{"slug":"b1","name":"B1 - 700 x 1000 mm","nullable":false},{"slug":"b2","name":"B2 - 500 x 700 mm","nullable":false},{"slug":"b3","name":"B3 - 350 x 500 mm","nullable":false},{"slug":"a1_large","name":"A1 large - 420 x 1189 mm","nullable":false},{"slug":"a2_large","name":"A2 large - 297 x 840 mm","nullable":false},{"slug":"a3_large","name":"A3 large - 210 x 597 mm","nullable":false},{"slug":"a4_large","name":"A4 large - 148 x 420 mm","nullable":false},{"slug":"b1_large","name":"B1 large - 500 x 1400 mm","nullable":false},{"slug":"b2_large","name":"B2 large - 350 x 1000 mm","nullable":false},{"slug":"b3_large","name":"B3 large - 250 x 700 mm","nullable":false},{"slug":"custom","nullable":false,"customSizes":{"minHeight":100,"sizeUnit":"MM","minWidth":100,"maxHeight":5000,"dimensionalAccuracy":"MM","maxWidth":1230}}]},{"slug":"urgency","title":"Urgence","locked":false,"options":[{"slug":"quick","name":"Rapide","nullable":false,"eco":false},{"slug":"standard","name":"Standard","nullable":false,"eco":false},{"slug":"urgent","name":"Urgent","nullable":false,"eco":false},{"slug":"moderate","nullable":false,"eco":false,"name":"Moderate"}]},{"slug":"packaging_extras","title":"Emballage","locked":false,"options":[{"slug":"packaging_handling","name":"packaging_handling","nullable":false,"eco":false}]},{"slug":"printingmethod","title":"Méthode d'impression","locked":false,"options":[{"slug":"digital","name":"Digital","nullable":false,"eco":false},{"slug":"nano_print","name":"Nanography print","description":"Landa Nano","nullable":false,"eco":false},{"slug":"offset","name":"Offset","nullable":false,"eco":false}]},{"slug":"sheet_size","title":"Format fini (Largeur x Hauteur)","locked":false,"options":[{"slug":"large_indigo_sheet","name":"grande feuille d'indigo","nullable":false,"eco":false},{"slug":"not_defined","name":"non défini","nullable":false,"eco":false},{"slug":"small_indigo_sheet","name":"petite feuille d'indigo","nullable":false,"eco":false}]},{"slug":"clean_cut","title":"Coupe au format","locked":true,"options":[{"slug":"yes","name":"Oui","nullable":false,"eco":false},{"slug":"no","name":"Non","nullable":true,"eco":false}]},{"slug":"delivery","title":"Emballage standard","locked":true,"options":[{"slug":"none","name":"Sans","nullable":true,"eco":false},{"slug":"delivered_flat_in_box","name":"A plat en boîte","nullable":false,"eco":false},{"slug":"default","name":"Roulé, en boîte","nullable":false,"eco":false},{"slug":"luxury_poster_packaging","name":"Enroulé sur tube, puis dans du papier et en boîte","nullable":false,"eco":false},{"slug":"pallet_delivery","name":"A plat sur palette (voir les frais de livraison)","nullable":false,"eco":false}]},{"slug":"customer_packing_option","title":"Choisir soi-même l'emballage","locked":false,"options":[{"slug":"none","name":"Non","nullable":true,"eco":false},{"slug":"rolled_up_in_box","name":"Roulé, en boîte","nullable":false,"eco":false},{"slug":"luxury_poster_packaging","name":"Enroulé sur tube, puis dans du papier et en boîte","nullable":false,"eco":false},{"slug":"flat_in_box","name":"A plat en boîte","nullable":false,"eco":false},{"slug":"pallet_delivery","name":"A plat sur palette (voir les frais de livraison)","nullable":false,"eco":false}]}],"maxDesigns":50,"bleed":"1.5","hsCode":"4911910090","isAvailableInUserRegion":true,"hasAccessories":false,"accessoryExcludes":[]}