{"sku":"printing-paper","active":true,"titleSingle":"Ramette de papier","titlePlural":"Ramettes de papier","createdAt":"2024-02-13T15:08:32.336Z","updatedAt":"2024-02-14T10:50:44.758Z","introductionDate":"2024-02-13T15:08:32.336Z","properties":[{"slug":"summary_image","title":"summary_image","locked":false,"options":[{"slug":"printing-paper","name":"printing-paper","nullable":true,"eco":false}]},{"slug":"material","title":"Support","locked":false,"options":[{"slug":"75gr_printing_paper","name":"Papier pour imprimante 75 g/m²","nullable":false,"eco":false},{"slug":"80gr_printing_paper_happy_office","name":"Papier pour imprimante 80 g/m² - Happy Office","nullable":false,"eco":false}]},{"slug":"size","title":"Format (largeur x hauteur)","locked":false,"options":[{"slug":"a4","name":"A4 - 210 x 297 mm","nullable":false}]},{"slug":"copies","title":"Quantité","locked":false,"options":[],"rangeSets":[{"options":[{"max":40,"steps":1,"min":20},{"max":200,"steps":40,"min":40}],"summary":[20,40,80,120,160],"printingmethod":"raw_material"}]},{"slug":"printingmethod","title":"Méthode d'impression","locked":false,"options":[{"slug":"raw_material","name":"Sans impression","nullable":false,"eco":false}]},{"slug":"urgency","title":"Urgence","locked":false,"options":[{"slug":"standard","name":"Standard","nullable":false,"eco":false},{"slug":"quick","name":"Rapide","nullable":false,"eco":false},{"slug":"urgent","name":"Urgent","nullable":false,"eco":false},{"slug":"moderate","nullable":false,"eco":false,"name":"Moderate"}]},{"slug":"printtype","title":"Impression","locked":false,"options":[{"slug":"00","name":"Non imprimé","nullable":false,"eco":false}]},{"slug":"packaging_quantity_box","title":"Quantité par boîte","locked":false,"options":[{"slug":"2500_box","nullable":false,"eco":false,"name":"2500 papers per box (5 x 500 carton)"}]}],"maxDesigns":1,"bleed":"0","hsCode":"4802560000","isAvailableInUserRegion":true,"hasAccessories":false,"accessoryExcludes":[]}