{"sku":"pvc-cards","active":true,"titleSingle":"Carte PVC","titlePlural":"Cartes PVC","createdAt":"2024-02-14T10:50:38.710Z","updatedAt":"2024-10-01T11:13:30.120Z","properties":[{"slug":"summary_image","title":"summary image","locked":false,"options":[{"slug":"pvc-cards","nullable":true,"eco":false,"name":"pvc-cards"}]},{"slug":"size","title":"Format (largeur x hauteur)","locked":false,"options":[{"slug":"creditcard_landscape","name":"Carte de crédit paysage - 85.4 x 53.8 mm, coins arrondis","nullable":false}]},{"slug":"printtype","title":"Impression","locked":false,"options":[{"slug":"44","name":"4/4 quadri recto/verso","nullable":false,"eco":false},{"slug":"40","name":"4/0 quadri recto","nullable":false,"eco":false},{"slug":"50_full_color_plus_white","name":"5/0 quadri + blanc","nullable":false,"eco":false}]},{"slug":"drillholes","title":"Trous","locked":false,"options":[{"slug":"none","name":"Sans","nullable":true,"eco":false},{"slug":"one_drillhole_4.8mm_landscape_top_mid","nullable":false,"eco":false,"name":"4,8 mm trou (en haut, au centre)"},{"slug":"one_drillhole_4.8mm_landscape_mid_left","nullable":false,"eco":false,"name":"4,8 mm trou (gauche, centre)"},{"slug":"one_drillhole_4.8mm_landscape_top_left","nullable":false,"eco":false,"name":"4,8 mm trou (en haut, à gauche)"},{"slug":"one_slot_14_x_3_mm_landscape_top_mid","nullable":false,"eco":false,"name":"14 x 3 mm fente (haut, centre)"},{"slug":"one_slot_14_x_3_mm_landscape_mid_left","nullable":false,"eco":false,"name":"14 x 3 mm fente (gauche, centre)"}]},{"slug":"writing_box","title":"Zone d'écriture","locked":false,"options":[{"slug":"none","name":"Sans","nullable":false},{"slug":"writing_box","name":"Zone d'écriture","nullable":false}]},{"slug":"spot_finish","title":"Vernis 3D et Dorure 3D","locked":false,"options":[{"slug":"none","name":"Sans","nullable":true,"eco":false},{"slug":"single_sided_scratch_off_silkscreen","name":"Zone de grattage (sérigraphie)","nullable":false,"eco":false}]},{"slug":"personalize","title":"Personnaliser (noir ou blanc)","locked":false,"options":[{"slug":"none","name":"Sans","nullable":true,"eco":false},{"slug":"personalize_from_excel","name":"A partir d'un fichier Excel ","nullable":false,"eco":false}]},{"slug":"copies","title":"Quantité","locked":false,"options":[{"slug":100,"nullable":false,"type":"digital"},{"slug":250,"nullable":false,"type":"digital"},{"slug":500,"nullable":false,"type":"digital"},{"slug":1000,"nullable":false,"type":"digital"},{"slug":2000,"nullable":false,"type":"digital"},{"slug":3000,"nullable":false,"type":"digital"},{"slug":null,"nullable":false,"type":"digital"},{"slug":null,"nullable":false,"type":"digital"}],"rangeSets":[{"options":[{"max":51250,"steps":1250,"min":10000}],"summary":[10000,12500,15000,17500,20000,22500,25000,50000],"printingmethod":"offset"},{"summary":[100,250,500,1000,2000,3000],"options":[{"max":9999,"steps":1,"min":1}],"printingmethod":"digital"}]},{"slug":"material","title":"Support","locked":false,"options":[{"slug":"760gr_pvc","name":"Pvc blanc (0,76 mm / 760 µm)","nullable":false,"eco":false},{"slug":"500gr_pvc","name":"PVC blanc (0.50 mm / 500 µ)","nullable":false,"eco":false},{"slug":"760gr_pvc_bio","name":"PVC blanc biodégradable (0.76 mm / 760 µ)","nullable":false,"eco":true},{"slug":"760gr_pvc_transparant","nullable":false,"eco":false,"name":"Pvc transparent mat (0,76 mm / 760 µ)"}]},{"slug":"finish","title":"Pelliculage","locked":false,"options":[{"slug":"double_sided_gloss_lamination","name":"Pelliculage brillant recto/verso","nullable":false,"eco":false},{"slug":"double_sided_matt_lamination","name":"Pelliculage mat recto/verso","nullable":false,"eco":false}]},{"slug":"printingmethod","title":"Méthode d'impression","locked":false,"options":[{"slug":"digital","name":"Digital","nullable":false,"eco":false},{"slug":"offset","name":"Offset","nullable":false,"eco":false}]},{"slug":"urgency","title":"Urgence","locked":false,"options":[{"slug":"standard","name":"Standard","nullable":false,"eco":false},{"slug":"quick","name":"Rapide","nullable":false,"eco":false},{"slug":"urgent","name":"Urgent","nullable":false,"eco":false},{"slug":"moderate","nullable":false,"eco":false,"name":"Moderate"}]}],"maxDesigns":1,"bleed":2,"hsCode":"3926909790","isAvailableInUserRegion":true,"hasAccessories":false,"accessoryExcludes":[]}