{"sku":"reusable-cups-all-over","active":true,"titleSingle":"Gobelet réutilisable entièrement imprimé","titlePlural":"Gobelets réutilisables imprimables sur toute la surface","createdAt":"2023-11-15T13:07:45.964Z","updatedAt":"2025-11-12T12:54:30.235Z","introductionDate":"2023-11-15T13:07:45.964Z","properties":[{"slug":"summary_image","title":"summary image","locked":false,"options":[{"slug":"reusable-cups-all-over","nullable":true,"eco":false,"name":"reusable-cups-all-over"}],"required":false},{"slug":"bpa_free","title":"Sans BPA","locked":false,"options":[{"slug":"yes","name":"Oui","nullable":false,"eco":false}],"required":true},{"slug":"dishwasher_proof","locked":false,"options":[{"slug":"yes","nullable":true,"eco":false,"name":"Oui"}],"required":false,"title":" Résistant au lave-vaisselle"},{"slug":"color","title":"Couleurs","locked":false,"options":[{"slug":"transparent","nullable":false,"eco":false,"name":"Transparent"}],"required":true},{"slug":"packaging_quantity","title":"Quantités d'emballage","locked":false,"options":[{"slug":"packed_per_300","nullable":true,"eco":false,"name":"Par 300"},{"slug":"packed_per_500","nullable":true,"eco":false,"name":"Par 500"}],"required":false},{"slug":"size","title":"Format produit (diamètre x hauteur)","locked":false,"options":[{"slug":"33_cc_cup","nullable":false,"eco":false,"name":"33 cc - 70 x 110 mm"},{"slug":"50_cc_cup","nullable":false,"eco":false,"name":"50 cc - 80 x 150 mm"}],"required":true},{"slug":"material","title":"Support","locked":false,"options":[{"slug":"polypropylene-cups","name":"Polypropylène","nullable":false,"eco":false}],"required":true},{"slug":"printtype","title":"Impression","locked":false,"options":[{"slug":"40","nullable":false,"eco":false,"name":"4/0 quadri recto"}],"required":true},{"slug":"copies","title":"Quantité","locked":false,"options":[{"slug":null,"nullable":false,"type":"digital"},{"slug":null,"nullable":false,"type":"digital"}],"rangeSets":[{"options":[{"max":10000,"steps":1,"min":10}],"summary":[10,25,50,75,100,250,500],"printingmethod":"digital"}],"required":true},{"slug":"printingmethod","title":"Méthode d'impression","locked":false,"options":[{"slug":"digital","nullable":false,"eco":false,"name":"HP indigo numérique"}],"required":true},{"slug":"urgency","title":"Urgence","locked":false,"options":[{"slug":"standard","name":"Standard","nullable":false,"eco":false},{"slug":"moderate","nullable":false,"eco":false,"name":"Moderate"},{"slug":"quick","nullable":false,"eco":false,"name":"Rapide"},{"slug":"urgent","nullable":false,"eco":false,"name":"Urgent"}],"required":true},{"slug":"product_weight","title":" Unité de poids","locked":false,"options":[{"slug":"30gr","nullable":true,"eco":false,"name":"30 grammes par pièce"}],"required":false},{"slug":"article_number","locked":false,"options":[{"slug":"gogob033pp00tdgf","nullable":false,"eco":false,"name":"GOGOB033PP00TDGF"},{"slug":"gogob050pp00tdgf","nullable":false,"eco":false,"name":"GOGOB050PP00TDGF"}],"required":true,"title":"Numéro d'article"}],"maxDesigns":1,"bleed":"0","hsCode":"3924100090","isAvailableInUserRegion":true,"hasAccessories":false,"accessoryExcludes":[],"category":["gifts-merchandise-promotional","drinkware","drinking-cups"],"flexibleprintingmethod":false}