{"sku":"roll-up-banner-light","active":true,"titleSingle":"Lampe pour roll-up","titlePlural":"Lampes pour roll-up","createdAt":"2024-02-14T10:50:42.746Z","updatedAt":"2024-02-14T10:50:42.746Z","introductionDate":"2024-02-14T10:50:42.746Z","properties":[{"slug":"summary_image","locked":false,"options":[{"slug":"roll-up-banner-light","name":"Roll-up banner lights","nullable":true,"eco":false}],"title":"Summary image"},{"slug":"weight","title":"Poids","locked":false,"options":[{"slug":"460_grams","name":"0.46 kg","nullable":false,"eco":false}]},{"slug":"material","title":"Support","locked":false,"options":[{"slug":"200gr_lamp_aluminium","name":"Aluminium","nullable":false,"eco":false}]},{"slug":"size","title":"Format (largeur x hauteur)","locked":false,"options":[{"slug":"lamp","name":"49 cm","nullable":false}]},{"slug":"accessories","title":"Accessoires","locked":false,"options":[{"slug":"light_smart_5_watt_led","name":"Lampe LED (5 Watt)","nullable":false,"eco":false},{"slug":"light_smart_clip_5_watt_led","name":"Lampe LED avec clip (5 Watt)","nullable":false,"eco":false}]},{"slug":"copies","title":"Quantité","locked":false,"options":[],"rangeSets":[{"summary":[1,2,3,4,5],"options":[{"max":100,"steps":1,"min":1}],"printingmethod":"raw_material"}]},{"slug":"printingmethod","title":"Méthode d'impression","locked":false,"options":[{"slug":"raw_material","name":"Sans impression","nullable":false,"eco":false}]},{"slug":"printtype","title":"Impression","locked":false,"options":[{"slug":"00","name":"Non imprimé","nullable":false,"eco":false}]},{"slug":"urgency","title":"Urgence","locked":false,"options":[{"slug":"standard","name":"Standard","nullable":false,"eco":false},{"slug":"urgent","name":"Urgent","nullable":false,"eco":false},{"slug":"quick","name":"Rapide","nullable":false,"eco":false},{"slug":"moderate","nullable":false,"eco":false,"name":"Moderate"}]}],"bleed":3,"hsCode":"4911100000","isAvailableInUserRegion":true,"hasAccessories":false,"accessoryExcludes":[]}