{"sku":"scratch-off","active":true,"titleSingle":"Cartes à gratter","titlePlural":"Cartes à gratter","createdAt":"2023-10-10T12:10:10.700Z","updatedAt":"2025-05-19T09:20:00.771Z","introductionDate":"2023-10-10T12:10:10.700Z","properties":[{"slug":"summary_image","title":"summary image","locked":false,"options":[{"slug":"scratch_off","nullable":true,"eco":false,"name":"scratch off"}],"required":false},{"slug":"material","title":"Support","locked":false,"options":[{"slug":"250gr_gesatineerd_mc","name":"Couché brillant 250 g/m²","nullable":false,"eco":false},{"slug":"350gr_gesatineerd_mc","name":"Couché brillant 350 g/m²","nullable":false,"eco":false}],"required":true},{"slug":"printtype","title":"Impression","locked":false,"options":[{"slug":"40","name":"4/0 quadri recto","nullable":false,"eco":false},{"slug":"44","name":"4/4 quadri recto/verso","nullable":false,"eco":false}],"required":true},{"slug":"personalize","title":"Personnaliser","locked":false,"options":[{"slug":"none","name":"Sans","nullable":true,"eco":false},{"slug":"numbering","name":"Numérotation ascendante (1 position) ","nullable":false,"eco":false},{"slug":"personalize_from_excel","name":"A partir d'un fichier Excel ","nullable":false,"eco":false}],"required":false},{"slug":"display_extra","title":"Grand Prix","locked":false,"options":[{"slug":"none","name":"Finition standard","nullable":true,"eco":false},{"slug":"seperate_grand_price","name":"Garder le prix principal séparé","nullable":false,"eco":false}],"required":false},{"slug":"spot_finish","title":"Vernis 3D et Dorure 3D","locked":false,"options":[{"slug":"single_sided_scratch_off_silkscreen","name":"Zone de grattage (sérigraphie)","nullable":true,"eco":false}],"required":false},{"slug":"sealed","title":"Lots et scellage","locked":false,"options":[{"slug":"none","name":"Ne pas sceller","nullable":true,"eco":false},{"slug":"100","name":"par 100","nullable":false,"eco":false},{"slug":"250","name":"par 250","nullable":false,"eco":false}],"required":false},{"slug":"copies","locked":false,"options":[{"slug":100,"nullable":false,"type":"digital"},{"slug":250,"nullable":false,"type":"digital"},{"slug":500,"nullable":false,"type":"digital"},{"slug":1000,"nullable":false,"type":"digital"},{"slug":2500,"nullable":false,"type":"digital"},{"slug":5000,"nullable":false,"type":"digital"},{"slug":10000,"nullable":false,"type":"digital"},{"slug":15000,"nullable":false,"type":"digital"}],"rangeSets":[{"options":[{"steps":1,"max":40001,"min":500}],"summary":[500,750,1000,1250,1500,1750,2000,2500,5000,7500,10000,15000,20000,25000],"printingmethod":"digital"}],"required":true,"title":"Quantité"},{"slug":"size","title":"Format (largeur x hauteur)","locked":false,"options":[{"slug":"bc_portrait","name":"55 x 85 mm (portrait)","nullable":false},{"slug":"bc","name":"85 x 55 mm (paysage)","nullable":false},{"slug":"a7","name":"A7 - 74 x 105 mm","nullable":false},{"slug":"a7_landscape","name":"A7 paysage - 105 x 74 mm","nullable":false},{"slug":"a6","name":"A6 - 105 x 148 mm","nullable":false},{"slug":"a6_landscape","name":"A6 paysage - 148 x 105 mm","nullable":false},{"slug":"a5","name":"A5 - 148 x 210 mm","nullable":false},{"slug":"a5_landscape","name":"A5 paysage - 210 x 148 mm","nullable":false},{"slug":"din_large","name":"Din large - 98 x 210 mm","nullable":false},{"slug":"din_large_landscape","name":"Din large paysage - 210 x 98 mm","nullable":false},{"slug":"din_large_plus","name":"Din large+ - 99 x 210 mm","nullable":false},{"slug":"din_large_plus_landscape","name":"Din large+ paysage - 210 x 99 mm","nullable":false}],"required":true},{"slug":"printingmethod","title":"Méthode d'impression","locked":false,"options":[{"slug":"digital","name":"HP indigo numérique","nullable":false,"eco":false}],"required":true},{"slug":"urgency","title":"Urgence","locked":false,"options":[{"slug":"standard","name":"Standard","nullable":false,"eco":false},{"slug":"quick","name":"Rapide","nullable":false,"eco":false}],"required":true}],"maxDesigns":1,"bleed":"3","hsCode":"4911910090","isAvailableInUserRegion":true,"hasAccessories":false,"accessoryExcludes":[],"category":[],"flexibleprintingmethod":false}