{"sku":"sign-holder","active":true,"titleSingle":"Présentoir de table","titlePlural":"Présentoirs de table","createdAt":"2024-04-03T12:31:02.574Z","updatedAt":"2024-04-30T12:33:07.707Z","introductionDate":"2024-04-03T12:31:02.574Z","properties":[{"slug":"summary_image","title":"summary image","locked":false,"options":[{"slug":"sign-holder","nullable":false,"eco":false,"name":"sign-holder"}]},{"slug":"material","title":"Support","locked":false,"options":[{"slug":"acrylate","name":"Plexiglas","nullable":false,"eco":false}]},{"slug":"sign_holder_type","title":"Type","locked":false,"options":[{"slug":"budget_l","name":"Budget L","nullable":false,"eco":false},{"slug":"budget_t","name":"Budget T","nullable":false,"eco":false},{"slug":"luxe_magnetic","name":"Luxe magnetic","nullable":false,"eco":false}]},{"slug":"size","title":"Format (largeur x hauteur)","locked":false,"options":[{"slug":"a4","name":"A4 - 210 x 297 mm","nullable":false},{"slug":"a5","name":"A5 - 148 x 210 mm","nullable":false},{"slug":"a6","name":"A6 - 105 x 148 mm","nullable":false}]},{"slug":"copies","title":"Quantité","locked":false,"options":[],"rangeSets":[{"options":[{"max":5000,"steps":1,"min":1}],"summary":[1,2,3,4,5,10],"printingmethod":"raw_material"}]},{"slug":"printtype","title":"Impression","locked":false,"options":[{"slug":"00","name":"Non imprimé","nullable":false,"eco":false}]},{"slug":"printingmethod","title":"Méthode d'impression","locked":false,"options":[{"slug":"raw_material","name":"Sans impression","nullable":false,"eco":false}]},{"slug":"urgency","title":"Urgence","locked":false,"options":[{"slug":"standard","name":"Standard","nullable":false,"eco":false}]},{"slug":"article_number","title":"Numéro d'article","locked":false,"options":[{"slug":"351015","nullable":false,"eco":false,"name":"351015"},{"slug":"351016","nullable":false,"eco":false,"name":"351016"},{"slug":"351017","nullable":false,"eco":false,"name":"351017"},{"slug":"351000","nullable":false,"eco":false,"name":"351000"},{"slug":"351001","nullable":false,"eco":false,"name":"351001"},{"slug":"351005","nullable":false,"eco":false,"name":"351005"},{"slug":"351006","nullable":false,"eco":false,"name":"351006"}]}],"maxDesigns":1,"hsCode":"4911990000","isAvailableInUserRegion":true,"hasAccessories":false,"accessoryExcludes":[]}