{"sku":"single-folder-displays","active":true,"titleSingle":"Présentoir pour document ou brochure","titlePlural":"Présentoirs pour document ou brochure","createdAt":"2023-09-21T12:15:58.056Z","updatedAt":"2024-02-14T10:50:17.433Z","introductionDate":"2023-09-21T12:15:58.056Z","properties":[{"slug":"summary_image","title":"summary image","locked":false,"options":[{"slug":"single_folder_display","nullable":true,"eco":false,"name":"Single folder display"}]},{"slug":"size","title":"Adapté au format","locked":false,"options":[{"slug":"a4","name":"A4 - 210 x 297 mm","nullable":false},{"slug":"a4_landscape","name":"A4 paysage - 297 x 210 mm","nullable":false}]},{"slug":"material","title":"Matériau du support","locked":false,"options":[{"slug":"anodized_aluminum","name":"Aluminum anodisé","nullable":false,"eco":false}]},{"slug":"copies","title":"Quantité","locked":false,"options":[],"rangeSets":[{"options":[{"max":100,"steps":1,"min":1}],"summary":[1,2,3,4,5,10,15],"printingmethod":"raw_material"}]},{"slug":"printtype","title":"Impression","locked":false,"options":[{"slug":"00","name":"Non imprimé","nullable":false,"eco":false}]},{"slug":"printingmethod","title":"Méthode d'impression","locked":false,"options":[{"slug":"raw_material","name":"Sans impression","nullable":false,"eco":false}]},{"slug":"urgency","title":"Urgence","locked":false,"options":[{"slug":"standard","name":"Standard","nullable":false,"eco":false},{"slug":"urgent","name":"Urgent","nullable":false,"eco":false},{"slug":"quick","name":"Rapide","nullable":false,"eco":false}]},{"slug":"article_number","title":"Numéro d'article","locked":false,"options":[{"slug":"9070-a4","nullable":false,"eco":false,"name":"9070-A4"},{"slug":"9075-a4","nullable":false,"eco":false,"name":"9075-A4"}]}],"maxDesigns":1,"hsCode":"4911100000","isAvailableInUserRegion":true,"hasAccessories":false,"accessoryExcludes":[]}