{"sku":"skydancer-blower","active":true,"titleSingle":"Soufflerie pour skydancer","titlePlural":"Souffleries pour skydancers","createdAt":"2023-10-13T11:59:44.800Z","updatedAt":"2025-07-04T12:15:19.393Z","introductionDate":"2023-10-13T11:59:44.800Z","properties":[{"slug":"summary_image","title":"summary image","locked":false,"options":[{"slug":"skydancer-blower","nullable":true,"eco":false,"name":"skydancer-blower"}],"required":false},{"slug":"size","title":"Format","locked":false,"options":[{"slug":"45_cm_round","name":"Ø 45 cm","nullable":false}],"required":true},{"slug":"copies","title":"Quantité","locked":false,"options":[],"rangeSets":[{"options":[{"max":500,"steps":1,"min":1}],"summary":[1,2,3,4,5],"printingmethod":"raw_material"}],"required":true},{"slug":"printtype","title":"Impression","locked":false,"options":[{"slug":"00","name":"Non imprimé","nullable":false,"eco":false}],"required":true},{"slug":"printingmethod","title":"Méthode d'impression","locked":false,"options":[{"slug":"raw_material","name":"Sans impression","nullable":false,"eco":false}],"required":true},{"slug":"urgency","title":"Urgence","locked":false,"options":[{"slug":"standard","name":"Standard","nullable":false,"eco":false},{"slug":"moderate","nullable":false,"eco":false,"name":"Moderate"},{"slug":"quick","name":"Rapide","nullable":false,"eco":false},{"slug":"urgent","name":"Urgent","nullable":false,"eco":false}],"required":true},{"slug":"material","title":"Support","locked":false,"options":[{"slug":"accessories","name":"Accessoires","nullable":false,"eco":false}],"required":true},{"slug":"blower","title":"Soufflerie","locked":false,"options":[{"slug":"blower","name":"Avec souffleur","nullable":false,"eco":false}],"required":true}],"maxDesigns":1,"hsCode":"9505900000","isAvailableInUserRegion":true,"hasAccessories":true,"accessoryExcludes":[],"category":["outdoor-advertising"],"flexibleprintingmethod":false}