{"sku":"stapled-magazines","active":true,"titleSingle":"Brochure agrafée","titlePlural":"Brochures agrafées","createdAt":"2023-08-21T11:26:12.699Z","updatedAt":"2024-10-24T08:09:56.132Z","properties":[{"slug":"binding","title":"Reliure par agrafage","locked":false,"options":[{"slug":"stapled","name":"Avec agrafes standards","nullable":false,"eco":false},{"slug":"loop_stitched","name":"Avec agrafes oméga","nullable":false,"eco":false}]},{"slug":"number_of_loop_stitches","title":"Nombre d'œillets","locked":false,"options":[{"slug":"2","name":"2","nullable":false,"eco":false},{"slug":"4","name":"4","nullable":false,"eco":false},{"slug":"none","name":"Sans","nullable":true,"eco":false}]},{"slug":"pages","title":"Nombre de pages (couverture comprise)","locked":false,"options":[{"slug":"8","name":"8 pages","nullable":false,"eco":false},{"slug":"12","name":"12 pages","nullable":false,"eco":false},{"slug":"16","name":"16 pages","nullable":false,"eco":false},{"slug":"20","name":"20 pages","nullable":false,"eco":false},{"slug":"24","name":"24 pages","nullable":false,"eco":false},{"slug":"28","name":"28 pages","nullable":false,"eco":false},{"slug":"32","name":"32 pages","nullable":false,"eco":false},{"slug":"36","name":"36 pages","nullable":false,"eco":false},{"slug":"40","name":"40 pages","nullable":false,"eco":false},{"slug":"44","name":"44 pages","nullable":false,"eco":false},{"slug":"48","name":"48 pages","nullable":false,"eco":false},{"slug":"52","name":"52 pages","nullable":false,"eco":false},{"slug":"56","name":"56 pages","nullable":false,"eco":false},{"slug":"60","name":"60 pages","nullable":false,"eco":false},{"slug":"64","name":"64 pages","nullable":false,"eco":false},{"slug":"68","name":"68 pages","nullable":false,"eco":false},{"slug":"72","name":"72 pages","nullable":false,"eco":false},{"slug":"76","name":"76 pages","nullable":false,"eco":false},{"slug":"80","name":"80 pages","nullable":false,"eco":false},{"slug":"84","name":"84 pages","nullable":false,"eco":false},{"slug":"88","name":"88 pages","nullable":false,"eco":false},{"slug":"92","name":"92 pages","nullable":false,"eco":false},{"slug":"96","name":"96 pages","nullable":false,"eco":false}]},{"slug":"size","title":"Format fermé (largeur x hauteur)","locked":false,"options":[{"slug":"a4","name":"A4 - 210 x 297 mm","nullable":false},{"slug":"a4_landscape","name":"A4 paysage - 297 x 210 mm","nullable":false},{"slug":"a5","name":"A5 - 148 x 210 mm","nullable":false},{"slug":"a5_landscape","name":"A5 paysage - 210 x 148 mm","nullable":false},{"slug":"a6","name":"A6 - 105 x 148 mm","nullable":false},{"slug":"a6_landscape","name":"A6 paysage - 148 x 105 mm","nullable":false},{"slug":"din_large","name":"Din large - 98 x 210 mm","nullable":false},{"slug":"din_large_plus","name":"Din large+ - 99 x 210 mm","nullable":false},{"slug":"us_large","name":"US large - 105 x 210 mm","nullable":false},{"slug":"a5_large","name":"A5 large - 105 x 297 mm","nullable":false},{"slug":"carre_xl","name":"Carré XL - 297 x 297 mm","nullable":false},{"slug":"carre_l","name":"Carré L - 210 x 210 mm","nullable":false},{"slug":"carre_m","name":"Carré M - 148 x 148 mm","nullable":false},{"slug":"scriptie","name":"Thèse - 170 x 240 mm","nullable":false},{"slug":"thesis_landscape","name":"Thèse paysage - 240 x 170 mm","nullable":false},{"slug":"custom","nullable":false,"customSizes":{"minHeight":120,"minWidth":105,"maxHeight":340,"maxWidth":297}}]},{"slug":"printtype","title":"Impression","locked":false,"options":[{"slug":"44","name":"4/4 quadri recto/verso","nullable":false,"eco":false}]},{"slug":"cover_fold_out","title":"Supplémentaire rabat(s)","locked":false,"options":[{"slug":"none","name":"Sans","nullable":true,"eco":false},{"slug":"front","name":"Face avant couverture","nullable":false,"eco":false},{"slug":"back","name":"Face arrière couverture","nullable":false,"eco":false},{"slug":"front_and_back","name":"Avant et arrière couverture","nullable":false,"eco":false}]},{"slug":"fold_out_finish_cover","title":"Finition rabat(s)","locked":false,"options":[{"slug":"none","name":"Sans","nullable":true,"eco":false},{"slug":"fold_out_cover_cut_2mm_back","name":"En retrait de 2 mm","nullable":false,"eco":false},{"slug":"fold_out_cover_cut_evenly","name":"A bord égal","nullable":false,"eco":false}]},{"slug":"squarefold","title":"Agrafage avec dos carré","locked":false,"options":[{"slug":"yes","name":"Oui","nullable":false,"eco":false},{"slug":"no","name":"Non","nullable":true,"eco":false}]},{"slug":"material","title":"Support pages intérieures","locked":false,"options":[{"slug":"90gr_gesatineerd_mc","name":"Couché brillant 90 g/m²","nullable":false,"eco":false},{"slug":"115gr_gesatineerd_mc","name":"Couché brillant 115 g/m²","nullable":false,"eco":false},{"slug":"135gr_gesatineerd_mc","name":"Couché brillant 135 g/m²","nullable":false,"eco":false},{"slug":"150gr_gesatineerd_mc","name":"Couché brillant 150 g/m²","nullable":false,"eco":false},{"slug":"170gr_gesatineerd_mc","name":"Couché brillant 170 g/m²","nullable":false,"eco":false},{"slug":"250gr_gesatineerd_mc","name":"Couché brillant 250 g/m²","nullable":false,"eco":false},{"slug":"300gr_gesatineerd_mc","name":"Couché brillant 300 g/m²","nullable":false,"eco":false},{"slug":"90gr_silk_mc","name":"Couché demi-mat (silk) 90 g/m²","nullable":false,"eco":false},{"slug":"115gr_silk_mc","name":"Couché demi-mat (silk) 115 g/m²","nullable":false,"eco":false},{"slug":"135gr_silk_mc","name":"Couché demi-mat (silk) 135 g/m²","nullable":false,"eco":false},{"slug":"150gr_silk_mc","name":"Couché demi-mat (silk) 150 g/m²","nullable":false,"eco":false},{"slug":"170gr_silk_mc","name":"Couché demi-mat (silk) 170 g/m²","nullable":false,"eco":false},{"slug":"250gr_silk_mc","name":"Couché demi-mat (silk) 250 g/m²","nullable":false,"eco":false},{"slug":"300gr_silk_mc","name":"Couché demi-mat (silk) 300 g/m²","nullable":false,"eco":false},{"slug":"90gr_biotop","name":"Bio Top 3® naturel 90 g/m²","nullable":false,"eco":true},{"slug":"120gr_biotop","name":"Bio Top 3® naturel 120 g/m²","nullable":false,"eco":true},{"slug":"160gr_biotop","name":"Bio Top 3® naturel 160 g/m²","nullable":false,"eco":true},{"slug":"250gr_biotop","name":"Bio Top 3® naturel 250 g/m²","nullable":false,"eco":true},{"slug":"80gr_hvo","name":"Offset non couché 80 g/m²","nullable":false,"eco":false},{"slug":"90gr_hvo","name":"Offset non couché 90 g/m²","nullable":false,"eco":false},{"slug":"120gr_hvo","name":"Offset non couché 120 g/m²","nullable":false,"eco":false},{"slug":"170gr_hvo","name":"Offset  non couché 170 g/m²","nullable":false,"eco":false},{"slug":"250gr_hvo","name":"Offset non couché 250 g/m²","nullable":false,"eco":false},{"slug":"300gr_hvo","name":"Offset non couché 300 g/m²","nullable":false,"eco":false},{"slug":"80gr_recyclingpaper_rebello_or_vivus_89","name":"Rebello 80 g/m², 100% recyclé","nullable":false,"eco":true},{"slug":"135gr_recyclingpaper_rebello_or_vivus_89","name":"Rebello 135 g/m², 100% recyclé","nullable":false,"eco":true},{"slug":"170gr_recyclingpaper_rebello_or_vivus_89","name":"Rebello 170 g/m², 100% recyclé","nullable":false,"eco":true},{"slug":"300gr_recyclingpaper_rebello_or_vivus_89","name":"Rebello 300 g/m², 100% recyclé","nullable":false,"eco":true},{"slug":"90gr_paperwise_earth_pact_natural","name":"Paperwise® Earth Pact Natural 90 g/m²","nullable":false,"eco":true},{"slug":"150gr_paperwise_earth_pact_natural","name":"Paperwise® Earth Pact Natural 150 g/m²","nullable":false,"eco":true},{"slug":"295gr_paperwise_earth_pact_natural","name":"Paperwise® Earth Pact Natural 295 g/m²","nullable":false,"eco":true},{"slug":"90gr_recystar","name":"BalancePure® 90 g/m²","nullable":false,"eco":true},{"slug":"120gr_recystar","name":"BalancePure® 120 g/m²","nullable":false,"eco":true},{"slug":"170gr_recystar","name":"BalancePure® 170 g/m²","nullable":false,"eco":true},{"slug":"300gr_recystar","name":"BalancePure® 300 g/m²","nullable":false,"eco":true},{"slug":"90gr_recystar_nature","name":"Recystar® Nature 90 g/m²","nullable":false,"eco":true},{"slug":"120gr_recystar_nature","name":"Recystar Nature 120 g/m²","nullable":false,"eco":true},{"slug":"170gr_recystar_nature","name":"Recystar® Nature 170 g/m²","nullable":false,"eco":true},{"slug":"300gr_recystar_nature","name":"Recystar® Nature 300 g/m²","nullable":false,"eco":true}]},{"slug":"cover_material","title":"Support couverture","locked":false,"options":[{"slug":"yupo","name":"Résistant à l'eau et aux déchirures","nullable":false,"eco":false},{"slug":"selfcover","name":"Selfcover","nullable":false,"eco":false},{"slug":"170gr_gesatineerd_mc","name":"Couverture souple - Couché brillant 160 g/m²","nullable":false,"eco":false},{"slug":"250gr_gesatineerd_mc","name":"Couverture souple - Couché brillant 250 g/m²","nullable":false,"eco":false},{"slug":"300gr_gesatineerd_mc","name":"Couverture souple - Couché brillant 300 g/m²","nullable":false,"eco":false},{"slug":"350gr_gesatineerd_mc","name":"Couverture souple - Couché brillant 350 g/m²","nullable":false,"eco":false},{"slug":"170gr_silk_mc","name":"Couverture souple - Couché demi-mat (silk) 170 g/m²","nullable":false,"eco":false},{"slug":"250gr_silk_mc","name":"Couverture souple - Couché demi-mat (silk) 250 g/m²","nullable":false,"eco":false},{"slug":"300gr_silk_mc","name":"Couverture souple - Couché demi-mat (silk) 300 g/m²","nullable":false,"eco":false},{"slug":"350gr_silk_mc","name":"Couverture souple - Couché demi-mat (silk) 350 g/m²","nullable":false,"eco":false},{"slug":"170gr_hvo","name":"Couverture souple - Offset sans bois 160 g/m²","nullable":false,"eco":false},{"slug":"250gr_hvo","name":"Couverture souple - Offset sans bois 250 g/m²","nullable":false,"eco":false},{"slug":"300gr_hvo","name":"Couverture souple - Offset sans bois 300 g/m²","nullable":false,"eco":false},{"slug":"280_sbs_dubbel","name":"Couverture souple - Carton sulfate Invercote couché 2 faces 280 g/m²","nullable":false,"eco":false},{"slug":"300gr_sbs","name":"Couverture souple - Carton sulfate Multicard 300 g/m², couché 1 face","nullable":false,"eco":false},{"slug":"160gr_biotop","name":"Couverture souple - Bio Top 3 naturel 160 g/m²","nullable":false,"eco":true},{"slug":"250gr_biotop","name":"Couverture souple - Bio Top 3 naturel 250 g/m²","nullable":false,"eco":true},{"slug":"300gr_biotop","name":"Couverture souple - Bio Top 3 naturel 300 g/m²","nullable":false,"eco":true},{"slug":"170gr_recyclingpaper_rebello_or_vivus_89","name":"Couverture souple - Rebello 170 g/m², 100% recyclé","nullable":false,"eco":true},{"slug":"300gr_recyclingpaper_rebello_or_vivus_89","name":"Couverture souple - Rebello 300 g/m², 100% recyclé","nullable":false,"eco":true},{"slug":"150gr_paperwise_earth_pact_natural","name":"Couverture souple - Paperwise Earth Pact Natural 100% recyclé 150 g/m²","nullable":false,"eco":true},{"slug":"295gr_paperwise_earth_pact_natural","name":"Couverture souple - Paperwise Earth Pact Natural 100% recyclé 295 g/m²","nullable":false,"eco":true},{"slug":"300gr_recystar_nature","name":"Couverture souple - Recystar Nature 300 g/m²","nullable":false,"eco":true},{"slug":"300gr_recystar","name":"Couverture souple - Balance Pure 300 g/m²","nullable":false,"eco":true},{"slug":"280gr_linnen","name":"Constellation Snow 280 g/m² ","nullable":false,"eco":false}]},{"slug":"finish","title":"Pelliculage couverture","locked":false,"options":[{"slug":"geen","name":"Sans","nullable":true,"eco":false},{"slug":"single_sided_gloss_lamination","name":"Pelliculage brillant recto seul","nullable":false,"eco":false},{"slug":"single_sided_matt_lamination","name":"Pelliculage mat recto seul","nullable":false,"eco":false},{"slug":"single_soft_touch_lamination","name":"Pelliculage mat Soft Touch® (aspect velours) recto seul","nullable":false,"eco":false},{"slug":"single_sided_scratch_resistant_laminate","name":"Pelliculage mat anti-rayures recto seul","nullable":false,"eco":false},{"slug":"double_sided_gloss_lamination","name":"Pelliculage brillant recto/verso","nullable":false,"eco":false},{"slug":"double_sided_matt_lamination","name":"Pelliculage mat recto/verso","nullable":false,"eco":false},{"slug":"double_sided_scratch_resistant_laminate","name":"Pelliculage mat anti-rayures recto/verso","nullable":false,"eco":false},{"slug":"double_soft_touch_lamination","name":"Pelliculage mat Soft Touch® (aspect velours) recto/verso","nullable":false,"eco":false},{"slug":"single_sided_linen_lamination","name":"Pelliculage mat aspect lin recto seul","nullable":false,"eco":false},{"slug":"double_sided_linen_lamination","name":"Pelliculage mat aspect lin recto/verso","nullable":false,"eco":false}]},{"slug":"spot_finish","title":"Dorure ou vernis sélectif couverture","locked":false,"options":[{"slug":"none","name":"Sans","nullable":true,"eco":false},{"slug":"foil_gold","name":"Dorure or","nullable":false,"eco":false},{"slug":"foil_silver","name":"Dorure argent","nullable":false,"eco":false},{"slug":"foil_rose","name":"Dorure or rosé","nullable":false,"eco":false},{"slug":"foil_copper","name":"Dorure cuivre","nullable":false,"eco":false},{"slug":"foil_glitter","name":"Dorure pailletée","nullable":false,"eco":false},{"slug":"foil_rainbow","name":"Dorure arc-en-ciel","nullable":false,"eco":false},{"slug":"embossed_partial_gloss_40","name":"Vernis sélectif UV brillant épaississant 3D (40 µm)","nullable":false,"eco":false},{"slug":"embossed_partial_gloss_80","name":"Vernis sélectif UV brillant épaississant 3D (80 µm)","nullable":false,"eco":false}]},{"slug":"sample","title":"Epreuve / Échantillon d'impression","locked":false,"options":[{"slug":"none","name":"Non","nullable":true,"eco":false},{"slug":"sample_with_voucher","name":"Epreuve avec bon de réduction","nullable":false,"eco":false},{"slug":"sample_with_watermark","name":"Epreuve avec filigrane","nullable":false,"eco":false}]},{"slug":"copies","title":"Quantité","locked":false,"options":[{"slug":1,"nullable":false,"type":"digital"},{"slug":5,"nullable":false,"type":"digital"},{"slug":10,"nullable":false,"type":"digital"},{"slug":25,"nullable":false,"type":"digital"},{"slug":50,"nullable":false,"type":"digital"},{"slug":100,"nullable":false,"type":"digital"}],"rangeSets":[{"options":[{"max":3025,"steps":1,"min":1}],"summary":[1,10,25,50,100,200,250,300],"printingmethod":"inkjet"},{"options":[{"max":300,"steps":50,"min":250},{"max":700,"steps":100,"min":300},{"max":800,"steps":50,"min":700},{"max":1200,"steps":100,"min":800},{"max":1300,"steps":50,"min":1200},{"max":5000,"steps":100,"min":1300},{"max":15000,"steps":250,"min":5000},{"max":20000,"steps":250,"min":15000},{"steps":250,"max":100500,"min":20000}],"summary":[250,300,400,500,750,1000,1250,1500,2000,2500,3000,4000,5000,7500,10000],"printingmethod":"offset"},{"summary":[1,5,10,25,50,100],"options":[{"max":2500,"steps":1,"min":1}],"printingmethod":"digital"}]},{"slug":"urgency","title":"Urgence","locked":false,"options":[{"slug":"quick","name":"Rapide","nullable":false,"eco":false},{"slug":"standard","name":"Standard","nullable":false,"eco":false},{"slug":"urgent","name":"Urgent","nullable":false,"eco":false},{"slug":"moderate","nullable":false,"eco":false,"name":"Moderate"}]},{"slug":"printingmethod","title":"Méthode d'impression","locked":false,"options":[{"slug":"digital","name":"Digital","description":"HP Indigo Digital","nullable":false,"eco":false},{"slug":"inkjet","name":"Jet d'encre","description":"varioPRINT iX-serie inkjet","nullable":false,"eco":false},{"slug":"offset","name":"Offset","nullable":false,"eco":false}]},{"slug":"standard_bundle","title":"Empaqueter","locked":false,"options":[{"slug":"no","name":"No","nullable":true},{"slug":"yes","name":"Mettre en lots","nullable":false}]},{"slug":"special_size","title":"Format spécial","locked":false,"options":[{"slug":"false","name":"Non","nullable":false,"eco":false},{"slug":"true","name":"Oui","nullable":false,"eco":false}]},{"slug":"packaging_extras","title":"Emballage","locked":false,"options":[{"slug":"packaging_handling","name":"packaging_handling","nullable":false,"eco":false}]},{"slug":"cross_bundle","title":"Conditionnement sous liens croisés","locked":false,"options":[{"slug":"yes","name":"Conditionnement en lots sous liens croisés","nullable":false},{"slug":"no","name":"non","nullable":true}]},{"slug":"sheet_size","title":"Format fini (Largeur x Hauteur)","locked":false,"options":[{"slug":"large_indigo_sheet","name":"grande feuille d'indigo","nullable":false,"eco":false},{"slug":"not_defined","name":"non défini","nullable":false,"eco":false},{"slug":"small_indigo_sheet","name":"petite feuille d'indigo","nullable":false,"eco":false}]},{"slug":"box_delivery","locked":false,"options":[{"slug":"15","nullable":false,"eco":false,"name":"15"}],"title":"box_delivery"},{"slug":"clean_cut","title":"Coupe au format","locked":true,"options":[{"slug":"yes","name":"Oui","nullable":false,"eco":false},{"slug":"no","name":"Non","nullable":true,"eco":false}]},{"slug":"bundle","title":"Lots sous bandelette","locked":false,"options":[{"slug":"bundle_per_25","name":"par 25","nullable":false,"eco":false},{"slug":"bundle_per_50","name":"par 50","nullable":false,"eco":false},{"slug":"bundle_per_100","name":"par 100","nullable":false,"eco":false},{"slug":"bundle_per_250","name":"par 250","nullable":false,"eco":false}]},{"slug":"sealed","title":"Lots sous film","locked":false,"options":[{"slug":"1","name":"Par unité","nullable":false,"eco":false},{"slug":"10","name":"par 10","nullable":false,"eco":false},{"slug":"25","name":"par 25","nullable":false,"eco":false}]},{"slug":"pallet_delivery","title":"Livraison sur palette","locked":false,"options":[{"slug":"bundle_250_boxes","name":"Conditionnement par 250 sous liens croisés, puis mise en boîtes","nullable":false},{"slug":"bundle_250_no_boxes","name":"Conditionnement par 250 sous liens croisés, puis mise sur palette","nullable":false},{"slug":"bundle_random_boxes","name":"Conditionnement sous liens croisés (sans comptage), puis mise en boîtes","nullable":false},{"slug":"cross_bundle_100_no_boxes","name":"Conditionnement par 100 sous liens croisés, puis mise sur palette","nullable":false}]},{"slug":"delivery","title":"Poids maximun par colis (voir 'Frais de transport')","locked":false,"options":[{"slug":"box_max_weight_15_kg","name":"15 kg par boîte","nullable":false,"eco":false},{"slug":"box_max_weight_25_kg","name":"25 kg par boîte","nullable":true,"eco":false}]}],"maxDesigns":1,"bleed":2,"hsCode":"4901990000","isAvailableInUserRegion":true,"hasAccessories":false,"accessoryExcludes":[]}