{"sku":"stapled-wall-calendar","active":true,"titleSingle":"Calendrier mural agrafé","titlePlural":"Calendriers muraux agrafés","createdAt":"2023-08-25T07:41:27.706Z","updatedAt":"2024-08-22T11:22:13.189Z","properties":[{"slug":"summary_image","title":"summary image","locked":false,"options":[{"slug":"stapled-wall-calender","nullable":true,"eco":false,"name":"stapled-wall-calender"}]},{"slug":"printtype","title":"Impression","locked":false,"options":[{"slug":"44","name":"4/4 quadri recto/verso","nullable":false,"eco":false}]},{"slug":"binding_edge","title":"Côté de la reliure","locked":false,"options":[{"slug":"binding_top","name":"Reliure en tête","nullable":false,"eco":false}]},{"slug":"material","title":"Support","locked":false,"options":[{"slug":"115gr_gesatineerd_mc","name":"Couché brillant 115 g/m²","nullable":false,"eco":false},{"slug":"135gr_gesatineerd_mc","name":"Couché brillant 135 g/m²","nullable":false,"eco":false},{"slug":"170gr_gesatineerd_mc","name":"Couché brillant 170 g/m²","nullable":false,"eco":false},{"slug":"250gr_gesatineerd_mc","name":"Couché brillant 250 g/m²","nullable":false,"eco":false},{"slug":"115gr_silk_mc","name":"Couché demi-mat (silk) 115 g/m²","nullable":false,"eco":false},{"slug":"135gr_silk_mc","name":"Couché demi-mat (silk) 135 g/m²","nullable":false,"eco":false},{"slug":"170gr_silk_mc","name":"Couché demi-mat (silk) 170 g/m²","nullable":false,"eco":false},{"slug":"250gr_silk_mc","name":"Couché demi-mat (silk) 250 g/m²","nullable":false,"eco":false},{"slug":"90gr_biotop","name":"Bio Top 3® naturel 90 g/m²","nullable":false,"eco":true},{"slug":"120gr_biotop","name":"Bio Top 3® naturel 120 g/m²","nullable":false,"eco":true},{"slug":"160gr_biotop","name":"Bio Top 3® naturel 160 g/m²","nullable":false,"eco":true},{"slug":"250gr_biotop","name":"Bio Top 3® naturel 250 g/m²","nullable":false,"eco":true},{"slug":"90gr_hvo","name":"Offset non couché 90 g/m²","nullable":false,"eco":false},{"slug":"120gr_hvo","name":"Offset non couché 120 g/m²","nullable":false,"eco":false},{"slug":"170gr_hvo","name":"Offset  non couché 170 g/m²","nullable":false,"eco":false},{"slug":"250gr_hvo","name":"Offset non couché 250 g/m²","nullable":false,"eco":false},{"slug":"90gr_paperwise_earth_pact_natural","name":"Paperwise® Earth Pact Natural 90 g/m²","nullable":false,"eco":true},{"slug":"150gr_paperwise_earth_pact_natural","name":"Paperwise® Earth Pact Natural 150 g/m²","nullable":false,"eco":true},{"slug":"120gr_recystar","name":"BalancePure® 120 g/m²","nullable":false,"eco":true},{"slug":"170gr_recystar","name":"BalancePure® 170 g/m²","nullable":false,"eco":true},{"slug":"90gr_recystar_nature","name":"Recystar® Nature 90 g/m²","nullable":false,"eco":true},{"slug":"120gr_recystar_nature","name":"Recystar Nature 120 g/m²","nullable":false,"eco":true},{"slug":"170gr_recystar_nature","name":"Recystar® Nature 170 g/m²","nullable":false,"eco":true}]},{"slug":"cover_material","title":"Matériau couverture","locked":false,"options":[{"slug":"selfcover","name":"Selfcover","nullable":false,"eco":false},{"slug":"170gr_gesatineerd_mc","name":"Couverture souple - Couché brillant 160 g/m²","nullable":false,"eco":false},{"slug":"250gr_gesatineerd_mc","name":"Couverture souple - Couché brillant 250 g/m²","nullable":false,"eco":false},{"slug":"300gr_gesatineerd_mc","name":"Couverture souple - Couché brillant 300 g/m²","nullable":false,"eco":false},{"slug":"350gr_gesatineerd_mc","name":"Couverture souple - Couché brillant 350 g/m²","nullable":false,"eco":false},{"slug":"400gr_gesatineerd_mc","name":"Couverture souple - Couché brillant 400 g/m²","nullable":false,"eco":false},{"slug":"170gr_silk_mc","name":"Couverture souple - Couché demi-mat (silk) 170 g/m²","nullable":false,"eco":false},{"slug":"250gr_silk_mc","name":"Couverture souple - Couché demi-mat (silk) 250 g/m²","nullable":false,"eco":false},{"slug":"300gr_silk_mc","name":"Couverture souple - Couché demi-mat (silk) 300 g/m²","nullable":false,"eco":false},{"slug":"350gr_silk_mc","name":"Couverture souple - Couché demi-mat (silk) 350 g/m²","nullable":false,"eco":false},{"slug":"400gr_silk_mc","name":"Couverture souple - Couché demi-mat (silk) 400 g/m²","nullable":false,"eco":false},{"slug":"170gr_hvo","name":"Couverture souple - Offset sans bois 160 g/m²","nullable":false,"eco":false},{"slug":"250gr_hvo","name":"Couverture souple - Offset sans bois 250 g/m²","nullable":false,"eco":false},{"slug":"300gr_hvo","name":"Couverture souple - Offset sans bois 300 g/m²","nullable":false,"eco":false},{"slug":"280_sbs_dubbel","name":"Couverture souple - Carton sulfate Invercote couché 2 faces 280 g/m²","nullable":false,"eco":false},{"slug":"300gr_sbs","name":"Couverture souple - Carton sulfate Multicard 300 g/m², couché 1 face","nullable":false,"eco":false},{"slug":"160gr_biotop","name":"Couverture souple - Bio Top 3 naturel 160 g/m²","nullable":false,"eco":true},{"slug":"250gr_biotop","name":"Couverture souple - Bio Top 3 naturel 250 g/m²","nullable":false,"eco":true},{"slug":"170gr_recystar","name":"Couverture souple - Recystar Polar 170 g/m²","nullable":false,"eco":true},{"slug":"300gr_recystar","name":"Couverture souple - Balance Pure 300 g/m²","nullable":false,"eco":true},{"slug":"170gr_recystar_nature","name":"Couverture souple - Recystar Nature 170 g/m²","nullable":false,"eco":true},{"slug":"300gr_recystar_nature","name":"Couverture souple - Recystar Nature 300 g/m²","nullable":false,"eco":true}]},{"slug":"finish","title":"Finition","locked":false,"options":[{"slug":"geen","name":"Sans","nullable":true,"eco":false},{"slug":"single_sided_gloss_lamination","name":"Pelliculage brillant recto seul","nullable":false,"eco":false},{"slug":"single_sided_matt_lamination","name":"Pelliculage mat recto seul","nullable":false,"eco":false},{"slug":"single_soft_touch_lamination","name":"Pelliculage mat Soft Touch® (aspect velours) recto seul","nullable":false,"eco":false},{"slug":"single_sided_scratch_resistant_laminate","name":"Pelliculage mat anti-rayures recto seul","nullable":false,"eco":false}]},{"slug":"sample","title":"Epreuve / Échantillon d'impression","locked":false,"options":[{"slug":"none","name":"Non","nullable":true,"eco":false},{"slug":"sample_with_voucher","name":"Epreuve avec bon de réduction","nullable":false,"eco":false},{"slug":"sample_with_watermark","name":"Epreuve avec filigrane","nullable":false,"eco":false}]},{"slug":"copies","title":"Quantité","locked":false,"options":[],"rangeSets":[{"options":[{"max":2010,"steps":1,"min":1}],"summary":[1,10,25,50,75,100,150,200,250,300,350,400,500],"printingmethod":"digital"},{"options":[{"max":1010,"steps":1,"min":1}],"summary":[1,10,25,50,100],"printingmethod":"inkjet"}]},{"slug":"pages","title":"Nombre de pages","locked":false,"options":[{"slug":"8","name":"8 pages","nullable":false,"eco":false},{"slug":"12","name":"12 pages","nullable":false,"eco":false},{"slug":"16","name":"16 pages","nullable":false,"eco":false},{"slug":"20","name":"20 pages","nullable":false,"eco":false},{"slug":"24","name":"24 pages","nullable":false,"eco":false},{"slug":"28","name":"28 pages","nullable":false,"eco":false},{"slug":"32","name":"32 pages","nullable":false,"eco":false}]},{"slug":"size","title":"Format fermé (largeur x hauteur)","locked":false,"options":[{"slug":"a4_landscape","name":"A4 paysage - 297 x 210 mm","nullable":false},{"slug":"a4","name":"A4 - 210 x 297 mm","nullable":false},{"slug":"a5_landscape","name":"A5 paysage - 210 x 148 mm","nullable":false},{"slug":"a5","name":"A5 - 148 x 210 mm","nullable":false},{"slug":"a6_landscape","name":"A6 paysage - 148 x 105 mm","nullable":false},{"slug":"a6","name":"A6 - 105 x 148 mm","nullable":false},{"slug":"carre_xl","name":"Carré XL - 297 x 297 mm","nullable":false},{"slug":"carre_l","name":"Carré L - 210 x 210 mm","nullable":false},{"slug":"carre_m","name":"Carré M - 148 x 148 mm","nullable":false}]},{"slug":"urgency","title":"Urgence","locked":false,"options":[{"slug":"quick","name":"Rapide","nullable":false,"eco":false},{"slug":"standard","name":"Standard","nullable":false,"eco":false},{"slug":"urgent","name":"Urgent","nullable":false,"eco":false},{"slug":"moderate","nullable":false,"eco":false,"name":"Moderate"}]},{"slug":"printingmethod","title":"Méthode d'impression","locked":false,"options":[{"slug":"inkjet","name":"Jet d'encre","nullable":false,"eco":false},{"slug":"digital","name":"Digital","description":"HP Indigo digital","nullable":false,"eco":false}]},{"slug":"binding","title":"Reliure","locked":false,"options":[{"slug":"stapled","name":"Avec agrafes standards","nullable":false,"eco":false}]},{"slug":"clean_cut","title":"Coupe au format","locked":true,"options":[{"slug":"yes","name":"Oui","nullable":false,"eco":false},{"slug":"no","name":"Non","nullable":true,"eco":false}]},{"slug":"drillholes","title":"Trous","locked":false,"options":[{"slug":"none","name":"Sans","nullable":true,"eco":false},{"slug":"one_drillhole","name":"1 x 6 mm","nullable":false,"eco":false},{"slug":"one_drillhole_4mm","name":"1 x 4 mm","nullable":false,"eco":false}]}],"maxDesigns":1,"bleed":2,"hsCode":"4910000000","isAvailableInUserRegion":true,"hasAccessories":false,"accessoryExcludes":[]}