{"sku":"sticker-vinyl","active":true,"titleSingle":"Autocollant vinyl","titlePlural":"Autocollants vinyl","createdAt":"2023-08-29T15:13:53.233Z","updatedAt":"2024-08-27T06:48:30.231Z","properties":[{"slug":"summary_image","title":"summary image","locked":false,"options":[{"slug":"sticker-vinyl","nullable":true,"eco":false,"name":"sticker-vinyl"}]},{"slug":"material","title":"Support","locked":false,"options":[{"slug":"monomeer_white_gloss_orajet_3162","name":"Monomère blanc brillant - Orajet® 3162","nullable":false,"eco":false},{"slug":"monomeer_transparent_full_color_orajet_3162","name":"Monomère transparent brillant - Orajet® 3162","nullable":false,"eco":false},{"slug":"monomeric_white_glossy_3m_ij20-10r","name":"Monomère blanc brillant - 3M™ Scotchcal™ IJ20-10R","nullable":false,"eco":false},{"slug":"ultra_clear_transparant_lintec_e-2200zc","name":"Lintec E-2200ZC","nullable":false,"eco":true},{"slug":"clearview_transparent_gloss_full_color_3m_ij8150","name":"Clearview brillant - 3M™ Scotchcal™ IJ8150","nullable":false,"eco":false},{"slug":"one_way_vision_orajet_3676","name":"One way vision - Orajet® 3676","nullable":false,"eco":false},{"slug":"dot_white_gloss_prime_quick_stick","name":"Easy DOT (blanc)","nullable":false,"eco":false},{"slug":"dot_transparent_gloss_prime_quick_stick","name":"Easy DOT (transparent)","nullable":false,"eco":false},{"slug":"polymeer_white_gloss_orajet_3551g","name":"Polymère blanc brillant - Orajet®  3551","nullable":false,"eco":false},{"slug":"polymeer_white_gloss_orajet_3551gra","name":"Polymère blanc brillant RapidAir - Orajet® 3551RA","nullable":false,"eco":false},{"slug":"polymeer_transparent_orajet_3551g000","name":"Polymère transparent brillant - Orajet® 3551","nullable":false,"eco":false},{"slug":"monomeric_white_matt_ijm715","name":"Monomère blanc mat avec anti-dérapant R10 - IJM715","nullable":false,"eco":false},{"slug":"cast_white_gloss_3m_3662-10","name":"Vinyle sol coulé blanc brillant - 3M™  Scotchcal ™ 3662","nullable":false,"eco":false},{"slug":"175gr_yupotako_white","name":"Film micro-ventousé blanc - YUPOTako®","nullable":false,"eco":true},{"slug":"238gr_yupojelly_transparent","name":"Film micro-ventousé transparent - YUPOJelly®","nullable":false,"eco":true},{"slug":"sandblast_window_film","nullable":false,"eco":false,"name":"Film de sablage"},{"slug":"haze_window_film","nullable":false,"eco":false,"name":"Haze film"},{"slug":"monomeric_white_gloss_orajet_3174xg010","name":"Monomère blanc brillant sans pvc - Orajet® 3174","nullable":false,"eco":true},{"slug":"ip2906_rigid_pvc","name":"PVC double face - ImagePerfect™ 2906 ","nullable":false,"eco":false},{"slug":"polymeric_white_glossy_3m_ij40c-10","name":"Polymère blanc brillant Controltac™ and Comply™ - 3M™ Envision™ 40C-10","nullable":false,"eco":false},{"slug":"polymeer_white_matt_gf285_roughmark","nullable":false,"eco":false,"name":"Polymère blanc mat - Roughmark™ 285"},{"slug":"polymeer_transparent_matt_gf287_roughmark","nullable":false,"eco":false,"name":"Polymère transparent mat - Roughmark™ 287"},{"slug":"polymeer_white_gloss_orajet_3650","nullable":false,"eco":false,"name":"Orajet® 3650 (polymère blanc)"}]},{"slug":"finish","title":"Pelliculage","locked":false,"options":[{"slug":"no_laminate","name":"Sans","nullable":false,"eco":false},{"slug":"monomeer_gloss_lamination_oraguard_200","name":"Pelliculage monomère brillant - Oraguard® 200","nullable":false,"eco":false},{"slug":"monomeer_matt_lamination_oraguard_200","name":"Pelliculage monomère mat - Oraguard 200","nullable":false,"eco":false},{"slug":"polymeer_gloss_lamination_oraguard_215","name":"Pelliculage polymère brillant - Oraguard® 215","nullable":false,"eco":false},{"slug":"polymeer_matt_lamination_oraguard_215","name":"Pelliculage polymère mat - Oraguard® 215","nullable":false,"eco":false},{"slug":"one_way_vision_lamination_oraguard_297gf_optical_clear","name":"Pelliculage One way vision - Oraguard® 297GF","nullable":false,"eco":false},{"slug":"floor_lamination_monomeer_anti_skid_oraguard_250as_120_mic","name":"Pelliculage sol monomère mat 120 µm R10 - Oraguard 250AS","nullable":false,"eco":false},{"slug":"floor_lamination_monomeer_anti_skid_oraguard_255as_170_mic","name":"Pelliculage sol monomère mat 170 µm R10 - Oraguard 255AS","nullable":false,"eco":false},{"slug":"luster_cast_mat_laminate_3m_3645","name":"Pelliculage coulé mat pour sol 200 µm R9 - 3M scotchcal 3645","nullable":false,"eco":false},{"slug":"pavement_cast_mat_laminate_3m_3647","name":"Pelliculage sol coulé blanc mat 500 µm - 3M Scotchcal 3647","nullable":false,"eco":false},{"slug":"floor_lamination_pvc_free_gf_213","nullable":false,"eco":true,"name":"Lamination pour sol sans PVC - GF 213 Traffic Graffic"},{"slug":"monomeric_gloss_lamination_oraguard_236g","name":"Pelliculage monomère brillant sans pvc - Oraguard 236","nullable":false,"eco":true},{"slug":"monomeric_gloss_lamination_3m_8008g","name":"Stratifié monomère brillant - 3M™ Envision™ 8008G","nullable":false,"eco":false},{"slug":"monomeric_matt_lamination_3m_8010m","name":"Stratifié monomère mat - 3M™ Envision™ 8010M","nullable":false,"eco":false},{"slug":"whiteboard_lamination_prime","name":"Pelliculage tableau blanc polymère transparent brillant","nullable":false,"eco":false},{"slug":"clearview_transparent_laminate_gloss_full_color_3m_ij8150","name":"Clearview brillant - 3M™ Scotchcal™ IJ8150","nullable":false,"eco":false}]},{"slug":"size","title":"Format (largeur x hauteur)","locked":false,"options":[{"slug":"30_x_20_cm","name":"30 x 20 cm","nullable":false},{"slug":"40_x_30_cm","name":"40 x 30 cm","nullable":false},{"slug":"60_x_40_cm","name":"60 x 40 cm","nullable":false},{"slug":"90_x_60_cm","name":"90 x 60 cm","nullable":false},{"slug":"100_x_100_cm","name":"100 x 100 cm","nullable":false},{"slug":"a4_cm","name":"A4 - 21 x 29,7 cm","nullable":false},{"slug":"a3_cm","name":"A3 - 29,7 x 42 cm","nullable":false},{"slug":"a2_cm","name":"A2 - 42 x 59,4 cm","nullable":false},{"slug":"a1_cm","name":"A1 - 59,4 x 84 cm","nullable":false},{"slug":"a0_cm","name":"A0 - 84 x 118,9 cm","nullable":false},{"slug":"custom","nullable":false,"customSizes":{"minHeight":50,"sizeUnit":"CM","minWidth":50,"maxHeight":7500,"dimensionalAccuracy":"MM","maxWidth":1480}}]},{"slug":"copies","title":"Quantité","locked":false,"options":[{"slug":1,"nullable":false,"type":"lfp_latex_160"},{"slug":2,"nullable":false,"type":"lfp_latex_160"},{"slug":3,"nullable":false,"type":"lfp_latex_160"},{"slug":4,"nullable":false,"type":"lfp_latex_160"},{"slug":5,"nullable":false,"type":"lfp_latex_160"},{"slug":6,"nullable":false,"type":"lfp_latex_160"},{"slug":7,"nullable":false,"type":"lfp_latex_160"},{"slug":8,"nullable":false,"type":"lfp_latex_160"},{"slug":9,"nullable":false,"type":"lfp_latex_160"},{"slug":10,"nullable":false,"type":"lfp_latex_160"}],"rangeSets":[{"summary":[1,2,3,4,5,6,7,8,9,10],"options":[{"max":100000,"steps":1,"min":1}],"printingmethod":"lfp_latex_160"}]},{"slug":"printtype","title":"Impression","locked":false,"options":[{"slug":"00","name":"Non imprimé","nullable":false,"eco":false},{"slug":"40","name":"4/0 quadri recto","nullable":false,"eco":false},{"slug":"44","name":"4/4 quadri recto/verso","nullable":false,"eco":false},{"slug":"50","name":"5/0 quadri + blanc","nullable":false,"eco":false}]},{"slug":"application_side","title":"Face du collage","locked":false,"options":[{"slug":"outside","name":"Face extérieure","nullable":false,"eco":false},{"slug":"inside","name":"Face intérieure (fournir le visuel en miroir)","nullable":false,"eco":false}]},{"slug":"custom_shape","title":"Coupe et découpe","locked":false,"options":[{"slug":"clean_cut_stickers","name":"Coupe droite","nullable":false,"eco":false},{"slug":"custom_shape_die_cut","name":"Découpe à la forme","nullable":false,"eco":false},{"slug":"custom_shape_kiss_cut_multiple","name":"Découpe Mi-chair (contours multiples)","nullable":false,"eco":false},{"slug":"custom_shape_application_foil","name":"Mi-chair, découpe à la forme, avec film d'application","nullable":false,"eco":false}]},{"slug":"number_of_contour_lines","title":"Contours multiples","locked":false,"options":[{"slug":"no_contour_lines","name":"Non","nullable":true,"eco":false},{"slug":"1","name":"1","nullable":false,"eco":false},{"slug":"2","name":"2","nullable":false,"eco":false},{"slug":"3","name":"3","nullable":false,"eco":false},{"slug":"4","name":"4","nullable":false,"eco":false},{"slug":"5","name":"5","nullable":false,"eco":false},{"slug":"6","name":"6","nullable":false,"eco":false},{"slug":"7","name":"7","nullable":false,"eco":false},{"slug":"8","name":"8","nullable":false,"eco":false},{"slug":"9","name":"9","nullable":false,"eco":false},{"slug":"10","name":"10","nullable":false,"eco":false},{"slug":"11","name":"11","nullable":false,"eco":false},{"slug":"12","name":"12","nullable":false,"eco":false},{"slug":"13","name":"13","nullable":false,"eco":false},{"slug":"14","name":"14","nullable":false,"eco":false},{"slug":"15","name":"15","nullable":false,"eco":false},{"slug":"16","name":"16","nullable":false,"eco":false},{"slug":"17","name":"17","nullable":false,"eco":false},{"slug":"18","name":"18","nullable":false,"eco":false},{"slug":"19","name":"19","nullable":false,"eco":false},{"slug":"20","name":"20","nullable":false,"eco":false},{"slug":"21","name":"21","nullable":false,"eco":false},{"slug":"22","name":"22","nullable":false,"eco":false},{"slug":"23","name":"23","nullable":false,"eco":false},{"slug":"24","name":"24","nullable":false,"eco":false},{"slug":"25","name":"25","nullable":false,"eco":false}]},{"slug":"printingmethod","title":"Méthode d'impression","locked":false,"options":[{"slug":"lfp_latex_160","name":"HP Latex 800","description":"HP Latex 800","nullable":false,"eco":false}]},{"slug":"urgency","title":"Urgence","locked":false,"options":[{"slug":"standard","name":"Standard","nullable":false,"eco":false},{"slug":"quick","name":"Rapide","nullable":false,"eco":false},{"slug":"urgent","name":"Urgent","nullable":false,"eco":false},{"slug":"moderate","nullable":false,"eco":false,"name":"Moderate"}]},{"slug":"packaging_extras","title":"Emballage","locked":false,"options":[{"slug":"packaging_vinyl","name":"packaging_vinyl","nullable":false,"eco":false}]},{"slug":"finish_products","title":"Finition des produits","locked":false,"options":[{"slug":"none","name":"Sans","nullable":true,"eco":false},{"slug":"mount-film","name":"Pose d'un film autocollant double-face","nullable":false,"eco":false}]},{"slug":"box_delivery","locked":false,"options":[{"slug":"30","nullable":false,"eco":false,"name":"30"}],"title":"box_delivery"}],"maxDesigns":50,"bleed":10,"hsCode":"3919101000","isAvailableInUserRegion":true,"hasAccessories":true,"accessoryExcludes":[]}