{"sku":"stormfix","active":true,"titleSingle":"Stormfix","titlePlural":"Stormfix","createdAt":"2023-10-11T11:11:57.219Z","updatedAt":"2024-02-14T10:49:58.907Z","introductionDate":"2023-10-11T11:11:57.219Z","properties":[{"slug":"summary_image","locked":false,"options":[{"slug":"stormfix","nullable":true,"eco":false,"name":"stormfix"}],"title":"summary_image"},{"slug":"tensioner_type","title":"Type de crochets de fixation","locked":false,"options":[{"slug":"stormfix","name":"Stormfix 20 cm","nullable":false,"eco":false}]},{"slug":"material","title":"Support","locked":false,"options":[{"slug":"5mm_elastic_cord","name":"Corde élastique 5 mm","nullable":false,"eco":false}]},{"slug":"copies","title":"Quantité","locked":false,"options":[],"rangeSets":[{"options":[{"max":1000,"steps":1,"min":1}],"summary":[1,10,25,50,75,100],"printingmethod":"raw_material"}]},{"slug":"printtype","title":"Impression","locked":false,"options":[{"slug":"00","name":"Non imprimé","nullable":false,"eco":false}]},{"slug":"urgency","title":"Urgence","locked":false,"options":[{"slug":"standard","name":"Standard","nullable":false,"eco":false},{"slug":"quick","name":"Rapide","nullable":false,"eco":false},{"slug":"urgent","name":"Urgent","nullable":false,"eco":false},{"slug":"moderate","nullable":false,"eco":false,"name":"Moderate"}]},{"slug":"size","title":"Format (largeur x hauteur)","locked":false,"options":[{"slug":"stormgrip","name":"Stormgrip","nullable":false}]},{"slug":"printingmethod","title":"Méthode d'impression","locked":false,"options":[{"slug":"raw_material","name":"Sans impression","nullable":false,"eco":false}]}],"hsCode":"5603940000","isAvailableInUserRegion":true,"hasAccessories":false,"accessoryExcludes":[]}