{"sku":"suction-cup-windowflag-stick","active":true,"createdAt":"2023-12-12T13:55:38.391Z","updatedAt":"2024-11-07T12:15:23.617Z","introductionDate":"2023-12-12T13:55:38.391Z","properties":[{"slug":"summary_image","title":"summary image","locked":false,"options":[{"slug":"suction-cup-windowflag-stick","nullable":true,"eco":false,"name":"suction-cup-windowflag-stick"}]},{"slug":"copies","title":"Quantité","locked":false,"options":[],"rangeSets":[{"options":[{"max":100,"steps":1,"min":1}],"summary":[1,2,3,4,5,6,7,8,9,10],"printingmethod":"raw_material"}]},{"slug":"accessories_flags","title":"Accessoires pour drapeaux","locked":false,"options":[{"slug":"suction-cup-windowflag-stick","nullable":false,"eco":false,"name":"Suction cup and window flag stick"}]},{"slug":"material","title":"Support","locked":false,"options":[{"slug":"accessories","name":"Accessoires","nullable":false,"eco":false}]},{"slug":"printingmethod","title":"Méthode d'impression","locked":false,"options":[{"slug":"raw_material","name":"Sans impression","nullable":false,"eco":false}]},{"slug":"urgency","title":"Urgence","locked":false,"options":[{"slug":"standard","name":"Standard","nullable":false,"eco":false},{"slug":"quick","name":"Rapide","nullable":false,"eco":false},{"slug":"urgent","name":"Urgent","nullable":false,"eco":false},{"slug":"moderate","nullable":false,"eco":false,"name":"Moderate"}]},{"slug":"size","title":"Format (largeur x hauteur)","locked":false,"options":[{"slug":"accessories","name":"Accessories","nullable":false}]},{"slug":"printtype","title":"Impression","locked":false,"options":[{"slug":"00","name":"Non imprimé","nullable":false,"eco":false}]}],"hsCode":"7326909800","isAvailableInUserRegion":true,"hasAccessories":false,"accessoryExcludes":[],"titlePlural":"Suction cup and window flag sticks ","titleSingle":"Suction cup with flagpole"}