{"sku":"surface-cleaner","active":true,"titleSingle":"Dégraissant","titlePlural":"Dégraissants","createdAt":"2024-02-14T10:50:02.158Z","updatedAt":"2024-02-14T10:50:02.158Z","introductionDate":"2024-02-14T10:50:02.158Z","properties":[{"slug":"accessories","title":"Accessoires","locked":false,"options":[{"slug":"surface_cleaner_ammoniak","name":"Dégraissant - Amoniaque","nullable":false,"eco":false},{"slug":"surface_cleaner_amino-ethanol","name":"Dégraissant - Amino-ethanol","nullable":false,"eco":false}]},{"slug":"size","title":"Format (largeur x hauteur)","locked":false,"options":[{"slug":"500_ml","name":"500 ml","nullable":false}]},{"slug":"material","title":"Support","locked":false,"options":[{"slug":"500gr_butoxyethanol","name":"Produit de nettoyage à base de Butoxyethanol et Amoniaque","nullable":false,"eco":false},{"slug":"500gr_butoxyethanol-amino-ethanol","name":"Produit de nettoyage à base de Butoxyethanol et Amoniaque/ethanol","nullable":false,"eco":false}]},{"slug":"copies","title":"Quantité","locked":false,"options":[],"rangeSets":[{"summary":[1,2,3,4,5],"options":[{"max":100,"steps":1,"min":0}],"printingmethod":"raw_material"}]},{"slug":"printingmethod","title":"Méthode d'impression","locked":false,"options":[{"slug":"raw_material","name":"Sans impression","nullable":false,"eco":false}]},{"slug":"printtype","title":"Impression","locked":false,"options":[{"slug":"00","name":"Non imprimé","nullable":false,"eco":false}]},{"slug":"urgency","title":"Urgence","locked":false,"options":[{"slug":"standard","name":"Standard","nullable":false,"eco":false},{"slug":"quick","name":"Rapide","nullable":false,"eco":false},{"slug":"urgent","name":"Urgent","nullable":false,"eco":false},{"slug":"moderate","nullable":false,"eco":false,"name":"Moderate"}]}],"maxDesigns":1,"hsCode":"3402909000","isAvailableInUserRegion":true,"hasAccessories":false,"accessoryExcludes":[]}