{"sku":"tent-heaters","active":true,"createdAt":"2023-08-23T07:44:44.489Z","updatedAt":"2024-02-14T10:50:36.767Z","introductionDate":"2023-08-23T07:44:44.489Z","properties":[{"slug":"summary_image","title":"summary image","locked":false,"options":[{"slug":"tent-heaters","nullable":true,"eco":false,"name":"tent-heaters"}]},{"slug":"copies","title":"Quantité","locked":false,"options":[],"rangeSets":[{"summary":[1,2,3,4,5,6,7,8,9,10],"options":[{"steps":1,"max":30,"min":1}],"printingmethod":"raw_material"}]},{"slug":"printtype","title":"Impression","locked":false,"options":[{"slug":"00","name":"Non imprimé","nullable":false,"eco":false}]},{"slug":"printingmethod","title":"Méthode d'impression","locked":false,"options":[{"slug":"raw_material","name":"Sans impression","nullable":false,"eco":false}]},{"slug":"material","title":"Support","locked":false,"options":[{"slug":"accessories","name":"Accessoires","nullable":false,"eco":false}]},{"slug":"urgency","title":"Urgence","locked":false,"options":[{"slug":"standard","name":"Standard","nullable":false,"eco":false},{"slug":"quick","name":"Rapide","nullable":false,"eco":false},{"slug":"urgent","name":"Urgent","nullable":false,"eco":false}]},{"slug":"size","title":"Format (largeur x hauteur)","locked":false,"options":[{"slug":"accessories","name":"Accessories","nullable":false}]},{"slug":"heating","locked":false,"options":[{"slug":"led_heating","name":"Chauffage LED","nullable":false,"eco":false}],"title":"Heating"}],"maxDesigns":1,"hsCode":"7321900000","isAvailableInUserRegion":true,"hasAccessories":false,"accessoryExcludes":[],"titlePlural":"Tent heaters","titleSingle":"Tent heater"}