{"sku":"tent-lighting","active":true,"createdAt":"2023-08-22T13:22:08.139Z","updatedAt":"2024-02-14T10:50:01.399Z","introductionDate":"2023-08-22T13:22:08.139Z","properties":[{"slug":"summary_image","title":"summary image","locked":false,"options":[{"slug":"tent-lighting","nullable":true,"eco":false,"name":"tent-lighting"}]},{"slug":"copies","title":"Quantité","locked":false,"options":[],"rangeSets":[{"options":[{"max":30,"steps":1,"min":1}],"summary":[1,2,3,4,5],"printingmethod":"raw_material"}]},{"slug":"printtype","title":"Impression","locked":false,"options":[{"slug":"00","name":"Non imprimé","nullable":false,"eco":false}]},{"slug":"printingmethod","title":"Méthode d'impression","locked":false,"options":[{"slug":"raw_material","name":"Sans impression","nullable":false,"eco":false}]},{"slug":"urgency","title":"Urgence","locked":false,"options":[{"slug":"standard","name":"Standard","nullable":false,"eco":false},{"slug":"quick","name":"Rapide","nullable":false,"eco":false},{"slug":"urgent","name":"Urgent","nullable":false,"eco":false}]},{"slug":"material","title":"Support","locked":false,"options":[{"slug":"accessories","name":"Accessoires","nullable":false,"eco":false}]},{"slug":"lighting","title":"Luminosité","locked":false,"options":[{"slug":"led_lighting","name":"Eclairage LED","nullable":false,"eco":false}]},{"slug":"size","title":"Format (largeur x hauteur)","locked":false,"options":[{"slug":"accessories","name":"Accessories","nullable":false}]}],"maxDesigns":1,"hsCode":"9405409000","isAvailableInUserRegion":true,"hasAccessories":false,"accessoryExcludes":[],"titlePlural":"Tent lighting","titleSingle":"Tent lighting"}