{"sku":"tiewraps","active":true,"titleSingle":"Colliers de serrage","titlePlural":"Colliers de serrage","createdAt":"2023-10-02T12:30:09.692Z","updatedAt":"2024-02-14T10:50:05.296Z","introductionDate":"2023-10-02T12:30:09.692Z","properties":[{"slug":"summary_image","title":"summary image","locked":false,"options":[{"slug":"tiewraps","nullable":true,"eco":false,"name":"Collier colson"}]},{"slug":"tiewraps","title":"Collier colson","locked":false,"options":[{"slug":"30_cm_black_set_of_20","nullable":false,"eco":false,"name":"30 cm black (set of 20)"},{"slug":"30_cm_white_set_of_20","nullable":false,"eco":false,"name":"30 cm white (set of 20)"}]},{"slug":"copies","title":"Quantité","locked":false,"options":[],"rangeSets":[{"options":[{"max":1001,"steps":1,"min":1}],"summary":[1,2,3,4,5,6,7,8,9,10],"printingmethod":"raw_material"}]},{"slug":"material","title":"Support","locked":false,"options":[{"slug":"accessories","name":"Accessoires","nullable":false,"eco":false}]},{"slug":"printingmethod","title":"Méthode d'impression","locked":false,"options":[{"slug":"raw_material","name":"Sans impression","nullable":false,"eco":false}]},{"slug":"printtype","title":"Impression","locked":false,"options":[{"slug":"00","name":"Non imprimé","nullable":false,"eco":false}]},{"slug":"urgency","title":"Urgence","locked":false,"options":[{"slug":"moderate","nullable":false,"eco":false,"name":"Moderate"},{"slug":"quick","name":"Rapide","nullable":false,"eco":false},{"slug":"standard","name":"Standard","nullable":false,"eco":false},{"slug":"urgent","name":"Urgent","nullable":false,"eco":false}]},{"slug":"size","title":"Format (largeur x hauteur)","locked":false,"options":[{"slug":"accessories","name":"Accessories","nullable":false}]}],"hsCode":"3926909700","isAvailableInUserRegion":true,"hasAccessories":false,"accessoryExcludes":[]}