{"sku":"tire-base","active":true,"titleSingle":"Pied pour roue de voiture","titlePlural":"Pieds pour roue de voiture","createdAt":"2024-02-12T12:57:26.613Z","updatedAt":"2024-05-13T15:06:03.345Z","introductionDate":"2024-02-12T12:57:26.613Z","properties":[{"slug":"summary_image","title":"summary image","locked":false,"options":[{"slug":"tire_base","nullable":true,"eco":false,"name":"Tire base"}]},{"slug":"size","title":"Format (largeur x hauteur)","locked":false,"options":[{"slug":"800_x_500_mm","name":"800 x 500 mm","nullable":false}]},{"slug":"material","title":"Support","locked":false,"options":[{"slug":"5000gr_stainless_steel","name":"Acier inoxydable","nullable":false,"eco":false}]},{"slug":"weight","title":"Poids","locked":false,"options":[{"slug":"3000_grams","name":"3000 grams","nullable":false,"eco":false},{"slug":"5000_grams","name":"5 kg","nullable":true,"eco":false}]},{"slug":"copies","title":"Quantité","locked":false,"options":[],"rangeSets":[{"options":[{"max":100,"steps":1,"min":1}],"summary":[1,2,3,4,5],"printingmethod":"raw_material"}]},{"slug":"printingmethod","title":"Méthode d'impression","locked":false,"options":[{"slug":"raw_material","name":"Sans impression","nullable":false,"eco":false}]},{"slug":"printtype","title":"Impression","locked":false,"options":[{"slug":"00","name":"Non imprimé","nullable":false,"eco":false}]},{"slug":"accessories_flags","title":"Accessoires pour drapeaux","locked":false,"options":[{"slug":"tire_base","nullable":false,"eco":false,"name":"Tire base"}]},{"slug":"urgency","title":"Urgence","locked":false,"options":[{"slug":"standard","name":"Standard","nullable":false,"eco":false},{"slug":"moderate","nullable":false,"eco":false,"name":"Moderate"},{"slug":"quick","name":"Rapide","nullable":false,"eco":false},{"slug":"urgent","name":"Urgent","nullable":false,"eco":false}]},{"slug":"article_number","title":"Numéro d'article","locked":false,"options":[{"slug":"06-0600-1293","nullable":false,"eco":false,"name":"06-0600-1293"}]}],"maxDesigns":1,"bleed":"3","hsCode":"5506100000","isAvailableInUserRegion":true,"hasAccessories":false,"accessoryExcludes":[]}