{"sku":"water-bag-black","active":true,"titleSingle":"Sac à eau noir","titlePlural":"Sacs à eau noirs","createdAt":"2024-02-14T10:49:54.969Z","updatedAt":"2024-04-17T13:29:28.598Z","introductionDate":"2024-02-14T10:49:54.969Z","properties":[{"slug":"summary_image","title":"summary image","locked":false,"options":[{"slug":"water_bag_black","nullable":true,"eco":false,"name":"Water bag black"}]},{"slug":"size","title":"Format (largeur x hauteur)","locked":false,"options":[{"slug":"diameter_50_cm","name":"50 cm de diamètre","nullable":false}]},{"slug":"material","title":"Support","locked":false,"options":[{"slug":"nylon","name":"nylon","nullable":false,"eco":false}]},{"slug":"copies","title":"Quantité","locked":false,"options":[],"rangeSets":[{"options":[{"max":100,"steps":1,"min":1}],"summary":[1,2,3,4,5],"printingmethod":"raw_material"}]},{"slug":"weight","title":"Poids","locked":false,"options":[{"slug":"250_grams","name":"250 gr","nullable":false,"eco":false}]},{"slug":"printingmethod","title":"Méthode d'impression","locked":false,"options":[{"slug":"raw_material","name":"Sans impression","nullable":false,"eco":false}]},{"slug":"printtype","title":"Impression","locked":false,"options":[{"slug":"00","name":"Non imprimé","nullable":false,"eco":false}]},{"slug":"accessories_flags","title":"Accessoires pour drapeaux","locked":false,"options":[{"slug":"water_bag_black","name":"Sac à eau noir","nullable":false,"eco":false}]},{"slug":"urgency","title":"Urgence","locked":false,"options":[{"slug":"standard","name":"Standard","nullable":false,"eco":false},{"slug":"moderate","nullable":false,"eco":false,"name":"Moderate"},{"slug":"quick","name":"Rapide","nullable":false,"eco":false},{"slug":"urgent","name":"Urgent","nullable":false,"eco":false}]},{"slug":"article_number","title":"Numéro d'article","locked":false,"options":[{"slug":"06-0600-1297","nullable":false,"eco":false,"name":"06-0600-1297"}]}],"maxDesigns":1,"bleed":"3","hsCode":"4202920000","isAvailableInUserRegion":true,"hasAccessories":false,"accessoryExcludes":[]}