{"sku":"wire-o-wall-calendar","active":true,"titleSingle":"Calendrier mural  à spirale","titlePlural":"Calendriers muraux à spirale","createdAt":"2023-09-15T13:41:23.914Z","updatedAt":"2024-10-17T09:20:27.444Z","properties":[{"slug":"summary_image","title":"summary image","locked":false,"options":[{"slug":"wire-o-wall-calender","nullable":true,"eco":false,"name":"wire-o-wall-calender"}]},{"slug":"binding","title":"Reliure","locked":false,"options":[{"slug":"calendar_hanger","name":"Spirale avec œillet d'accrochage","nullable":false,"eco":false}]},{"slug":"material","title":"Support","locked":false,"options":[{"slug":"170gr_gesatineerd_mc","name":"Couché brillant 170 g/m²","nullable":false,"eco":false},{"slug":"250gr_gesatineerd_mc","name":"Couché brillant 250 g/m²","nullable":false,"eco":false},{"slug":"300gr_gesatineerd_mc","name":"Couché brillant 300 g/m²","nullable":false,"eco":false},{"slug":"350gr_gesatineerd_mc","name":"Couché brillant 350 g/m²","nullable":false,"eco":false},{"slug":"170gr_silk_mc","name":"Couché demi-mat (silk) 170 g/m²","nullable":false,"eco":false},{"slug":"250gr_silk_mc","name":"Couché demi-mat (silk) 250 g/m²","nullable":false,"eco":false},{"slug":"300gr_silk_mc","name":"Couché demi-mat (silk) 300 g/m²","nullable":false,"eco":false},{"slug":"350gr_silk_mc","name":"Couché demi-mat (silk) 350 g/m²","nullable":false,"eco":false},{"slug":"160gr_biotop","name":"Bio Top 3® naturel 160 g/m²","nullable":false,"eco":true},{"slug":"250gr_biotop","name":"Bio Top 3® naturel 250 g/m²","nullable":false,"eco":true},{"slug":"300gr_biotop","name":"Bio Top 3® naturel 300 g/m²","nullable":false,"eco":true},{"slug":"170gr_recystar_nature","name":"Recystar® Nature 170 g/m²","nullable":false,"eco":true},{"slug":"300gr_recystar_nature","name":"Recystar® Nature 300 g/m²","nullable":false,"eco":true},{"slug":"120gr_hvo","name":"Offset non couché 120 g/m²","nullable":false,"eco":false},{"slug":"170gr_hvo","name":"Offset  non couché 170 g/m²","nullable":false,"eco":false},{"slug":"250gr_hvo","name":"Offset non couché 250 g/m²","nullable":false,"eco":false},{"slug":"300gr_hvo","name":"Offset non couché 300 g/m²","nullable":false,"eco":false},{"slug":"300gr_sbs","name":"Carte Multicard® 300 g/m², couché 1 face","nullable":false,"eco":false},{"slug":"350gr_sbd","name":"Carte MultiCard® 350 g/m², couché 2 faces","nullable":false,"eco":false},{"slug":"300gr_tintoretto_gesso","name":"Tintoretto Gesso 300 g/m² (martelé)","nullable":false,"eco":false},{"slug":"90gr_paperwise_earth_pact_natural","name":"Paperwise® Earth Pact Natural 90 g/m²","nullable":false,"eco":true}]},{"slug":"cover_material","title":"Matériau couverture","locked":false,"options":[{"slug":"selfcover","name":"Selfcover","nullable":false,"eco":false},{"slug":"170gr_gesatineerd_mc","name":"Couverture souple - Couché brillant 160 g/m²","nullable":false,"eco":false},{"slug":"250gr_gesatineerd_mc","name":"Couverture souple - Couché brillant 250 g/m²","nullable":false,"eco":false},{"slug":"300gr_gesatineerd_mc","name":"Couverture souple - Couché brillant 300 g/m²","nullable":false,"eco":false},{"slug":"350gr_gesatineerd_mc","name":"Couverture souple - Couché brillant 350 g/m²","nullable":false,"eco":false},{"slug":"400gr_gesatineerd_mc","name":"Couverture souple - Couché brillant 400 g/m²","nullable":false,"eco":false},{"slug":"170gr_silk_mc","name":"Couverture souple - Couché demi-mat (silk) 170 g/m²","nullable":false,"eco":false},{"slug":"250gr_silk_mc","name":"Couverture souple - Couché demi-mat (silk) 250 g/m²","nullable":false,"eco":false},{"slug":"300gr_silk_mc","name":"Couverture souple - Couché demi-mat (silk) 300 g/m²","nullable":false,"eco":false},{"slug":"350gr_silk_mc","name":"Couverture souple - Couché demi-mat (silk) 350 g/m²","nullable":false,"eco":false},{"slug":"400gr_silk_mc","name":"Couverture souple - Couché demi-mat (silk) 400 g/m²","nullable":false,"eco":false},{"slug":"170gr_hvo","name":"Couverture souple - Offset sans bois 160 g/m²","nullable":false,"eco":false},{"slug":"250gr_hvo","name":"Couverture souple - Offset sans bois 250 g/m²","nullable":false,"eco":false},{"slug":"300gr_hvo","name":"Couverture souple - Offset sans bois 300 g/m²","nullable":false,"eco":false},{"slug":"350gr_sbd","name":"Couverture souple - Carton sulfate Multicard 350 g/m², couché 2 faces","nullable":false,"eco":false},{"slug":"160gr_biotop","name":"Couverture souple - Bio Top 3 naturel 160 g/m²","nullable":false,"eco":true},{"slug":"250gr_biotop","name":"Couverture souple - Bio Top 3 naturel 250 g/m²","nullable":false,"eco":true},{"slug":"300gr_tintoretto_gesso","name":"Tintoretto Gesso 300 g/m² (martelé)","nullable":false,"eco":false}]},{"slug":"finish","title":"Finition de la couverture","locked":false,"options":[{"slug":"geen","name":"Sans","nullable":true,"eco":false},{"slug":"single_sided_gloss_lamination","name":"Pelliculage brillant recto seul","nullable":false,"eco":false},{"slug":"single_sided_matt_lamination","name":"Pelliculage mat recto seul","nullable":false,"eco":false},{"slug":"single_soft_touch_lamination","name":"Pelliculage mat Soft Touch® (aspect velours) recto seul","nullable":false,"eco":false},{"slug":"single_sided_scratch_resistant_laminate","name":"Pelliculage mat anti-rayures recto seul","nullable":false,"eco":false}]},{"slug":"wire-o_cover","title":"Transparents et carton de protection","locked":false,"options":[{"slug":"none","name":"Pas de feuilles de protection","nullable":true},{"slug":"transparant_front","name":"Face avant transparente","nullable":false},{"slug":"transparant_front_back","name":"Faces avant et arrière transparentes","nullable":false},{"slug":"gray_back","name":"Carton gris à l'arrière","nullable":false},{"slug":"transparent_front_gray_back","name":"Face avant transparente et carton gris à l'arrière","nullable":false}]},{"slug":"cover_last_sheet","title":"Retourner la dernière page vers l'extérieur","locked":false,"options":[{"slug":"yes","name":"Oui","nullable":false,"eco":false},{"slug":"no","name":"Non","nullable":true,"eco":false}]},{"slug":"wire-o_color","title":"Couleur de la spirale","locked":false,"options":[{"slug":"silver","name":"Argenté","nullable":false,"eco":false},{"slug":"black","name":"Noir","nullable":false,"eco":false},{"slug":"white","name":"Blanc","nullable":false,"eco":false}]},{"slug":"sample","title":"Epreuve / Échantillon d'impression","locked":false,"options":[{"slug":"none","name":"Non","nullable":true,"eco":false},{"slug":"sample_with_voucher","name":"Epreuve avec bon de réduction","nullable":false,"eco":false},{"slug":"sample_with_watermark","name":"Epreuve avec filigrane","nullable":false,"eco":false}]},{"slug":"copies","title":"Quantité","locked":false,"options":[],"rangeSets":[{"options":[{"max":2510,"steps":1,"min":1}],"summary":[1,10,25,50,75,100,150,250,500],"printingmethod":"digital"},{"summary":[1,10,25,50,100],"options":[{"max":1001,"steps":1,"min":1}],"printingmethod":"inkjet"}]},{"slug":"pages","title":"Nombre de feuilles","locked":false,"options":[{"slug":"12.0","name":"6 feuilles","nullable":false,"eco":false},{"slug":"14.0","name":"7 feuilles","nullable":false,"eco":false},{"slug":"16.0","name":"8 feuilles","nullable":false,"eco":false},{"slug":"18.0","name":"9 feuilles","nullable":false,"eco":false},{"slug":"20.0","name":"10 feuilles","nullable":false,"eco":false},{"slug":"22.0","name":"11 feuilles","nullable":false,"eco":false},{"slug":"24.0","name":"12 feuilles","nullable":false,"eco":false},{"slug":"26.0","name":"13 feuilles","nullable":false,"eco":false},{"slug":"28.0","name":"14 feuilles","nullable":false,"eco":false},{"slug":"30.0","name":"15 feuilles","nullable":false,"eco":false},{"slug":"32.0","name":"16 feuilles","nullable":false,"eco":false},{"slug":"34.0","name":"17 feuilles","nullable":false,"eco":false},{"slug":"36.0","name":"18 feuilles","nullable":false,"eco":false},{"slug":"38.0","name":"19 feuilles","nullable":false,"eco":false},{"slug":"40.0","name":"20 feuilles","nullable":false,"eco":false},{"slug":"42.0","name":"21 feuilles","nullable":false,"eco":false},{"slug":"44.0","name":"22 feuilles","nullable":false,"eco":false},{"slug":"46.0","name":"23 feuilles","nullable":false,"eco":false},{"slug":"48.0","name":"24 feuilles","nullable":false,"eco":false},{"slug":"50.0","name":"25 feuilles","nullable":false,"eco":false},{"slug":"52.0","name":"26 feuilles","nullable":false,"eco":false},{"slug":"54.0","name":"27 feuilles","nullable":false,"eco":false},{"slug":"56.0","name":"28 feuilles","nullable":false,"eco":false},{"slug":"58.0","name":"29 feuilles","nullable":false,"eco":false},{"slug":"60.0","name":"30 feuilles","nullable":false,"eco":false},{"slug":"62.0","name":"31 feuilles","nullable":false,"eco":false},{"slug":"64.0","name":"32 feuilles","nullable":false,"eco":false},{"slug":"66.0","name":"33 feuilles","nullable":false,"eco":false},{"slug":"68.0","name":"34 feuilles","nullable":false,"eco":false},{"slug":"70.0","name":"35 feuilles","nullable":false,"eco":false},{"slug":"72.0","name":"36 feuilles","nullable":false,"eco":false},{"slug":"74.0","name":"37 feuilles","nullable":false,"eco":false},{"slug":"76.0","name":"38 feuilles","nullable":false,"eco":false},{"slug":"78.0","name":"39 feuilles","nullable":false,"eco":false},{"slug":"80.0","name":"40 feuilles","nullable":false,"eco":false},{"slug":"82.0","name":"41 feuilles","nullable":false,"eco":false},{"slug":"84.0","name":"42 feuilles","nullable":false,"eco":false},{"slug":"86.0","name":"43 feuilles","nullable":false,"eco":false},{"slug":"88.0","name":"44 feuilles","nullable":false,"eco":false},{"slug":"90.0","name":"45 feuilles","nullable":false,"eco":false},{"slug":"92.0","name":"46 feuilles","nullable":false,"eco":false},{"slug":"94.0","name":"47 feuilles","nullable":false,"eco":false},{"slug":"96.0","name":"48 feuilles","nullable":false,"eco":false},{"slug":"98.0","name":"49 feuilles","nullable":false,"eco":false},{"slug":"100.0","name":"50 feuilles","nullable":false,"eco":false},{"slug":"102.0","name":"51 feuilles","nullable":false,"eco":false},{"slug":"104.0","name":"52 feuilles","nullable":false,"eco":false},{"slug":"106.0","name":"53 feuilles","nullable":false,"eco":false},{"slug":"108.0","name":"54 feuilles","nullable":false,"eco":false},{"slug":"110.0","name":"55 feuilles","nullable":false,"eco":false},{"slug":"112.0","name":"56 feuilles","nullable":false,"eco":false},{"slug":"114.0","name":"57 feuilles","nullable":false,"eco":false},{"slug":"116.0","name":"58 feuilles","nullable":false,"eco":false},{"slug":"118.0","name":"59 feuilles","nullable":false,"eco":false},{"slug":"120.0","name":"60 feuilles","nullable":false,"eco":false},{"slug":"122.0","name":"61 feuilles","nullable":false,"eco":false},{"slug":"124.0","name":"62 feuilles","nullable":false,"eco":false}]},{"slug":"size","title":"Format fermé (largeur x hauteur)","locked":false,"options":[{"slug":"a3","name":"A3 - 297 x 420 mm","nullable":false},{"slug":"a3_landscape","name":"A3 paysage - 420 x 297 mm","nullable":false},{"slug":"a4","name":"A4 - 210 x 297 mm","nullable":false},{"slug":"a4_landscape","name":"A4 paysage - 297 x 210 mm","nullable":false},{"slug":"a5","name":"A5 - 148 x 210 mm","nullable":false},{"slug":"a5_landscape","name":"A5 paysage - 210 x 148 mm","nullable":false},{"slug":"a5_large","name":"A5 large - 105 x 297 mm","nullable":false},{"slug":"a6","name":"A6 - 105 x 148 mm","nullable":false},{"slug":"carre_xl","name":"Carré XL - 297 x 297 mm","nullable":false},{"slug":"carre_l","name":"Carré L - 210 x 210 mm","nullable":false},{"slug":"carre_m","name":"Carré M - 148 x 148 mm","nullable":false},{"slug":"custom","nullable":false,"customSizes":{"minHeight":105,"minWidth":105,"maxHeight":420,"maxWidth":420}}]},{"slug":"printtype","title":"Impression","locked":false,"options":[{"slug":"40","name":"4/0 quadri recto","nullable":false,"eco":false},{"slug":"44","name":"4/4 quadri recto/verso","nullable":false,"eco":false}]},{"slug":"urgency","title":"Urgence","locked":false,"options":[{"slug":"quick","name":"Rapide","nullable":false,"eco":false},{"slug":"standard","name":"Standard","nullable":false,"eco":false},{"slug":"urgent","name":"Urgent","nullable":false,"eco":false},{"slug":"moderate","nullable":false,"eco":false,"name":"Moderate"}]},{"slug":"printingmethod","title":"Méthode d'impression","locked":false,"options":[{"slug":"inkjet","name":"Jet d'encre","description":"varioPRINT iX-serie inkjet","nullable":false,"eco":false},{"slug":"digital","name":"Digital","description":"HP Indigo digital","nullable":false,"eco":false}]},{"slug":"binding_edge","title":"Côté de la reliure","locked":false,"options":[{"slug":"binding_top","name":"Reliure en tête","nullable":false,"eco":false}]},{"slug":"clean_cut","title":"Coupe au format","locked":true,"options":[{"slug":"yes","name":"Oui","nullable":false,"eco":false},{"slug":"no","name":"Non","nullable":true,"eco":false}]},{"slug":"drillholes","title":"Trous","locked":false,"options":[{"slug":"none","name":"Sans","nullable":true,"eco":false},{"slug":"one_drillhole_3mm","name":"1 x 3 mm","nullable":false,"eco":false},{"slug":"one_drillhole","name":"1 x 6 mm","nullable":false,"eco":false}]},{"slug":"sealed","title":"Lots et scellage","locked":false,"options":[{"slug":"none","name":"Ne pas sceller","nullable":true,"eco":false},{"slug":"1","name":"Par unité","nullable":false,"eco":false}]}],"maxDesigns":1,"bleed":2,"hsCode":"4910000000","isAvailableInUserRegion":true,"hasAccessories":false,"accessoryExcludes":[]}