{"sku":"wire-o-desk-calendars","active":true,"titleSingle":"Calendrier de bureau avec Wire'O","titlePlural":"Calendriers de bureau avec Wire'O","createdAt":"2023-10-17T12:49:49.186Z","updatedAt":"2024-09-19T08:39:10.876Z","properties":[{"slug":"summary_image","title":"summary image","locked":false,"options":[{"slug":"wire-o-bureau-calendar","nullable":true,"eco":false,"name":"wire-o-bureau-calendar"}]},{"slug":"binding_edge","title":"Côté de la reliure","locked":false,"options":[{"slug":"binding_top","name":"Reliure en tête","nullable":false,"eco":false}]},{"slug":"calendar_finish","title":"Finition du calendrier","locked":false,"options":[{"slug":"self_locking_base_wire_o","name":"350 g/m² Invercote® G - couché 1 face (non imprimé)","nullable":false,"eco":false}]},{"slug":"pages","title":"Nombre de feuilles","locked":false,"options":[{"slug":"14.0","name":"7 feuilles","nullable":false,"eco":false},{"slug":"16.0","name":"8 feuilles","nullable":false,"eco":false},{"slug":"18.0","name":"9 feuilles","nullable":false,"eco":false},{"slug":"20.0","name":"10 feuilles","nullable":false,"eco":false},{"slug":"22.0","name":"11 feuilles","nullable":false,"eco":false},{"slug":"24.0","name":"12 feuilles","nullable":false,"eco":false},{"slug":"26.0","name":"13 feuilles","nullable":false,"eco":false},{"slug":"28.0","name":"14 feuilles","nullable":false,"eco":false},{"slug":"30.0","name":"15 feuilles","nullable":false,"eco":false},{"slug":"32.0","name":"16 feuilles","nullable":false,"eco":false},{"slug":"34.0","name":"17 feuilles","nullable":false,"eco":false},{"slug":"36.0","name":"18 feuilles","nullable":false,"eco":false},{"slug":"38.0","name":"19 feuilles","nullable":false,"eco":false},{"slug":"40.0","name":"20 feuilles","nullable":false,"eco":false}]},{"slug":"material","title":"Matériau","locked":false,"options":[{"slug":"170gr_gesatineerd_mc","name":"Couché brillant 170 g/m²","nullable":false,"eco":false},{"slug":"250gr_gesatineerd_mc","name":"Couché brillant 250 g/m²","nullable":false,"eco":false},{"slug":"300gr_gesatineerd_mc","name":"Couché brillant 300 g/m²","nullable":false,"eco":false},{"slug":"350gr_gesatineerd_mc","name":"Couché brillant 350 g/m²","nullable":false,"eco":false},{"slug":"170gr_silk_mc","name":"Couché demi-mat (silk) 170 g/m²","nullable":false,"eco":false},{"slug":"250gr_silk_mc","name":"Couché demi-mat (silk) 250 g/m²","nullable":false,"eco":false},{"slug":"300gr_silk_mc","name":"Couché demi-mat (silk) 300 g/m²","nullable":false,"eco":false},{"slug":"350gr_silk_mc","name":"Couché demi-mat (silk) 350 g/m²","nullable":false,"eco":false},{"slug":"170gr_hvo","name":"Offset  non couché 170 g/m²","nullable":false,"eco":false},{"slug":"250gr_hvo","name":"Offset non couché 250 g/m²","nullable":false,"eco":false},{"slug":"300gr_hvo","name":"Offset non couché 300 g/m²","nullable":false,"eco":false},{"slug":"350gr_hvo","name":"Offset non couché 350 g/m²","nullable":false,"eco":false},{"slug":"160gr_biotop","name":"Bio Top 3® naturel 160 g/m²","nullable":false,"eco":true},{"slug":"250gr_biotop","name":"Bio Top 3® naturel 250 g/m²","nullable":false,"eco":true},{"slug":"300gr_biotop","name":"Bio Top 3® naturel 300 g/m²","nullable":false,"eco":true}]},{"slug":"inside_paper_finish","title":"Finition intérieure","locked":false,"options":[{"slug":"none","name":"Sans","nullable":true,"eco":false},{"slug":"double_sided_gloss_lamination","name":"Pelliculage brillant recto/verso","nullable":false,"eco":false},{"slug":"double_sided_matt_lamination","name":"Pelliculage mat recto/verso","nullable":false,"eco":false},{"slug":"double_sided_scratch_resistant_lamination","name":"Pelliculage anti-rayures recto/verso","nullable":false,"eco":false},{"slug":"double_sided_soft_touch_lamination","name":"Pelliculage soft touch recto/verso","nullable":false,"eco":false}]},{"slug":"wire-o_color","title":"Couleur de la spirale","locked":false,"options":[{"slug":"silver","name":"Argenté","nullable":false,"eco":false},{"slug":"black","name":"Noir","nullable":false,"eco":false},{"slug":"white","name":"Blanc","nullable":false,"eco":false}]},{"slug":"sample","title":"Epreuve / Échantillon d'impression","locked":false,"options":[{"slug":"none","name":"Non","nullable":true,"eco":false},{"slug":"sample_with_voucher","name":"Epreuve avec bon de réduction","nullable":false,"eco":false},{"slug":"sample_with_watermark","name":"Epreuve avec filigrane","nullable":false,"eco":false}]},{"slug":"copies","title":"Quantité","locked":false,"options":[],"rangeSets":[{"options":[{"max":5000,"steps":1,"min":1}],"summary":[1,25,50,100,150,200,250,500],"printingmethod":"inkjet"},{"options":[{"max":1010,"steps":1,"min":1},{"max":2000,"steps":10,"min":1010},{"max":5000,"steps":500,"min":2000}],"summary":[1,25,50,100,150,200,250,500],"printingmethod":"digital"}]},{"slug":"size","title":"Format fermé (largeur x hauteur)","locked":false,"options":[{"slug":"a5","name":"A5 - 148 x 210 mm","nullable":false},{"slug":"a5_landscape","name":"A5 paysage - 210 x 148 mm","nullable":false},{"slug":"a6","name":"A6 - 105 x 148 mm","nullable":false},{"slug":"a6_landscape","name":"A6 paysage - 148 x 105 mm","nullable":false},{"slug":"us_large","name":"US large - 105 x 210 mm","nullable":false},{"slug":"us_large_landscape","name":"US large paysage - 210 x 105 mm","nullable":false},{"slug":"a5_large_landscape","name":"A5 large paysage - 297 x 105 mm","nullable":false},{"slug":"din_large_plus_landscape","name":"Din large+ paysage - 210 x 99 mm","nullable":false},{"slug":"carre_l","name":"Carré L - 210 x 210 mm","nullable":false},{"slug":"carre_m","name":"Carré M - 148 x 148 mm","nullable":false}]},{"slug":"printtype","title":"Impression","locked":false,"options":[{"slug":"40","name":"4/0 quadri recto","nullable":false,"eco":false},{"slug":"44","name":"4/4 quadri recto/verso","nullable":false,"eco":false}]},{"slug":"binding","title":"Reliure","locked":false,"options":[{"slug":"wireo","name":"Reliure à spirale","nullable":false,"eco":false}]},{"slug":"printingmethod","title":"Méthode d'impression","locked":false,"options":[{"slug":"inkjet","name":"Jet d'encre","description":"Canon varioPRINT inkjet","nullable":false,"eco":false},{"slug":"digital","name":"Digital","nullable":false,"eco":false}]},{"slug":"urgency","title":"Urgence","locked":false,"options":[{"slug":"quick","name":"Rapide","nullable":false,"eco":false},{"slug":"standard","name":"Standard","nullable":false,"eco":false},{"slug":"urgent","name":"Urgent","nullable":false,"eco":false},{"slug":"moderate","nullable":false,"eco":false,"name":"Moderate"}]},{"slug":"variable_creasing_line","title":"Rainage","locked":false,"options":[{"slug":"creasing_wire-o_desk_calender","name":"3 lignes de rainage sur le support","nullable":false,"eco":false}]},{"slug":"cover_material","title":"Matériau pour la couverture","locked":false,"options":[{"slug":"selfcover","name":"Selfcover","nullable":false,"eco":false}]},{"slug":"clean_cut","title":"Coupe au format","locked":true,"options":[{"slug":"yes","name":"Oui","nullable":false,"eco":false},{"slug":"no","name":"Non","nullable":true,"eco":false}]}],"maxDesigns":1,"bleed":2,"hsCode":"4910000000","isAvailableInUserRegion":true,"hasAccessories":false,"accessoryExcludes":[]}