{"options":{"adhesive_magnet":"adhesive_magnet","copies":1,"height":1,"longestDimension":1,"material":"accessories","planoHeight":1,"planoSquareMM":1,"planoSquareMMTotal":1,"planoWidth":1,"printingmethod":"raw_material","printtype":"00","sheet":"accessories","sheetHeight":1,"sheetWidth":1,"shortestDimension":1,"size":"accessories","sku":"adhesive-magnet","squareMM":1,"squareMMTotal":1,"summary_image":"adhesive_magnet","urgency":"standard","width":1,"size.width":1,"size.height":1,"adhesive_magnet.weightpercopy":100},"includes":{"numberOfSheets":0},"prices":{"salesPrice":0.65,"normalPrice":0.75,"productPrice":0.75,"urgencyPrice":0,"currency":"EUR","exchangeRate":1,"deliveryPromisePremiumPrice":22.95,"deliveryPromisePrice":12.95,"discountPercentage":13.333333333333334},"supplierId":"11c76d43-ac6a-4afa-87da-66463ce2efe8","variants":[]}