{"options":{"all_sides_equal_finish":"yes","copies":1,"finish_bottom":"hem_eyelets_30","finish_left":"hem_eyelets_30","finish_right":"hem_eyelets_30","finish_top":"hem_eyelets_30","grammage":510,"height":1000,"longestDimension":1000,"material":"510gr_pvc","packaging_extras":"packaging_banner","planoHeight":1000,"planoSquareMM":1000000,"planoSquareMMTotal":1000000,"planoWidth":1000,"printingmethod":"lfp_latex_320","printtype":40,"sheet":"3200w_50000h","sheetHeight":50000,"sheetWidth":3200,"shortestDimension":1000,"size":"100_x100_cm","sku":"banners","squareMM":1000000,"squareMMTotal":1000000,"summary_image":"banners","urgency":"standard","width":1000,"size.width":1000,"size.height":1000,"material.color":"#ffffff","material.thickness":0.4,"material.weight":510},"includes":{"finish_top":"hem_eyelets_30","finish_bottom":"hem_eyelets_30","finish_right":"hem_eyelets_30","packaging_extras":"packaging_banner","printingmethod":"lfp_latex_320","numberOfSheets":0},"prices":{"salesPrice":11.56,"normalPrice":13.44,"productPrice":13.44,"urgencyPrice":0,"currency":"EUR","exchangeRate":1,"deliveryPromisePremiumPrice":18,"deliveryPromisePrice":12.95,"discountPercentage":13.988095238095239},"supplierId":"4e618ff1-f5a5-409c-85d0-7d50e2cbb2af","variants":[]}