{"options":{"copies":1,"flag_types":"beach_flag","grammage":650,"height":50,"longestDimension":4030,"material":"650gr_fiberglass","planoHeight":50,"planoSquareMM":201500,"planoSquareMMTotal":201500,"planoWidth":4030,"printingmethod":"raw_material","printtype":"00","sheet":"flag accessories","sheetHeight":1,"sheetWidth":1,"shortestDimension":50,"size":"beachpole_medium","sku":"beachflag-poles","squareMM":201500,"squareMMTotal":201500,"summary_image":"beachflag_poles","urgency":"standard","width":4030,"material.weight":650,"size.width":4030,"size.height":50},"includes":{"numberOfSheets":0},"prices":{"salesPrice":10.78,"normalPrice":12.53,"productPrice":12.53,"urgencyPrice":0,"currency":"EUR","exchangeRate":1,"deliveryPromisePremiumPrice":18,"deliveryPromisePrice":12.95,"discountPercentage":13.966480446927374},"supplierId":"4e618ff1-f5a5-409c-85d0-7d50e2cbb2af","variants":[]}