{"options":{"beachflag_configuration":"beachflag_pole","color":"white","copies":1,"custom_shape":"clean_cut_flags","finish_side":"left","flag_finish":"beachflag","flag_systems":"beachpole_medium","flag_types":"beach_flag_straight","grammage":110,"height":3150,"longestDimension":3150,"material":"110gr_flag","packaging_extras":"packaging_banner","planoHeight":3150,"planoSquareMM":2142000,"planoSquareMMTotal":2142000,"planoWidth":680,"printingmethod":"lfp_dye_sublimation","printtype":40,"sheet":"3200w_50000h","sheetHeight":50000,"sheetWidth":3200,"shortestDimension":680,"size":"beach_flag_medium","sku":"beachflags","squareMM":2142000,"squareMMTotal":2142000,"urgency":"standard","width":680,"material.weight":110,"color.color":"#ffffff","size.width":680,"size.height":3150,"material.color":"#ffffff"},"includes":{"flag_systems":"beachpole_medium","numberOfSheets":0},"prices":{"salesPrice":38.79,"normalPrice":45.11,"productPrice":45.11,"urgencyPrice":0,"currency":"EUR","exchangeRate":1,"deliveryPromisePremiumPrice":18,"deliveryPromisePrice":12.95,"discountPercentage":14.010197295499891},"supplierId":"4e618ff1-f5a5-409c-85d0-7d50e2cbb2af","variants":[]}