{"options":{"accessories_flags":"beachflag_bag","copies":1,"grammage":600,"height":180,"longestDimension":1400,"material":"600gr_oxford","planoHeight":180,"planoSquareMM":252000,"planoSquareMMTotal":252000,"planoWidth":1400,"printingmethod":"raw_material","printtype":"00","sheet":"flag accessories","sheetHeight":1,"sheetWidth":1,"shortestDimension":180,"size":"140_x_18_cm","sku":"beachflag-bags","squareMM":252000,"squareMMTotal":252000,"urgency":"standard","width":1400,"material.weight":600,"size.width":1400,"size.height":180},"includes":{"numberOfSheets":0},"prices":{"salesPrice":4.3,"normalPrice":5,"productPrice":5,"urgencyPrice":0,"currency":"EUR","exchangeRate":1,"deliveryPromisePremiumPrice":18,"deliveryPromisePrice":12.95,"discountPercentage":14.000000000000002},"supplierId":"4e618ff1-f5a5-409c-85d0-7d50e2cbb2af","variants":[]}