{"options":{"copies":1,"grammage":750,"height":190,"longestDimension":190,"material":"3mm_elastic_cord","planoHeight":190,"planoSquareMM":9500,"planoSquareMMTotal":9500,"planoWidth":50,"printingmethod":"raw_material","printtype":"00","sheet":"tensioner","sheetHeight":1,"sheetWidth":1,"shortestDimension":50,"size":"bungee-cord","sku":"bungee-cord","squareMM":9500,"squareMMTotal":9500,"tensioner_type":"bungee_cord_with_spin_hook","urgency":"standard","width":50,"material.weight":750,"size.width":50,"size.height":190},"includes":{"numberOfSheets":0},"prices":{"salesPrice":0.31,"normalPrice":0.36,"productPrice":0.36,"urgencyPrice":0,"currency":"EUR","exchangeRate":1,"deliveryPromisePremiumPrice":18,"deliveryPromisePrice":12.95,"discountPercentage":13.88888888888889},"supplierId":"4e618ff1-f5a5-409c-85d0-7d50e2cbb2af","variants":[]}