{"options":{"clean_cut":"yes","copies":100,"delivery":"default_businesscard","finish":"geen","fold":"no_fold","folded":"no","grammage":350,"height":55,"longestDimension":85,"material":"350gr_silk_mc","planoHeight":55,"planoSquareMM":4675,"planoSquareMMTotal":467500,"planoWidth":85,"printingmethod":"digital","printtype":44,"sheet":"700w_500h_ovimex","sheetHeight":508,"sheetWidth":708,"sheet_size":"indigo_320w_460h","shortestDimension":55,"size":"bc","sku":"businesscards","spot_finish":"none","spot_finish_back":"none","squareMM":4675,"squareMMTotal":467500,"urgency":"standard","width":85,"material.color":"#ffffff","material.thickness":0.347,"material.weight":350,"size.width":85,"size.height":55},"includes":{"clean_cut":"yes","businesscard_creasing":"no","sheet_size":"indigo_320w_460h","folded":"no","numberOfSheets":2},"prices":{"salesPrice":15.56,"normalPrice":18.09,"productPrice":18.09,"urgencyPrice":0,"currency":"EUR","exchangeRate":1,"deliveryPromisePremiumPrice":18,"deliveryPromisePrice":12.95,"discountPercentage":13.98562741846324},"supplierId":"46eeb300-6d51-4275-ab01-822afbce6b00","variants":[]}