{"options":{"brezo_article":"ara.4001.g009","color":"red_white_hat","copies":5,"delivery":"none","height":29,"longestDimension":200,"material":"polyester","packaging_extras":"none","personalize":"none","planoHeight":29,"planoSquareMM":5800,"planoSquareMMTotal":29000,"planoWidth":200,"printingmethod":"heat_transfer","printtype":40,"sheet":"Brezo_dig_tr_50","sheetHeight":1,"sheetWidth":1,"shortestDimension":29,"size":"200_x_29_mm_hat","sku":"christmas-hats","squareMM":5800,"squareMMTotal":29000,"summary_image":"christmas-hats","textile_sizes":"one_size","type_of_hat":"christmas_hat","urgency":"standard","width":200,"color.color":"linear-gradient(0deg, rgba(255,255,255,1) 30%, rgba(201,35,25,1) 30%)","size.width":200,"size.height":29},"includes":{"brezo_article":"ara.4001.g009","packaging_extras":"none","delivery":"none","numberOfSheets":0},"prices":{"salesPrice":14.51,"normalPrice":16.87,"productPrice":16.87,"urgencyPrice":0,"currency":"EUR","exchangeRate":1,"deliveryPromisePremiumPrice":22.95,"deliveryPromisePrice":12.95,"discountPercentage":13.989330171902786},"supplierId":"93a5fcf0-b629-4961-90c9-4d4a5c146b2a","variants":[]}