{"options":{"accessories_flags":"cross_base","copies":1,"grammage":500,"height":800,"longestDimension":800,"material":"500gr_powder_coated_steel","planoHeight":800,"planoSquareMM":640000,"planoSquareMMTotal":640000,"planoWidth":800,"printingmethod":"raw_material","printtype":"00","sheet":"flag accessories","sheetHeight":1,"sheetWidth":1,"shortestDimension":800,"size":"crossbase_80_cm","sku":"cross-base-fiberglass-poles","squareMM":640000,"squareMMTotal":640000,"urgency":"standard","weight":"4000_grams","width":800,"size.height":800,"material.weight":500,"weight.weightpercopy":4000,"size.width":800},"includes":{"numberOfSheets":0},"prices":{"salesPrice":15.27,"normalPrice":17.76,"productPrice":17.76,"urgencyPrice":0,"currency":"EUR","exchangeRate":1,"deliveryPromisePremiumPrice":18,"deliveryPromisePrice":12.95,"discountPercentage":14.020270270270272},"supplierId":"4e618ff1-f5a5-409c-85d0-7d50e2cbb2af","variants":[]}