{"options":{"accessories_flags":"cross_base_foldable","copies":1,"grammage":5000,"height":80,"longestDimension":500,"material":"5000gr_stainless_steel","planoHeight":80,"planoSquareMM":40000,"planoSquareMMTotal":40000,"planoWidth":500,"printingmethod":"raw_material","printtype":"00","sheet":"flag accessories","sheetHeight":1,"sheetWidth":1,"shortestDimension":80,"size":"opgevouwen_500_x_80_mm","sku":"cross-base-foldable","squareMM":40000,"squareMMTotal":40000,"urgency":"standard","weight":"5000_grams","width":500,"material.weight":5000,"size.width":500,"size.height":80,"weight.weightpercopy":5000},"includes":{"numberOfSheets":0},"prices":{"salesPrice":20.38,"normalPrice":23.7,"productPrice":23.7,"urgencyPrice":0,"currency":"EUR","exchangeRate":1,"deliveryPromisePremiumPrice":18,"deliveryPromisePrice":12.95,"discountPercentage":14.0084388185654},"supplierId":"4e618ff1-f5a5-409c-85d0-7d50e2cbb2af","variants":[]}