{"options":{"copies":1,"custom_shape":"clean_cut","drillholes":"none","finish":"none","grammage":4320,"height":1000,"longestDimension":1000,"material":"3mm_dibond_budget","packaging_extras":"packaging_plate","planoHeight":1000,"planoSquareMM":1000000,"planoSquareMMTotal":1000000,"planoWidth":1000,"printingmethod":"lfp_uv","printtype":40,"sheet":"1460w_3010h","sheetHeight":3010,"sheetWidth":1460,"shortestDimension":1000,"size":"100_x_100_cm","sku":"dibond","squareMM":1000000,"squareMMTotal":1000000,"summary_image":"dibond","urgency":"standard","white_print":"none","width":1000,"material.rigid":true,"material.thickness":3,"material.weight":4320,"size.width":1000,"size.height":1000},"includes":{"numberOfSheets":0},"prices":{"salesPrice":31.97,"normalPrice":37.17,"productPrice":37.17,"urgencyPrice":0,"currency":"EUR","exchangeRate":1,"deliveryPromisePremiumPrice":18,"deliveryPromisePrice":12.95,"discountPercentage":13.989776701641107},"supplierId":"827a0e42-d320-4b40-a571-621ae06ecb6f","variants":[]}