{"options":{"article_number":"9060-a4","copies":1,"display_extra":"high_adjustable","display_type":"a4_tilted","grammage":6700,"height":1,"longestDimension":1,"material":"6700gr_anodized_aluminum","planoHeight":1,"planoSquareMM":1,"planoSquareMMTotal":1,"planoWidth":1,"printingmethod":"raw_material","printtype":"00","sheet":"displays","sheetHeight":1,"sheetWidth":1,"shortestDimension":1,"size":"unprinted","sku":"display-click-frame-tilted","squareMM":1,"squareMMTotal":1,"urgency":"standard","width":1,"size.width":1,"size.height":1,"material.weight":6700},"includes":{"article_number":"9060-a4","numberOfSheets":0},"prices":{"salesPrice":90.64,"normalPrice":105.4,"productPrice":105.4,"urgencyPrice":0,"currency":"EUR","exchangeRate":1,"deliveryPromisePremiumPrice":18,"deliveryPromisePrice":12.95,"discountPercentage":14.003795066413662},"supplierId":"88d97aa2-ce35-412a-a144-7ea4d7ca5e49","variants":[]}