{"options":{"article_number":"kliklijst_op_staander_a4_gaat_niet_verstelbaar_9050-a4","copies":1,"display_extra":"hight_125","display_type":"a4_straight","grammage":7000,"height":1,"longestDimension":1,"material":"7000gr_anodized_aluminum","planoHeight":1,"planoSquareMM":1,"planoSquareMMTotal":1,"planoWidth":1,"printingmethod":"raw_material","printtype":"00","sheet":"displays","sheetHeight":1,"sheetWidth":1,"shortestDimension":1,"size":"unprinted","sku":"display-click-frame-straight","squareMM":1,"squareMMTotal":1,"urgency":"standard","width":1,"material.weight":7000,"size.width":1,"size.height":1},"includes":{"size":"unprinted","numberOfSheets":0},"prices":{"salesPrice":76.92,"normalPrice":89.44,"productPrice":89.44,"urgencyPrice":0,"currency":"EUR","exchangeRate":1,"deliveryPromisePremiumPrice":18,"deliveryPromisePrice":12.95,"discountPercentage":13.998211091234348},"supplierId":"88d97aa2-ce35-412a-a144-7ea4d7ca5e49","variants":[]}