{"options":{"article_number":10042900,"color":"black_rain_poncho","copies":250,"delivery":"shipping_pf","display_extra":"paper_sticker","grammage":33,"height":900,"longestDimension":1200,"material":"33gr_pe_plastic","planoHeight":900,"planoSquareMM":1080000,"planoSquareMMTotal":270000000,"planoWidth":1200,"printing_size":"rainponcho","printingmethod":"digital","printtype":"00","sheet":"Bags","sheetHeight":1,"sheetWidth":1,"shortestDimension":900,"size":"120_x_90_cm","sku":"disposable-rain-poncho","squareMM":1080000,"squareMMTotal":270000000,"summary_image":"disposable-rain-poncho","urgency":"standard","width":1200,"material.weight":33,"color.color":"#000000","size.width":1200,"size.height":900},"includes":{"delivery":"shipping_pf","article_number":10042900,"numberOfSheets":0},"prices":{"salesPrice":98.02,"normalPrice":113.98,"productPrice":113.98,"urgencyPrice":0,"currency":"EUR","exchangeRate":1,"deliveryPromisePremiumPrice":18,"deliveryPromisePrice":12.95,"discountPercentage":14.002456571328302},"supplierId":"c790e672-6ae9-4296-91d6-7a52487ff007","variants":[]}