{"options":{"copies":20,"custom_shape":"custom_shape_complex","grammage":450,"height":499.5,"longestDimension":651,"material":"1.5mm_corrugated_cardboard","planoHeight":499.5,"planoSquareMM":325174.5,"planoSquareMMTotal":6503490,"planoWidth":651,"printingmethod":"lfp_uv","printtype":40,"product_size":"kubus_20x20x20_cm","sheet":"displays","sheetHeight":1,"sheetWidth":1,"shortestDimension":499.5,"size":"kubus_20_x_20_x_20_cm","sku":"display-cube","squareMM":325174.5,"squareMMTotal":6503490,"summary_image":"display-cube","urgency":"standard","width":651,"material.rigid":true,"material.weight":450,"size.width":651,"size.height":499.5,"material.thickness":1.5},"includes":{"size":"kubus_20_x_20_x_20_cm","numberOfSheets":0},"prices":{"salesPrice":135.24,"normalPrice":157.26,"productPrice":157.26,"urgencyPrice":0,"currency":"EUR","exchangeRate":1,"deliveryPromisePremiumPrice":23.59,"deliveryPromisePrice":12.95,"discountPercentage":14.002289202594428},"supplierId":"a52dd348-f9f5-42e6-8d0f-8fe83e299cd5","variants":[]}