{"options":{"article_number":60105,"brezo_article":"vvp.eve.j296","color":"blue-02","copies":50,"display_extra":"blue_inkvilling","grammage":11,"height":7,"longestDimension":50,"material":"11gr_plastic","packaging_quantity":"packed_per_1000","planoHeight":7,"planoSquareMM":350,"planoSquareMMTotal":17500,"planoWidth":50,"printing_size":"50_x_7_mm","printingmethod":"digital_uv","printtype":40,"sheet":"Pen","sheetHeight":1,"sheetWidth":1,"shortestDimension":7,"size":"142x12mm_pen","sku":"eve-pen","squareMM":350,"squareMMTotal":17500,"summary_image":"eve-pen","urgency":"standard","weight":"11_gram","width":50,"size.width":50,"size.height":7,"color.color":"#164593","material.weight":11},"includes":{"brezo_article":"vvp.eve.j296","numberOfSheets":0},"prices":{"salesPrice":40.27,"normalPrice":46.82,"productPrice":46.82,"urgencyPrice":0,"currency":"EUR","exchangeRate":1,"deliveryPromisePremiumPrice":18,"deliveryPromisePrice":12.95,"discountPercentage":13.989747970952585},"supplierId":"93a5fcf0-b629-4961-90c9-4d4a5c146b2a","variants":[]}