{"options":{"accessories":"facade_banner_system","copies":1,"grammage":1000,"height":100,"longestDimension":600,"material":"1000gr_stainless-steel","planoHeight":100,"planoSquareMM":60000,"planoSquareMMTotal":60000,"planoWidth":600,"printingmethod":"raw_material","printtype":"00","sheet":"accessories","sheetHeight":1,"sheetWidth":1,"shortestDimension":100,"size":"facade_banner_60_cm","sku":"facade-banner-system","squareMM":60000,"squareMMTotal":60000,"summary_image":"facade_banner_system","urgency":"standard","weight":"3600_grams","width":600,"size.height":100,"material.weight":1000,"size.width":600},"includes":{"weight":"3600_grams","numberOfSheets":0},"prices":{"salesPrice":172.1,"normalPrice":200.12,"productPrice":200.12,"urgencyPrice":0,"currency":"EUR","exchangeRate":1,"deliveryPromisePremiumPrice":30.02,"deliveryPromisePrice":12.95,"discountPercentage":14.001599040575655},"supplierId":"88d97aa2-ce35-412a-a144-7ea4d7ca5e49","variants":[]}