{"options":{"copies":1,"facade_pole_holder":"aluminum_facade_pole_holder","height":1,"longestDimension":1,"material":"accessories","packaging_extras":"packaging_handling","planoHeight":1,"planoSquareMM":1,"planoSquareMMTotal":1,"planoWidth":1,"printingmethod":"raw_material","printtype":"00","sheet":"flag accessories","sheetHeight":1,"sheetWidth":1,"shortestDimension":1,"size":"accessories","sku":"facade-pole-holder","squareMM":1,"squareMMTotal":1,"summary_image":"facade-pole-holder","urgency":"standard","width":1,"size.width":1,"size.height":1},"includes":{"numberOfSheets":0},"prices":{"salesPrice":3.04,"normalPrice":3.53,"productPrice":3.53,"urgencyPrice":0,"currency":"EUR","exchangeRate":1,"deliveryPromisePremiumPrice":18,"deliveryPromisePrice":12.95,"discountPercentage":13.881019830028329},"supplierId":"cb4bda7b-1592-43e7-827d-bbf82fe0e69d","variants":[]}