{"options":{"copies":1,"custom_shape":"clean_cut_stickers","finish":"geen","grammage":360,"height":1000,"longestDimension":1000,"material":"monomeric_white_matt_ijm715","packaging_extras":"packaging_vinyl","planoHeight":1000,"planoSquareMM":1000000,"planoSquareMMTotal":1000000,"planoWidth":1000,"printingmethod":"lfp_latex_160","printtype":40,"sheet":"1340w_50000h","sheetHeight":50000,"sheetWidth":1340,"shortestDimension":1000,"size":"100_x_100_cm","sku":"floor-decal","squareMM":1000000,"squareMMTotal":1000000,"urgency":"standard","width":1000,"material.weight":360,"size.width":1000,"size.height":1000},"includes":{"numberOfSheets":0},"prices":{"salesPrice":20.88,"normalPrice":24.28,"productPrice":24.28,"urgencyPrice":0,"currency":"EUR","exchangeRate":1,"deliveryPromisePremiumPrice":18,"deliveryPromisePrice":12.95,"discountPercentage":14.00329489291598},"supplierId":"4e618ff1-f5a5-409c-85d0-7d50e2cbb2af","variants":[]}