{"options":{"box_delivery":15,"clean_cut":"yes","copies":500,"cross_bundle":"no","delivery":"box_max_weight_15_kg","finish":"geen","grammage":135,"height":210,"longestDimension":210,"material":"135gr_gesatineerd_mc","planoHeight":210,"planoSquareMM":31080,"planoSquareMMTotal":15540000,"planoWidth":148,"printingmethod":"offset","printtype":44,"sheet":"950w_680h_fixed_size","sheetHeight":642,"sheetWidth":906,"sheet_size":"not_defined","shortestDimension":148,"size":"a5","sku":"flyers","spot_finish":"none","spot_finish_back":"none","squareMM":31080,"squareMMTotal":15540000,"standard_bundle":"yes","urgency":"standard","width":148,"size.width":148,"size.height":210,"material.color":"#ffffff","material.weight":135,"material.thickness":0.095},"includes":{"cross_bundle":"no","standard_bundle":"yes","sheet_size":"not_defined","clean_cut":"yes","numberOfSheets":27.77777777777778},"prices":{"salesPrice":22.3,"normalPrice":25.93,"productPrice":25.93,"urgencyPrice":0,"currency":"EUR","exchangeRate":1,"deliveryPromisePremiumPrice":18,"deliveryPromisePrice":12.95,"discountPercentage":13.999228692634013},"supplierId":"78309c77-8e30-4793-a33f-7a51e804d4b8","variants":[]}