{"options":{"copies":1,"custom_shape":"custom_shape_multiple","finish":"none","grammage":1685,"height":589,"longestDimension":589,"material":"10mm_reboard","planoHeight":589,"planoSquareMM":235600,"planoSquareMMTotal":235600,"planoWidth":400,"printingmethod":"lfp_uv","printtype":40,"product_size":"a5_folder_holder","sheet":"displays","sheetHeight":1,"sheetWidth":1,"shortestDimension":400,"size":"a5_folder_holder_reboard","sku":"folder-display","squareMM":235600,"squareMMTotal":235600,"summary_image":"folder_display","urgency":"standard","width":400,"material.thickness":10,"size.width":400,"size.height":589,"material.weight":1685},"includes":{"size":"a5_folder_holder_reboard","numberOfSheets":0},"prices":{"salesPrice":13.82,"normalPrice":16.07,"productPrice":16.07,"urgencyPrice":0,"currency":"EUR","exchangeRate":1,"deliveryPromisePremiumPrice":22.95,"deliveryPromisePrice":12.95,"discountPercentage":14.001244555071562},"supplierId":"a52dd348-f9f5-42e6-8d0f-8fe83e299cd5","variants":[]}