{"options":{"clean_cut":"yes","copies":1000,"creasing":"no","delivery":"box_max_weight_25_kg","finish":"geen","fold":"single_4","folded":"yes","folds":1,"grammage":135,"height":210,"longestDimension":297,"material":"135gr_gesatineerd_mc","planoHeight":210,"planoSquareMM":62370,"planoSquareMMTotal":62370000,"planoWidth":297,"printingmethod":"offset","printtype":44,"sheet":"950w_680h_fixed_size","sheetHeight":642,"sheetWidth":906,"sheet_size":"not_defined","shortestDimension":210,"size":"a5","sku":"folders","spot_finish_back":"none","squareMM":31080,"squareMMTotal":31080000,"standard_bundle":"yes","urgency":"standard","width":148,"material.color":"#ffffff","material.weight":135,"material.thickness":0.095,"size.width":148,"size.height":210},"includes":{"sheet_size":"not_defined","clean_cut":"yes","standard_bundle":"yes","delivery":"box_max_weight_25_kg","cross_bundle":"no","creasing":"no","folded":"yes","numberOfSheets":111.11111111111111},"prices":{"salesPrice":55.38,"normalPrice":64.4,"productPrice":64.4,"urgencyPrice":0,"currency":"EUR","exchangeRate":1,"deliveryPromisePremiumPrice":18,"deliveryPromisePrice":12.95,"discountPercentage":14.006211180124224},"supplierId":"78309c77-8e30-4793-a33f-7a51e804d4b8","variants":[]}