{"options":{"copies":1,"custom_shape":"clean_cut","drillholes":"none","finish":"none","grammage":1800,"height":1000,"longestDimension":1000,"material":"3mm_forex","packaging_extras":"packaging_plate","planoHeight":1000,"planoSquareMM":1000000,"planoSquareMMTotal":1000000,"planoWidth":1000,"printingmethod":"lfp_uv","printtype":40,"sheet":"1530w_3030h","sheetHeight":3030,"sheetWidth":1530,"shortestDimension":1000,"size":"100_x100_cm","sku":"forex","squareMM":1000000,"squareMMTotal":1000000,"summary_image":"forex","urgency":"standard","width":1000,"size.width":1000,"size.height":1000,"material.rigid":true,"material.thickness":3,"material.weight":1800},"includes":{"numberOfSheets":0},"prices":{"salesPrice":18.15,"normalPrice":21.11,"productPrice":21.11,"urgencyPrice":0,"currency":"EUR","exchangeRate":1,"deliveryPromisePremiumPrice":18,"deliveryPromisePrice":12.95,"discountPercentage":14.021790620558978},"supplierId":"827a0e42-d320-4b40-a571-621ae06ecb6f","variants":[]}