{"options":{"accessories_frames":"corner_link_42.4_mm_pile_foot","bungee_cord_with_spin_hook":0,"color":"aluminum","copies":1,"frame":"free_standing_banner_frame","frame_connectors":"none","frame_finish":"4_sawing_cuts_frame","height":1000,"longestDimension":1000,"material":"42mm_aluminum_frame_3mm","mount_frames":"foot_pile_banner_frame_150","planoHeight":1000,"planoSquareMM":1000000,"planoSquareMMTotal":1000000,"planoWidth":1000,"printingmethod":"raw_material","printtype":"00","sheet":"Frame","sheetHeight":1,"sheetWidth":1,"shortestDimension":1000,"size":"100_x_100_cm","sku":"free-standing-banner-frame","squareMM":1000000,"squareMMTotal":1000000,"stabilizers":"none","stormfix":0,"summary_image":"free-standing-banner-frame","urgency":"standard","width":1000,"material.rigid":true,"material.weightperm1":992,"color.color":"\tlinear-gradient(to bottom right, #a5afb7, #c0c7cc)","size.width":1000,"size.height":1000},"includes":{"frame_connectors":"none","stabilizers":"none","frame_support":"none","accessories_frames":"corner_link_42.4_mm_pile_foot","numberOfSheets":0},"prices":{"salesPrice":93.01,"normalPrice":108.15,"productPrice":108.15,"urgencyPrice":0,"currency":"EUR","exchangeRate":1,"deliveryPromisePremiumPrice":18,"deliveryPromisePrice":12.95,"discountPercentage":13.99907535829866},"supplierId":"88d97aa2-ce35-412a-a144-7ea4d7ca5e49","variants":[]}