{"options":{"accessories_flags":"ground_spike","copies":1,"grammage":500,"height":450,"longestDimension":450,"material":"500gr_platic_and_steel","planoHeight":450,"planoSquareMM":31500,"planoSquareMMTotal":31500,"planoWidth":70,"printingmethod":"raw_material","printtype":"00","sheet":"flag accessories","sheetHeight":1,"sheetWidth":1,"shortestDimension":70,"size":"ground_drill_45_cm","sku":"ground-drill","squareMM":31500,"squareMMTotal":31500,"urgency":"standard","weight":"640_grams","width":70,"size.height":450,"material.weight":500,"size.width":70},"includes":{"numberOfSheets":0},"prices":{"salesPrice":11.18,"normalPrice":13,"productPrice":13,"urgencyPrice":0,"currency":"EUR","exchangeRate":1,"deliveryPromisePremiumPrice":18,"deliveryPromisePrice":12.95,"discountPercentage":14.000000000000002},"supplierId":"4e618ff1-f5a5-409c-85d0-7d50e2cbb2af","variants":[]}