{"options":{"accessories_flags":"ground_pin","copies":1,"grammage":500,"height":500,"longestDimension":500,"material":"500gr_chromed_steel","planoHeight":500,"planoSquareMM":7500,"planoSquareMMTotal":7500,"planoWidth":15,"printingmethod":"raw_material","printtype":"00","sheet":"flag accessories","sheetHeight":1,"sheetWidth":1,"shortestDimension":15,"size":"ground_spike_50_cm","sku":"ground-spike-fiberglass-poles","squareMM":7500,"squareMMTotal":7500,"urgency":"standard","weight":"1000_grams","width":15,"material.weight":500,"size.width":15,"size.height":500},"includes":{"numberOfSheets":0},"prices":{"salesPrice":7.65,"normalPrice":8.89,"productPrice":8.89,"urgencyPrice":0,"currency":"EUR","exchangeRate":1,"deliveryPromisePremiumPrice":18,"deliveryPromisePrice":12.95,"discountPercentage":13.948256467941508},"supplierId":"4e618ff1-f5a5-409c-85d0-7d50e2cbb2af","variants":[]}