{"options":{"box_delivery":30,"copies":50,"drillholes":"none","grammage":1350,"height":250,"longestDimension":337,"material":"1350gr_hardcover_calendar","planoHeight":250,"planoSquareMM":84250,"planoSquareMMTotal":4212500,"planoWidth":337,"printingmethod":"offset","printtype":44,"sheet":"hardcover-calendars","sheetHeight":1,"sheetWidth":1,"shortestDimension":250,"size":"297_x_210_mm_hc_calandar","sku":"hardcover-calendar","squareMM":84250,"squareMMTotal":4212500,"summary_image":"hardcover-calendar","urgency":"standard","width":337,"size.height":250,"material.thickness":2.5,"material.weight":1350,"size.width":337},"includes":{"numberOfSheets":0},"prices":{"salesPrice":399.99,"normalPrice":465.11,"productPrice":465.11,"urgencyPrice":0,"currency":"EUR","exchangeRate":1,"deliveryPromisePremiumPrice":69.77,"deliveryPromisePrice":23.26,"discountPercentage":14.000989013351681},"supplierId":"5cdb0ffe-0764-4d13-964f-4a0ada7e1b5b","variants":[]}