{"options":{"article_number":"mo9748-05","brand_name":"tokenring","color":"red_key_ring","copies":100,"delivery":"shipping_midocean","grammage":12,"handling_costs":"handlings_cost_b","height":15,"longestDimension":15,"material":"12gr_metal","packaging_quantity":"packed_per_500","planoHeight":15,"planoSquareMM":225,"planoSquareMMTotal":22500,"planoWidth":15,"print_position":"back","printingmethod":"engraving","printtype":"10_engraving","sheet":"mob_L2","sheetHeight":1,"sheetWidth":1,"shortestDimension":15,"size":"2.3_diameter_x_8_cm","sku":"key-ring-trolley-euro-token","squareMM":225,"squareMMTotal":22500,"summary_image":"key_ring_trolley_euro_token","urgency":"standard","width":15,"size.width":15,"size.height":15,"color.color":"#A6192E","material.weight":12},"includes":{"delivery":"shipping_midocean","article_number":"mo9748-05","numberOfSheets":0},"prices":{"salesPrice":140.95,"normalPrice":163.89,"productPrice":163.89,"urgencyPrice":0,"currency":"EUR","exchangeRate":1,"deliveryPromisePremiumPrice":24.58,"deliveryPromisePrice":12.95,"discountPercentage":13.997193239367869},"supplierId":"bffd90d6-a83d-4a77-be7e-f6cd5ad3fa9a","variants":[]}