{"options":{"accessories":"knife_30_degrees_9mm","copies":1,"grammage":1000,"height":10,"longestDimension":138,"material":"1000gr_stainless-steel","planoHeight":10,"planoSquareMM":1380,"planoSquareMMTotal":1380,"planoWidth":138,"printingmethod":"raw_material","printtype":"00","sheet":"accessories","sheetHeight":1,"sheetWidth":1,"shortestDimension":10,"size":"knife_138_10","sku":"knife-30-degrees-9mm","squareMM":1380,"squareMMTotal":1380,"summary_image":"knife_30_degrees_9mm","urgency":"standard","width":138,"material.weight":1000,"size.width":138,"size.height":10},"includes":{"numberOfSheets":0},"prices":{"salesPrice":5.7,"normalPrice":6.63,"productPrice":6.63,"urgencyPrice":0,"currency":"EUR","exchangeRate":1,"deliveryPromisePremiumPrice":18,"deliveryPromisePrice":12.95,"discountPercentage":14.027149321266968},"supplierId":"4e618ff1-f5a5-409c-85d0-7d50e2cbb2af","variants":[]}