{"options":{"copies":100,"finish":"single_sided_vernis_gloss","grammage":80,"handling_costs":"handling_roll_labels","height":30,"longestDimension":50,"material":"80gr_paper_gloss","number_of_rolls":"divide_equally","output_direction":"outer_0","planoHeight":30,"planoSquareMM":1500,"planoSquareMMTotal":150000,"planoWidth":50,"printingmethod":"digital","printtype":40,"roll_diameter":"40_mm","shape":"rectangle_sticker__2mm_rounded_corners","sheet":"300w_25000h","sheetHeight":3300,"sheetWidth":303,"shortestDimension":30,"size":"50_x_30_mm_label","sku":"labels-on-roll","spot_finish":"none","squareMM":1500,"squareMMTotal":150000,"type_glue":"permanent","urgency":"standard","width":50,"material.thickness":0.2,"material.color":"#ffffff","material.weight":80,"size.width":50,"size.height":30},"includes":{"total_length":3300,"handling_costs":"handling_roll_labels","numberOfSheets":0},"prices":{"salesPrice":31.19,"normalPrice":36.27,"productPrice":36.27,"urgencyPrice":0,"currency":"EUR","exchangeRate":1,"deliveryPromisePremiumPrice":18,"deliveryPromisePrice":12.95,"discountPercentage":14.006065618968844},"supplierId":"78c95d32-b697-438d-bfea-b8ebe4a7df97","variants":[]}