{"options":{"article_number":"ar1331","copies":50,"finish":"none","grammage":350,"height":629.5,"longestDimension":629.5,"material":"350gr_incada_silk_coated_folding_cardboard","personalize":"none","planoHeight":629.5,"planoSquareMM":182240.25,"planoSquareMMTotal":9112012.5,"planoWidth":289.5,"printingmethod":"toner","printtype":40,"sheet":"Boxes","sheetHeight":1,"sheetWidth":1,"sheet_size":"xl","shortestDimension":289.5,"size":"165_x_265_x_29_mm","sku":"letterbox-toner","squareMM":182240.25,"squareMMTotal":9112012.5,"summary_image":"letterbox-toner","urgency":"standard","width":289.5,"material.color":"#ffffff","material.thickness":0.59,"material.weight":350,"size.width":289.5,"size.height":629.5},"includes":{"article_number":"ar1331","sheet_size":"xl","numberOfSheets":0},"prices":{"salesPrice":139.1,"normalPrice":161.75,"productPrice":161.75,"urgencyPrice":0,"currency":"EUR","exchangeRate":1,"deliveryPromisePremiumPrice":24.26,"deliveryPromisePrice":12.95,"discountPercentage":14.003091190108192},"supplierId":"d46014e7-c510-465e-8952-7783bee37522","variants":[]}