{"options":{"article_number":"12004-a0","copies":1,"grammage":600,"height":1219,"longestDimension":1219,"material":"0.5mm_pvc","planoHeight":1219,"planoSquareMM":1060530,"planoSquareMMTotal":1060530,"planoWidth":870,"printingmethod":"raw_material","printtype":"00","sheet":"pavement-board","sheetHeight":1,"sheetWidth":1,"shortestDimension":870,"size":"a0_plus","sku":"loose-inserts-pavement-boards","squareMM":1060530,"squareMMTotal":1060530,"summary_image":"loose-inserts-pavement-boards","urgency":"standard","width":870,"size.width":870,"size.height":1219,"material.weight":600,"material.thickness":5},"includes":{"article_number":"12004-a0","numberOfSheets":0},"prices":{"salesPrice":9.13,"normalPrice":10.62,"productPrice":10.62,"urgencyPrice":0,"currency":"EUR","exchangeRate":1,"deliveryPromisePremiumPrice":22.95,"deliveryPromisePrice":12.95,"discountPercentage":14.030131826741995},"supplierId":"88d97aa2-ce35-412a-a144-7ea4d7ca5e49","variants":[]}