{"options":{"article_number":"luxury-paper-bag-offset","bag_extras":"none","bag_type":"premium_paper_bag","carrying_capacity":"max_6_kg","color":"cord_white","color_material":"cord_white","copies":500,"finish":"geen","grammage":170,"height":365,"length_material":"35_cm_cord","longestDimension":580,"material":"170gr_kraft_white_paper_bag","packaging_quantity":"packed_per_120","planoHeight":365,"planoSquareMM":211700,"planoSquareMMTotal":105850000,"planoWidth":580,"printingmethod":"offset","printtype":40,"sheet":"Bags","sheetHeight":1,"sheetWidth":1,"shortestDimension":365,"size":"paper_bag_cat2_20x8x26cm","sku":"luxury-paper-bag","spot_finish":"none","squareMM":211700,"squareMMTotal":105850000,"summary_image":"luxury-paper-bag-offset","urgency":"standard","width":580,"size.width":580,"size.height":365,"material.weight":170,"color.color":"#ffffff","color.pantone":"white"},"includes":{"carrying_capacity":"max_4_kg","color_material":"cord_white","article_number":"luxury-paper-bag-offset","numberOfSheets":0},"prices":{"salesPrice":746.65,"normalPrice":868.2,"productPrice":868.2,"urgencyPrice":0,"currency":"EUR","exchangeRate":1,"deliveryPromisePremiumPrice":130.23,"deliveryPromisePrice":43.41,"discountPercentage":14.000230361667818},"supplierId":"23ba7a2a-11a5-4b2f-ab30-45ebb4fd3c1a","variants":[]}