{"options":{"article_number":"7200-6","copies":1,"height":297,"longestDimension":297,"material":"anodized_aluminum","planoHeight":297,"planoSquareMM":62370,"planoSquareMMTotal":62370,"planoWidth":210,"printingmethod":"raw_material","printtype":"00","sheet":"displays","sheetHeight":1,"sheetWidth":1,"shortestDimension":210,"size":"a4","sku":"luxurious-folder-displays","squareMM":62370,"squareMMTotal":62370,"summary_image":"luxurious-folder-display","urgency":"standard","width":210,"size.width":210,"size.height":297},"includes":{"numberOfSheets":0},"prices":{"salesPrice":107.64,"normalPrice":125.16,"productPrice":125.16,"urgencyPrice":0,"currency":"EUR","exchangeRate":1,"deliveryPromisePremiumPrice":18.77,"deliveryPromisePrice":12.95,"discountPercentage":13.998082454458293},"supplierId":"88d97aa2-ce35-412a-a144-7ea4d7ca5e49","variants":[]}