{"options":{"copies":1,"custom_shape":"clean_cut","grammage":2000,"height":600,"longestDimension":1000,"material":"entrycmyktpeblack","material-thickness":"5mm","planoHeight":600,"planoSquareMM":600000,"planoSquareMMTotal":600000,"planoWidth":1000,"printingmethod":"digital","printtype":40,"sheet":"2000w_25000h","sheetHeight":25000,"sheetWidth":2000,"shortestDimension":600,"size":"100_x_60_cm_mat","sku":"mats","squareMM":600000,"squareMMTotal":600000,"summary_image":"mat","urgency":"standard","width":1000,"size.height":600,"material.weight":2000,"size.width":1000},"includes":{"numberOfSheets":0},"prices":{"salesPrice":30.23,"normalPrice":35.15,"productPrice":35.15,"urgencyPrice":0,"currency":"EUR","exchangeRate":1,"deliveryPromisePremiumPrice":18,"deliveryPromisePrice":12.95,"discountPercentage":13.997155049786628},"supplierId":"2a43c60a-14a9-484d-a805-e20af77513a0","variants":[]}