{"options":{"accessories_flags":"ground_plate_heavy","article_number":"06-0600-1292","article_number_2":"06-0600-0287","copies":1,"grammage":500,"height":400,"longestDimension":400,"material":"500gr_powder_coated_steel","planoHeight":400,"planoSquareMM":160000,"planoSquareMMTotal":160000,"planoWidth":400,"printingmethod":"raw_material","printtype":"00","sheet":"flag accessories","sheetHeight":1,"sheetWidth":1,"shortestDimension":400,"size":"baseplate_40_40_cm","sku":"metal-baseplate-heavy-fiberglass-poles","squareMM":160000,"squareMMTotal":160000,"summary_image":"ground_plate_heavy","urgency":"standard","weight":"15000_grams","width":400,"accessories_flags.weightpercopy":15000,"size.width":400,"size.height":400,"material.weight":500},"includes":{"numberOfSheets":0},"prices":{"salesPrice":43.55,"normalPrice":50.64,"productPrice":50.64,"urgencyPrice":0,"currency":"EUR","exchangeRate":1,"deliveryPromisePremiumPrice":18,"deliveryPromisePrice":12.95,"discountPercentage":14.000789889415483},"supplierId":"b61bdb5c-3dd2-4609-818a-b30e1ca3b99a","variants":[]}