{"options":{"accessories_flags":"ground_plate_light","copies":1,"grammage":500,"height":400,"longestDimension":400,"material":"500gr_powder_coated_steel","planoHeight":400,"planoSquareMM":160000,"planoSquareMMTotal":160000,"planoWidth":400,"printingmethod":"raw_material","printtype":"00","sheet":"flag accessories","sheetHeight":1,"sheetWidth":1,"shortestDimension":400,"size":"baseplate_40_40_cm","sku":"metal-baseplate-fiberglass-poles","squareMM":160000,"squareMMTotal":160000,"urgency":"standard","weight":"6000_grams","width":400,"accessories_flags.weightpercopy":1000,"material.weight":500,"size.width":400,"size.height":400},"includes":{"numberOfSheets":0},"prices":{"salesPrice":21.18,"normalPrice":24.63,"productPrice":24.63,"urgencyPrice":0,"currency":"EUR","exchangeRate":1,"deliveryPromisePremiumPrice":18,"deliveryPromisePrice":12.95,"discountPercentage":14.007308160779536},"supplierId":"4e618ff1-f5a5-409c-85d0-7d50e2cbb2af","variants":[]}