{"options":{"brezo_article":"tech.spm.082.096.b017","color":"white_mug","copies":20,"grammage":200,"height":96,"longestDimension":212,"material":"200gr_keramiek_mug","personalize":"none","planoHeight":96,"planoSquareMM":20352,"planoSquareMMTotal":407040,"planoWidth":212,"printingmethod":"sublimation","printtype":40,"sheet":"Mug","sheetHeight":1,"sheetWidth":1,"shortestDimension":96,"size":"mug_9_cm","sku":"mugs","squareMM":20352,"squareMMTotal":407040,"summary_image":"mugs","urgency":"standard","volume":"340_ml","width":212,"material.weight":200,"size.width":212,"size.height":96},"includes":{"printtype":40,"brezo_article":"tech.spm.082.096.b017","numberOfSheets":0},"prices":{"salesPrice":84.31,"normalPrice":98.04,"productPrice":98.04,"urgencyPrice":0,"currency":"EUR","exchangeRate":1,"deliveryPromisePremiumPrice":18,"deliveryPromisePrice":12.95,"discountPercentage":14.004487964096288},"supplierId":"93a5fcf0-b629-4961-90c9-4d4a5c146b2a","variants":[]}