{"options":{"article_number":121264,"copies":24,"height":90,"lock":"pin","longestDimension":90,"material":"transparant_pvc","planoHeight":90,"planoSquareMM":5400,"planoSquareMMTotal":129600,"planoWidth":60,"printingmethod":"raw_material","printtype":"00","sheet":"name_badges","sheetHeight":1,"sheetWidth":1,"shortestDimension":60,"size":"90_x_60_mm_name_badge","sku":"namebadges","squareMM":5400,"squareMMTotal":129600,"summary_image":"namebagdes","urgency":"standard","width":60,"size.height":90,"material.color":"#f8feff","size.width":60},"includes":{"article_number":121264,"numberOfSheets":0},"prices":{"salesPrice":5.76,"normalPrice":6.7,"productPrice":6.7,"urgencyPrice":0,"currency":"EUR","exchangeRate":1,"deliveryPromisePremiumPrice":22.95,"deliveryPromisePrice":12.95,"discountPercentage":14.029850746268657},"supplierId":"4650d75c-2f24-4076-bf62-5ebf0474cddc","variants":[]}