{"options":{"article_number":"sc080alh","copies":1,"display_type":"vertically_on_the_wall","height":1,"length_material":"80_mm","longestDimension":1,"material":"accessories","planoHeight":1,"planoSquareMM":1,"planoSquareMMTotal":1,"planoWidth":1,"printingmethod":"raw_material","printtype":"00","sheet":"accessories","sheetHeight":1,"sheetWidth":1,"shortestDimension":1,"signclamp":"classic_aluminium","size":"accessories","sku":"nameplate-holders","squareMM":1,"squareMMTotal":1,"urgency":"standard","width":1,"size.width":1,"size.height":1},"includes":{"article_number":"sc080alh","numberOfSheets":0},"prices":{"salesPrice":7.46,"normalPrice":8.68,"productPrice":8.68,"urgencyPrice":0,"currency":"EUR","exchangeRate":1,"deliveryPromisePremiumPrice":22.95,"deliveryPromisePrice":12.95,"discountPercentage":14.055299539170507},"supplierId":"b493de95-bf8d-4aa0-8968-1e8351906aaf","variants":[]}