{"options":{"copies":1,"height":1,"longestDimension":1,"material":"nylon","planoHeight":1,"planoSquareMM":1,"planoSquareMMTotal":1,"planoWidth":1,"printingmethod":"raw_material","printtype":"00","sheet":"accessories","sheetHeight":1,"sheetWidth":1,"shortestDimension":1,"size":"spacer_s","sku":"nylon-spacers","squareMM":1,"squareMMTotal":1,"summary_image":"spacers_nylon","urgency":"standard","width":1,"size.width":1,"size.height":1},"includes":{"numberOfSheets":0},"prices":{"salesPrice":2.7,"normalPrice":3.14,"productPrice":3.14,"urgencyPrice":0,"currency":"EUR","exchangeRate":1,"deliveryPromisePremiumPrice":18,"deliveryPromisePrice":12.95,"discountPercentage":14.012738853503185},"supplierId":"4e618ff1-f5a5-409c-85d0-7d50e2cbb2af","variants":[]}