{"options":{"accessories":"spacers_glue","copies":1,"height":1,"longestDimension":1,"material":"accessories","planoHeight":1,"planoSquareMM":1,"planoSquareMMTotal":1,"planoWidth":1,"printingmethod":"raw_material","printtype":"00","sheet":"accessories","sheetHeight":1,"sheetWidth":1,"shortestDimension":1,"size":"accessories","sku":"nylon-spacers-glue","squareMM":1,"squareMMTotal":1,"urgency":"standard","width":1,"size.width":1,"size.height":1},"includes":{"numberOfSheets":0},"prices":{"salesPrice":4.72,"normalPrice":5.49,"productPrice":5.49,"urgencyPrice":0,"currency":"EUR","exchangeRate":1,"deliveryPromisePremiumPrice":18,"deliveryPromisePrice":12.95,"discountPercentage":14.025500910746814},"supplierId":"4e618ff1-f5a5-409c-85d0-7d50e2cbb2af","variants":[]}