{"options":{"accessories":"squeegee_plastic","copies":1,"grammage":200,"height":70,"longestDimension":100,"material":"200gr_plastic","planoHeight":70,"planoSquareMM":7000,"planoSquareMMTotal":7000,"planoWidth":100,"printingmethod":"raw_material","printtype":"00","sheet":"accessories","sheetHeight":1,"sheetWidth":1,"shortestDimension":70,"size":"squeegee","sku":"oracal-squeegee","squareMM":7000,"squareMMTotal":7000,"summary_image":"squeegee_plastic","urgency":"standard","width":100,"size.width":100,"size.height":70,"material.weight":200},"includes":{"numberOfSheets":0},"prices":{"salesPrice":1,"normalPrice":1.16,"productPrice":1.16,"urgencyPrice":0,"currency":"EUR","exchangeRate":1,"deliveryPromisePremiumPrice":18,"deliveryPromisePrice":12.95,"discountPercentage":13.793103448275861},"supplierId":"4e618ff1-f5a5-409c-85d0-7d50e2cbb2af","variants":[]}