{"options":{"copies":1,"grammage":1000,"height":70,"longestDimension":70,"material":"1000gr_metal","panel_hanging_plate":"panel_hanging_plate_70_x_70","planoHeight":70,"planoSquareMM":4900,"planoSquareMMTotal":4900,"planoWidth":70,"printingmethod":"raw_material","printtype":"00","sheet":"sign_mounts","sheetHeight":1,"sheetWidth":1,"shortestDimension":70,"size":"7_x_7_cm","sku":"panel-hanging-plates","squareMM":4900,"squareMMTotal":4900,"summary_image":"panel-hanging-plates","urgency":"standard","width":70,"material.weight":1000,"size.width":70,"size.height":70},"includes":{"size":"7_x_7_cm","panel_hanging_plate":"panel_hanging_plate_70_x_70","numberOfSheets":0},"prices":{"salesPrice":2.7,"normalPrice":3.14,"productPrice":3.14,"urgencyPrice":0,"currency":"EUR","exchangeRate":1,"deliveryPromisePremiumPrice":18,"deliveryPromisePrice":12.95,"discountPercentage":14.012738853503185},"supplierId":"4e618ff1-f5a5-409c-85d0-7d50e2cbb2af","variants":[]}