{"options":{"article_number":351023,"color":"anthracite","copies":1,"height":210,"longestDimension":210,"material":"polystone","planoHeight":210,"planoSquareMM":31080,"planoSquareMMTotal":31080,"planoWidth":148,"printingmethod":"raw_material","printtype":"00","sheet":"table_ware","sheetHeight":1,"sheetWidth":1,"shortestDimension":148,"size":"a5","sku":"polystone-block-stand","squareMM":31080,"squareMMTotal":31080,"summary_image":"polystone-block-stand","urgency":"standard","width":148,"color.color":"#383E42","size.width":148,"size.height":210},"includes":{"article_number":351023,"numberOfSheets":0},"prices":{"salesPrice":12.69,"normalPrice":14.76,"productPrice":14.76,"urgencyPrice":0,"currency":"EUR","exchangeRate":1,"deliveryPromisePremiumPrice":18,"deliveryPromisePrice":12.95,"discountPercentage":14.02439024390244},"supplierId":"4650d75c-2f24-4076-bf62-5ebf0474cddc","variants":[]}