{"options":{"copies":1,"custom_shape":"clean_cut","grammage":600,"height":1000,"longestDimension":1000,"material":"3.5mm_polypropylene_board_horizontal","packaging_extras":"packaging_plate","planoHeight":1000,"planoSquareMM":1000000,"planoSquareMMTotal":1000000,"planoWidth":1000,"printingmethod":"lfp_uv","printtype":40,"sheet":"1530w_3030h","sheetHeight":3030,"sheetWidth":1530,"shortestDimension":1000,"size":"100_x100_cm","sku":"polypropylene","squareMM":1000000,"squareMMTotal":1000000,"summary_image":"polypropylene","urgency":"standard","width":1000,"material.rigid":true,"material.thickness":3.5,"material.weight":600,"size.width":1000,"size.height":1000},"includes":{"numberOfSheets":0},"prices":{"salesPrice":15.03,"normalPrice":17.48,"productPrice":17.48,"urgencyPrice":0,"currency":"EUR","exchangeRate":1,"deliveryPromisePremiumPrice":18,"deliveryPromisePrice":12.95,"discountPercentage":14.016018306636155},"supplierId":"827a0e42-d320-4b40-a571-621ae06ecb6f","variants":[]}