{"options":{"clean_cut":"yes","copies":1,"customer_packing_option":"none","delivery":"delivered_flat_in_box","finish":"geen","grammage":135,"height":594,"longestDimension":594,"material":"135gr_gesatineerd_mc","packaging_extras":"packaging_handling","planoHeight":594,"planoSquareMM":249480,"planoSquareMMTotal":249480,"planoWidth":420,"printingmethod":"digital","printtype":40,"sheet":"700w_500h_ovimex","sheetHeight":508,"sheetWidth":708,"sheet_size":"not_defined","shortestDimension":420,"size":"a2","sku":"posters","squareMM":249480,"squareMMTotal":249480,"urgency":"standard","width":420,"material.thickness":0.095,"size.width":420,"size.height":594,"material.color":"#ffffff","material.weight":135},"includes":{"packaging_extras":"packaging_handling","clean_cut":"yes","sheet_size":"not_defined","delivery":"delivered_flat_in_box","numberOfSheets":1},"prices":{"salesPrice":5.3,"normalPrice":6.16,"productPrice":6.16,"urgencyPrice":0,"currency":"EUR","exchangeRate":1,"deliveryPromisePremiumPrice":18,"deliveryPromisePrice":12.95,"discountPercentage":13.96103896103896},"supplierId":"46eeb300-6d51-4275-ab01-822afbce6b00","variants":[]}