{"options":{"copies":1,"grammage":660,"height":80,"longestDimension":420,"material":"660gr_posterclamp_aluminum","planoHeight":80,"planoSquareMM":33600,"planoSquareMMTotal":33600,"planoWidth":420,"printingmethod":"raw_material","printtype":"00","sheet":"accessories","sheetHeight":1,"sheetWidth":1,"shortestDimension":80,"size":"posterclamp_42","sku":"posterclamp","squareMM":33600,"squareMMTotal":33600,"urgency":"standard","width":420,"size.width":420,"size.height":80,"material.weight":660},"includes":{"numberOfSheets":0},"prices":{"salesPrice":4.05,"normalPrice":4.71,"productPrice":4.71,"urgencyPrice":0,"currency":"EUR","exchangeRate":1,"deliveryPromisePremiumPrice":22.95,"deliveryPromisePrice":12.95,"discountPercentage":14.012738853503185},"supplierId":"fc7947c0-1a09-44b4-bec1-88036bf83e74","variants":[]}