{"options":{"copies":20,"grammage":75,"height":297,"longestDimension":297,"material":"75gr_printing_paper","packaging_quantity_box":"2500_box","planoHeight":297,"planoSquareMM":62370,"planoSquareMMTotal":1247400,"planoWidth":210,"printingmethod":"raw_material","printtype":"00","sheet":"1w_1h","sheetHeight":1,"sheetWidth":1,"shortestDimension":210,"size":"a4","sku":"printing-paper","squareMM":62370,"squareMMTotal":1247400,"summary_image":"printing-paper","urgency":"standard","width":210,"material.weight":75,"size.width":210,"size.height":297},"includes":{"packaging_quantity_box":"2500_box","numberOfSheets":0},"prices":{"salesPrice":444.25,"normalPrice":516.57,"productPrice":516.57,"urgencyPrice":0,"currency":"EUR","exchangeRate":1,"deliveryPromisePremiumPrice":77.49,"deliveryPromisePrice":25.83,"discountPercentage":14.000038716921232},"supplierId":"b61bdb5c-3dd2-4609-818a-b30e1ca3b99a","variants":[]}