{"options":{"all_sides_equal_finish":"yes","copies":1,"finish_bottom":"trimmed","finish_left":"trimmed","finish_right":"trimmed","finish_top":"trimmed","grammage":510,"height":1000,"longestDimension":1000,"material":"510gr_pvc","packaging_extras":"packaging_banner","planoHeight":1000,"planoSquareMM":1000000,"planoSquareMMTotal":1000000,"planoWidth":1000,"printingmethod":"lfp_latex_320","printtype":40,"sheet":"3200w_50000h","sheetHeight":50000,"sheetWidth":3200,"shortestDimension":1000,"size":"100_x100_cm","sku":"pvc-510","squareMM":1000000,"squareMMTotal":1000000,"summary_image":"pvc-510","urgency":"standard","width":1000,"material.thickness":0.4,"material.weight":510,"size.width":1000,"size.height":1000,"material.color":"#ffffff"},"includes":{"finish_top":"trimmed","finish_bottom":"trimmed","finish_right":"trimmed","numberOfSheets":0},"prices":{"salesPrice":9.59,"normalPrice":11.15,"productPrice":11.15,"urgencyPrice":0,"currency":"EUR","exchangeRate":1,"deliveryPromisePremiumPrice":18,"deliveryPromisePrice":12.95,"discountPercentage":13.991031390134529},"supplierId":"cb9d58ad-6d23-4abe-a71f-5888c79ff265","variants":[]}