{"options":{"copies":500,"drillholes":"none","finish":"double_sided_gloss_lamination","grammage":760,"height":53.8,"longestDimension":85.4,"material":"760gr_pvc","personalize":"none","planoHeight":53.8,"planoSquareMM":4594.52,"planoSquareMMTotal":2297260,"planoWidth":85.4,"printingmethod":"digital","printtype":44,"sheet":"pvc_cards","sheetHeight":1,"sheetWidth":1,"shortestDimension":53.8,"size":"creditcard_landscape","sku":"pvc-cards","spot_finish":"none","squareMM":4594.52,"squareMMTotal":2297260,"summary_image":"pvc-cards","urgency":"standard","width":85.4,"writing_box":"none","size.width":85.4,"size.height":53.8,"material.color":"#ffffff","material.weight":760},"includes":{"numberOfSheets":0},"prices":{"salesPrice":171.08,"normalPrice":198.93,"productPrice":198.93,"urgencyPrice":0,"currency":"EUR","exchangeRate":1,"deliveryPromisePremiumPrice":29.84,"deliveryPromisePrice":12.95,"discountPercentage":13.999899462122354},"supplierId":"6953fa3d-2478-4d10-ad1f-f78786a16a93","variants":[]}