{"options":{"binding_edge":"binding_left","clean_cut":"yes","copies":25,"cover_material":"none_cover","cover_material_selfcover":false,"grammage":90,"height":99,"longestDimension":210,"material":"90gr_hvo","perforation":"2_perforation_lines_raffle","personalize":"double_numbering","planoHeight":99,"planoSquareMM":20790,"planoSquareMMTotal":519750,"planoWidth":210,"printingmethod":"digital","printtype":44,"printtype_cover":"00","product_type":"raffle_tickets","sheet":"1w_1h_raffle_tickets","sheetHeight":1,"sheetWidth":1,"sheets_per_block":"25tickets","shortestDimension":99,"size":"din_large_plus_landscape","sku":"raffle-tickets","squareMM":20790,"squareMMTotal":519750,"summary_image":"raffle-tickets","urgency":"standard","width":210,"size.width":210,"size.height":99,"material.color":"#ffffff","material.thickness":0.113,"material.weight":90},"includes":{"numberOfSheets":0},"prices":{"salesPrice":75.36,"normalPrice":87.63,"productPrice":87.63,"urgencyPrice":0,"currency":"EUR","exchangeRate":1,"deliveryPromisePremiumPrice":22.95,"deliveryPromisePrice":12.95,"discountPercentage":14.002054091064704},"supplierId":"df0ab18b-2d30-4f38-9e30-14c3d8db6c2c","variants":[]}