{"options":{"accessories":"replacement-point","copies":1,"grammage":200,"height":5,"longestDimension":38,"material":"200gr_plastic","planoHeight":5,"planoSquareMM":190,"planoSquareMMTotal":190,"planoWidth":38,"printingmethod":"raw_material","printtype":"00","sheet":"accessories","sheetHeight":1,"sheetWidth":1,"shortestDimension":5,"size":"replacement-point","sku":"replacement-point","squareMM":190,"squareMMTotal":190,"summary_image":"replacement-point","urgency":"standard","width":38,"material.weight":200,"size.width":38,"size.height":5},"includes":{"numberOfSheets":0},"prices":{"salesPrice":14.63,"normalPrice":17.01,"productPrice":17.01,"urgencyPrice":0,"currency":"EUR","exchangeRate":1,"deliveryPromisePremiumPrice":18,"deliveryPromisePrice":12.95,"discountPercentage":13.991769547325102},"supplierId":"4e618ff1-f5a5-409c-85d0-7d50e2cbb2af","variants":[]}