{"options":{"accessories":"replacement_blades_30_degrees_9mm","copies":1,"grammage":1000,"height":70,"longestDimension":100,"material":"1000gr_stainless-steel","planoHeight":70,"planoSquareMM":7000,"planoSquareMMTotal":7000,"planoWidth":100,"printingmethod":"raw_material","printtype":"00","sheet":"accessories","sheetHeight":1,"sheetWidth":1,"shortestDimension":70,"size":"squeegee","sku":"replacement-blades-knife-30-degrees-9mm","squareMM":7000,"squareMMTotal":7000,"summary_image":"replacement_blades_30_degrees_9mm","urgency":"standard","width":100,"material.weight":1000,"size.width":100,"size.height":70},"includes":{"numberOfSheets":0},"prices":{"salesPrice":5.32,"normalPrice":6.19,"productPrice":6.19,"urgencyPrice":0,"currency":"EUR","exchangeRate":1,"deliveryPromisePremiumPrice":18,"deliveryPromisePrice":12.95,"discountPercentage":14.054927302100161},"supplierId":"4e618ff1-f5a5-409c-85d0-7d50e2cbb2af","variants":[]}