{"options":{"article_number":"gogob033pp00tdgf","bpa_free":"yes","color":"transparent","copies":10,"dishwasher_proof":"yes","grammage":1810,"height":114,"longestDimension":197,"material":"polypropylene-cups","packaging_quantity":"packed_per_500","planoHeight":114,"planoSquareMM":22458,"planoSquareMMTotal":224580,"planoWidth":197,"printingmethod":"digital","printtype":40,"product_weight":"30gr","sheet":"cups","sheetHeight":1,"sheetWidth":1,"shortestDimension":114,"size":"33_cc_cup","sku":"reusable-cups-all-over","squareMM":22458,"squareMMTotal":224580,"summary_image":"reusable-cups-all-over","urgency":"standard","width":197,"color.color":"#ffffff","material.weight":1810,"size.width":197,"size.height":114},"includes":{"article_number":"gogob033pp00tdgf","packaging_quantity":"packed_per_500","numberOfSheets":0},"prices":{"salesPrice":6.75,"normalPrice":7.85,"productPrice":7.85,"urgencyPrice":0,"currency":"EUR","exchangeRate":1,"deliveryPromisePremiumPrice":22.95,"deliveryPromisePrice":12.95,"discountPercentage":14.012738853503185},"supplierId":"f23fb5c4-4739-4543-a04a-2b565ddc9a5e","variants":[]}