{"options":{"copies":1,"grammage":2500,"height":2060,"longestDimension":2060,"material":"2500gr_roll-up_system","planoHeight":2060,"planoSquareMM":1751000,"planoSquareMMTotal":1751000,"planoWidth":850,"printingmethod":"raw_material","printtype":"00","roll_up_banners":"budget","roll_up_systems":"budget_85_x_200","roller_banner_bag":"yes","sheet":"3200w_50000h","sheetHeight":50000,"sheetWidth":3200,"shortestDimension":850,"size":"banner_85_x_200","sku":"roll-up-cassettes","squareMM":1751000,"squareMMTotal":1751000,"urgency":"standard","width":850,"size.height":2060,"material.weight":2500,"size.width":850},"includes":{"roll_up_systems":"budget_85_x_200","roller_banner_bag":"yes","numberOfSheets":0},"prices":{"salesPrice":13.36,"normalPrice":15.53,"productPrice":15.53,"urgencyPrice":0,"currency":"EUR","exchangeRate":1,"deliveryPromisePremiumPrice":18,"deliveryPromisePrice":12.95,"discountPercentage":13.972955569864778},"supplierId":"4e618ff1-f5a5-409c-85d0-7d50e2cbb2af","variants":[]}