{"options":{"accessories":"light_smart_5_watt_led","copies":1,"grammage":200,"height":490,"longestDimension":490,"material":"200gr_lamp_aluminium","planoHeight":490,"planoSquareMM":46550,"planoSquareMMTotal":46550,"planoWidth":95,"printingmethod":"raw_material","printtype":"00","sheet":"accessories","sheetHeight":1,"sheetWidth":1,"shortestDimension":95,"size":"lamp","sku":"roll-up-banner-light","squareMM":46550,"squareMMTotal":46550,"urgency":"standard","weight":"460_grams","width":95,"material.weight":200,"size.width":95,"size.height":490},"includes":{"numberOfSheets":0},"prices":{"salesPrice":19.78,"normalPrice":23,"productPrice":23,"urgencyPrice":0,"currency":"EUR","exchangeRate":1,"deliveryPromisePremiumPrice":18,"deliveryPromisePrice":12.95,"discountPercentage":14.000000000000002},"supplierId":"4e618ff1-f5a5-409c-85d0-7d50e2cbb2af","variants":[]}