{"options":{"copies":1,"custom_shape":"clean_cut","grammage":510,"height":2060,"longestDimension":2060,"material":"510gr_pvc","packaging_extras":"roll-up_packaging","planoHeight":2060,"planoSquareMM":1751000,"planoSquareMMTotal":1751000,"planoWidth":850,"printingmethod":"lfp_latex_320","printtype":40,"provide_label":"no","roll_up_banners":"basic","roll_up_systems":"basic_85_x_200","roller_banner_bag":"yes","sheet":"3200w_50000h","sheetHeight":50000,"sheetWidth":3200,"shortestDimension":850,"size":"banner_85_x_200","sku":"roller-banners","squareMM":1751000,"squareMMTotal":1751000,"urgency":"standard","width":850,"material.weight":510,"size.width":850,"size.height":2060,"roll_up_banners.color":"#9c9c9c","material.color":"#ffffff","material.thickness":0.4},"includes":{"roll_up_systems":"basic_85_x_200","printingmethod":"lfp_latex_320","printtype":40,"numberOfSheets":0},"prices":{"salesPrice":29.48,"normalPrice":34.28,"productPrice":34.28,"urgencyPrice":0,"currency":"EUR","exchangeRate":1,"deliveryPromisePremiumPrice":18,"deliveryPromisePrice":12.95,"discountPercentage":14.002333722287046},"supplierId":"4e618ff1-f5a5-409c-85d0-7d50e2cbb2af","variants":[]}