{"options":{"brezo_article":"tp.91270.b019","copies":25,"grammage":1100,"height":33,"longestDimension":155,"material":"plastic","planoHeight":33,"planoSquareMM":5115,"planoSquareMMTotal":127875,"planoWidth":155,"printingmethod":"digital_uv","printtype":40,"product_size":"160_x_38_mm","sheet":"Brezo_dig_uv","sheetHeight":1,"sheetWidth":1,"shortestDimension":33,"size":"20_x_150_mm_ruler","sku":"ruler","squareMM":5115,"squareMMTotal":127875,"summary_image":"ruler","thickness":"1_mm","urgency":"standard","width":155,"size.width":155,"size.height":33,"material.weight":1100},"includes":{"brezo_article":"tp.91270.b019","numberOfSheets":0},"prices":{"salesPrice":36.83,"normalPrice":42.83,"productPrice":42.83,"urgencyPrice":0,"currency":"EUR","exchangeRate":1,"deliveryPromisePremiumPrice":22.95,"deliveryPromisePrice":12.95,"discountPercentage":14.008872285780994},"supplierId":"93a5fcf0-b629-4961-90c9-4d4a5c146b2a","variants":[]}