{"options":{"copies":1,"fold":"binder_6","folds":4,"grammage":150,"height":260,"language":"lookbook_nl","longestDimension":510,"material":"150gr_silk_mc","planoHeight":260,"planoSquareMM":132600,"planoSquareMMTotal":132600,"planoWidth":510,"printingmethod":"digital","printtype":40,"samplebox_cover":"standard","samplebox_set_inspire":1,"sheet":"samplebox","sheetHeight":210,"sheetWidth":340,"shortestDimension":260,"size":"samplebox","sku":"samplebox","squareMM":132600,"squareMMTotal":132600,"urgency":"standard","width":510,"size.width":510,"size.height":260,"material.color":"#ffffff","material.thickening":0.92,"material.thickness":0.125,"material.weight":150},"includes":{"numberOfSheets":0},"prices":{"salesPrice":15.74,"normalPrice":18.3,"productPrice":18.3,"urgencyPrice":0,"currency":"EUR","exchangeRate":1,"deliveryPromisePremiumPrice":18,"deliveryPromisePrice":12.95,"discountPercentage":13.989071038251366},"supplierId":"a1c515af-527a-4b1f-be6d-f91ecb46f501","variants":[]}