{"options":{"copies":500,"display_extra":"none","grammage":250,"height":105,"longestDimension":105,"material":"250gr_gesatineerd_mc","personalize":"none","planoHeight":105,"planoSquareMM":7770,"planoSquareMMTotal":3885000,"planoWidth":74,"printingmethod":"digital","printtype":44,"sealed":"none","sheet":"1w_1h","sheetHeight":1,"sheetWidth":1,"shortestDimension":74,"size":"a7","sku":"scratch-off","spot_finish":"single_sided_scratch_off_silkscreen","squareMM":7770,"squareMMTotal":3885000,"summary_image":"scratch_off","urgency":"standard","width":74,"size.width":74,"size.height":105,"material.color":"#ffffff","material.thickness":0.185,"material.weight":250},"includes":{"numberOfSheets":0},"prices":{"salesPrice":398.95,"normalPrice":463.9,"productPrice":463.9,"urgencyPrice":0,"currency":"EUR","exchangeRate":1,"deliveryPromisePremiumPrice":69.58,"deliveryPromisePrice":23.2,"discountPercentage":14.000862254796292},"supplierId":"f3d9dd64-8140-44d4-a0c1-380d361503dc","variants":[]}