{"options":{"article_number":351001,"copies":1,"height":210,"longestDimension":210,"material":"acrylate","planoHeight":210,"planoSquareMM":31080,"planoSquareMMTotal":31080,"planoWidth":148,"printingmethod":"raw_material","printtype":"00","sheet":"table_ware","sheetHeight":1,"sheetWidth":1,"shortestDimension":148,"sign_holder_type":"budget_l","size":"a5","sku":"sign-holder","squareMM":31080,"squareMMTotal":31080,"urgency":"standard","width":148,"size.width":148,"size.height":210},"includes":{"article_number":351001,"numberOfSheets":0},"prices":{"salesPrice":1.51,"normalPrice":1.75,"productPrice":1.75,"urgencyPrice":0,"currency":"EUR","exchangeRate":1,"deliveryPromisePremiumPrice":18,"deliveryPromisePrice":12.95,"discountPercentage":13.714285714285715},"supplierId":"4650d75c-2f24-4076-bf62-5ebf0474cddc","variants":[]}