{"options":{"article_number":"9070-a4","copies":1,"height":210,"longestDimension":297,"material":"anodized_aluminum","planoHeight":210,"planoSquareMM":62370,"planoSquareMMTotal":62370,"planoWidth":297,"printingmethod":"raw_material","printtype":"00","sheet":"displays","sheetHeight":1,"sheetWidth":1,"shortestDimension":210,"size":"a4_landscape","sku":"single-folder-displays","squareMM":62370,"squareMMTotal":62370,"urgency":"standard","width":297,"size.width":297,"size.height":210},"includes":{"article_number":"9070-a4","numberOfSheets":0},"prices":{"salesPrice":61.15,"normalPrice":71.1,"productPrice":71.1,"urgencyPrice":0,"currency":"EUR","exchangeRate":1,"deliveryPromisePremiumPrice":18,"deliveryPromisePrice":12.95,"discountPercentage":13.9943741209564},"supplierId":"88d97aa2-ce35-412a-a144-7ea4d7ca5e49","variants":[]}