{"options":{"copies":1,"height":1,"lighting":"led_lighting","longestDimension":1,"material":"accessories","planoHeight":1,"planoSquareMM":1,"planoSquareMMTotal":1,"planoWidth":1,"printingmethod":"raw_material","printtype":"00","sheet":"skydancers","sheetHeight":0,"sheetWidth":0,"shortestDimension":1,"size":"accessories","sku":"skydancer-led","squareMM":1,"squareMMTotal":1,"summary_image":"skydancer-led","urgency":"standard","width":1,"size.width":1,"size.height":1},"includes":{"numberOfSheets":0},"prices":{"salesPrice":28.33,"normalPrice":32.94,"productPrice":32.94,"urgencyPrice":0,"currency":"EUR","exchangeRate":1,"deliveryPromisePremiumPrice":18,"deliveryPromisePrice":12.95,"discountPercentage":13.995142683667275},"supplierId":"a28998f4-d8e1-4a73-af70-c83c9b7f8382","variants":[]}