{"options":{"blower":"blower","copies":1,"height":450,"longestDimension":450,"material":"accessories","planoHeight":450,"planoSquareMM":202500,"planoSquareMMTotal":202500,"planoWidth":450,"printingmethod":"raw_material","printtype":"00","sheet":"skydancers","sheetHeight":0,"sheetWidth":0,"shortestDimension":450,"size":"45_cm_round","sku":"skydancer-blower","squareMM":202500,"squareMMTotal":202500,"summary_image":"skydancer-blower","urgency":"standard","width":450,"size.width":450,"size.height":450},"includes":{"numberOfSheets":0},"prices":{"salesPrice":286.49,"normalPrice":333.13,"productPrice":333.13,"urgencyPrice":0,"currency":"EUR","exchangeRate":1,"deliveryPromisePremiumPrice":49.97,"deliveryPromisePrice":16.66,"discountPercentage":14.000540329601058},"supplierId":"a28998f4-d8e1-4a73-af70-c83c9b7f8382","variants":[]}