{"options":{"article_number":"pleda4g30","copies":1,"grammage":2000,"height":297,"longestDimension":297,"material":"2000gr_anodized_aluminium","planoHeight":297,"planoSquareMM":62370,"planoSquareMMTotal":62370,"planoWidth":210,"printingmethod":"raw_material","printtype":"00","sheet":"snap-frames","sheetHeight":1,"sheetWidth":1,"shortestDimension":210,"size":"a4","sku":"snap-frames-led","squareMM":62370,"squareMMTotal":62370,"summary_image":"snap-frames-led","urgency":"standard","width":210,"material.weight":2000,"size.width":210,"size.height":297,"article_number.weightpercopy":1300},"includes":{"article_number":"pleda4g30","numberOfSheets":0},"prices":{"salesPrice":34.18,"normalPrice":39.74,"productPrice":39.74,"urgencyPrice":0,"currency":"EUR","exchangeRate":1,"deliveryPromisePremiumPrice":18,"deliveryPromisePrice":12.95,"discountPercentage":13.990941117262205},"supplierId":"fc7947c0-1a09-44b4-bec1-88036bf83e74","variants":[]}