{"options":{"accessories":"plugs_and_screws","copies":1,"grammage":2000,"height":594,"longestDimension":594,"material":"2000gr_anodized_aluminium","planoHeight":594,"planoSquareMM":249480,"planoSquareMMTotal":249480,"planoWidth":420,"printingmethod":"raw_material","printtype":"00","sheet":"snap-frames","sheetHeight":1,"sheetWidth":1,"shortestDimension":420,"size":"a2","sku":"snap-frame","snap-frame-type":"tasmanie","squareMM":249480,"squareMMTotal":249480,"standard_polyvinylchloride_insert":"yes","urgency":"standard","width":420,"material.weight":2000,"size.width":420,"size.height":594},"includes":{"numberOfSheets":0},"prices":{"salesPrice":10.04,"normalPrice":11.67,"productPrice":11.67,"urgencyPrice":0,"currency":"EUR","exchangeRate":1,"deliveryPromisePremiumPrice":18,"deliveryPromisePrice":12.95,"discountPercentage":13.967437874892887},"supplierId":"88d97aa2-ce35-412a-a144-7ea4d7ca5e49","variants":[]}