{"options":{"copies":1,"height":1,"longestDimension":1,"material":"accessories","planoHeight":1,"planoSquareMM":1,"planoSquareMMTotal":1,"planoWidth":1,"printingmethod":"raw_material","printtype":"00","sheet":"sign_mounts","sheetHeight":1,"sheetWidth":1,"shortestDimension":1,"sign_mount":"spacers_silver_29","size":"accessories","sku":"spacers","squareMM":1,"squareMMTotal":1,"summary_image":"spacers","urgency":"standard","usage":"inside","width":1,"size.width":1,"size.height":1},"includes":{"numberOfSheets":0},"prices":{"salesPrice":4.49,"normalPrice":5.22,"productPrice":5.22,"urgencyPrice":0,"currency":"EUR","exchangeRate":1,"deliveryPromisePremiumPrice":18,"deliveryPromisePrice":12.95,"discountPercentage":13.984674329501914},"supplierId":"4e618ff1-f5a5-409c-85d0-7d50e2cbb2af","variants":[]}