{"options":{"accessories":"squeegee_plastic_and_vilt","copies":1,"grammage":200,"height":70,"longestDimension":100,"material":"200gr_plastic_and_vilt","planoHeight":70,"planoSquareMM":7000,"planoSquareMMTotal":7000,"planoWidth":100,"printingmethod":"raw_material","printtype":"00","sheet":"accessories","sheetHeight":1,"sheetWidth":1,"shortestDimension":70,"size":"squeegee","sku":"squeegee-felt-strip","squareMM":7000,"squareMMTotal":7000,"summary_image":"squeegee_plastic_and_vilt","urgency":"standard","width":100,"material.weight":200,"size.width":100,"size.height":70},"includes":{"numberOfSheets":0},"prices":{"salesPrice":2.43,"normalPrice":2.83,"productPrice":2.83,"urgencyPrice":0,"currency":"EUR","exchangeRate":1,"deliveryPromisePremiumPrice":18,"deliveryPromisePrice":12.95,"discountPercentage":14.13427561837456},"supplierId":"4e618ff1-f5a5-409c-85d0-7d50e2cbb2af","variants":[]}