{"options":{"color":"black_ink_pad_stamp","copies":1,"data":"without_date","grammage":2000,"height":22,"longestDimension":58,"material":"2000gr_stamp","planoHeight":22,"planoSquareMM":1276,"planoSquareMMTotal":1276,"planoWidth":58,"printingmethod":"engraving","printtype":10,"sheet":"stamps","sheetHeight":1,"sheetWidth":1,"shortestDimension":22,"size":"58_x_22_mm_colop","sku":"stamps","squareMM":1276,"squareMMTotal":1276,"stamp_types":"colop_printer","urgency":"standard","width":58,"size.width":58,"size.height":22,"material.weight":2000,"color.color":"#1e1e1e"},"includes":{"numberOfSheets":0},"prices":{"salesPrice":17.67,"normalPrice":20.55,"productPrice":20.55,"urgencyPrice":0,"currency":"EUR","exchangeRate":1,"deliveryPromisePremiumPrice":18,"deliveryPromisePrice":12.95,"discountPercentage":14.014598540145986},"supplierId":"07579d67-a7b8-4512-bdf1-9b13c8003f9c","variants":[]}