{"options":{"binding":"stapled","clean_cut":"yes","copies":100,"cover_fold_out":"none","cover_material":"135gr_silk_mc","cover_material_selfcover":true,"finish":"geen","fold_out_finish_cover":"none","grammage":135,"height":297,"longestDimension":297,"material":"135gr_silk_mc","number_of_loop_stitches":"none","packaging_extras":"packaging_handling","pages":12,"planoHeight":297,"planoSquareMM":62370,"planoSquareMMTotal":74844000,"planoWidth":210,"printingmethod":"inkjet","printtype":44,"sample":"none","sheet":"460w_320h_inkjet","sheetHeight":312,"sheetWidth":446,"sheet_size":"not_defined","shortestDimension":210,"size":"a4","sku":"stapled-magazines","special_size":false,"spot_finish":"none","squareMM":62370,"squareMMTotal":74844000,"squarefold":"no","standard_bundle":"yes","urgency":"standard","width":210,"material.thickening":0.75,"material.weight":135,"material.thickness":0.111,"size.width":210,"size.height":297,"cover_material.color":"#ffffff","material.color":"#ffffff"},"includes":{"cross_bundle":"no","standard_bundle":"yes","clean_cut":"yes","delivery":"box_max_weight_25_kg","sheet_size":"not_defined","special_size":false,"numberOfSheets":300},"prices":{"salesPrice":77,"normalPrice":89.54,"productPrice":89.54,"urgencyPrice":0,"currency":"EUR","exchangeRate":1,"deliveryPromisePremiumPrice":18,"deliveryPromisePrice":12.95,"discountPercentage":14.004914004914005},"supplierId":"46eeb300-6d51-4275-ab01-822afbce6b00","variants":[]}