{"options":{"binding":"stapled","binding_edge":"binding_top","clean_cut":"yes","copies":50,"cover_material":"250gr_gesatineerd_mc","cover_material_selfcover":true,"drillholes":"one_drillhole","finish":"geen","grammage":250,"height":210,"longestDimension":297,"material":"250gr_gesatineerd_mc","pages":28,"planoHeight":210,"planoSquareMM":62370,"planoSquareMMTotal":87318000,"planoWidth":297,"printingmethod":"digital","printtype":44,"sample":"none","sheet":"700w_500h_ovimex","sheetHeight":508,"sheetWidth":708,"shortestDimension":210,"size":"a4_landscape","sku":"stapled-wall-calendar","squareMM":62370,"squareMMTotal":87318000,"summary_image":"stapled-wall-calender","urgency":"standard","width":297,"material.weight":250,"cover_material.color":"#ffffff","size.width":297,"size.height":210,"material.color":"#ffffff","material.thickness":0.185},"includes":{"clean_cut":"yes","numberOfSheets":175},"prices":{"salesPrice":128.31,"normalPrice":149.2,"productPrice":149.2,"urgencyPrice":0,"currency":"EUR","exchangeRate":1,"deliveryPromisePremiumPrice":22.38,"deliveryPromisePrice":12.95,"discountPercentage":14.001340482573726},"supplierId":"46eeb300-6d51-4275-ab01-822afbce6b00","variants":[]}