{"options":{"application_side":"outside","copies":1,"custom_shape":"clean_cut_stickers","finish":"no_laminate","grammage":213,"height":1000,"longestDimension":1000,"material":"polymeer_white_gloss_orajet_3551g","number_of_contour_lines":"no_contour_lines","packaging_extras":"packaging_vinyl","planoHeight":1000,"planoSquareMM":1000000,"planoSquareMMTotal":1000000,"planoWidth":1000,"printingmethod":"lfp_latex_160","printtype":40,"sheet":"1480w_50000h","sheetHeight":50000,"sheetWidth":1480,"shortestDimension":1000,"size":"100_x_100_cm","sku":"sticker-vinyl","squareMM":1000000,"squareMMTotal":1000000,"urgency":"standard","width":1000,"material.weight":213,"size.width":1000,"size.height":1000},"includes":{"finish_products":"none","number_of_contour_lines":"no_contour_lines","numberOfSheets":0},"prices":{"salesPrice":18.1,"normalPrice":21.05,"productPrice":21.05,"urgencyPrice":0,"currency":"EUR","exchangeRate":1,"deliveryPromisePremiumPrice":18,"deliveryPromisePrice":12.95,"discountPercentage":14.014251781472684},"supplierId":"4e618ff1-f5a5-409c-85d0-7d50e2cbb2af","variants":[]}