{"options":{"copies":1,"grammage":1000,"height":200,"longestDimension":200,"material":"5mm_elastic_cord","planoHeight":200,"planoSquareMM":10000,"planoSquareMMTotal":10000,"planoWidth":50,"printingmethod":"raw_material","printtype":"00","sheet":"tensioner","sheetHeight":1,"sheetWidth":1,"shortestDimension":50,"size":"stormgrip","sku":"stormfix","squareMM":10000,"squareMMTotal":10000,"tensioner_type":"stormfix","urgency":"standard","width":50,"material.weight":1000,"size.width":50,"size.height":200},"includes":{"numberOfSheets":0},"prices":{"salesPrice":0.94,"normalPrice":1.09,"productPrice":1.09,"urgencyPrice":0,"currency":"EUR","exchangeRate":1,"deliveryPromisePremiumPrice":18,"deliveryPromisePrice":12.95,"discountPercentage":13.761467889908257},"supplierId":"4e618ff1-f5a5-409c-85d0-7d50e2cbb2af","variants":[]}