{"options":{"copies":1,"grammage":1100,"height":10,"longestDimension":10,"material":"plastic","planoHeight":10,"planoSquareMM":100,"planoSquareMMTotal":100,"planoWidth":10,"printingmethod":"raw_material","printtype":"00","sheet":"accessories","sheetHeight":1,"sheetWidth":1,"shortestDimension":10,"size":"onesize","sku":"suction-cup-hooks","specifications-one":"suction-cup-hook-size","squareMM":100,"squareMMTotal":100,"summary_image":"suction-cup-hooks","urgency":"standard","width":10,"material.weight":1100,"size.width":10,"size.height":10},"includes":{"numberOfSheets":0},"prices":{"salesPrice":0.36,"normalPrice":0.42,"productPrice":0.42,"urgencyPrice":0,"currency":"EUR","exchangeRate":1,"deliveryPromisePremiumPrice":18,"deliveryPromisePrice":12.95,"discountPercentage":14.285714285714285},"supplierId":"4e618ff1-f5a5-409c-85d0-7d50e2cbb2af","variants":[]}