{"options":{"accessories_flags":"suction-cup-windowflag-stick","copies":1,"height":1,"longestDimension":1,"material":"accessories","planoHeight":1,"planoSquareMM":1,"planoSquareMMTotal":1,"planoWidth":1,"printingmethod":"raw_material","printtype":"00","sheet":"accessories","sheetHeight":1,"sheetWidth":1,"shortestDimension":1,"size":"accessories","sku":"suction-cup-windowflag-stick","squareMM":1,"squareMMTotal":1,"urgency":"standard","width":1,"accessories_flags.weightpercopy":242,"size.width":1,"size.height":1},"includes":{"numberOfSheets":0},"prices":{"salesPrice":44.35,"normalPrice":51.57,"productPrice":51.57,"urgencyPrice":0,"currency":"EUR","exchangeRate":1,"deliveryPromisePremiumPrice":18,"deliveryPromisePrice":12.95,"discountPercentage":14.00038782237735},"supplierId":"db4a2bd8-2f29-4435-b6b5-2712b2ad80ff","variants":[]}