{"options":{"article_number":"mo7455-03","box_delivery":500,"color":"black","copies":25,"delivery":"shipping_midocean","handling_costs":"handlings_cost_a","height":8,"longestDimension":65,"material":"kunststof","packaging_quantity":"packed_per_250","planoHeight":8,"planoSquareMM":520,"planoSquareMMTotal":13000,"planoWidth":65,"print_position":"sunglasses_left_side","printingmethod":"pad_printing","printtype":10,"sheet":"mob_p2","sheetHeight":1,"sheetWidth":1,"shortestDimension":8,"size":"120_x_46_mm","sku":"sunglasses","squareMM":520,"squareMMTotal":13000,"summary_image":"sunglasses","urgency":"standard","weight":"220_gram","width":65,"color.cmyk":"75-65-60-80","color.color":"#1e1e1e","size.width":65,"size.height":8,"color.rgb":"30-30-30"},"includes":{"delivery":"shipping_midocean","handling_costs":"handlings_cost_a","size":"120_x_46_mm","article_number":"mo7455-03","box_delivery":500,"numberOfSheets":0},"prices":{"salesPrice":93.96,"normalPrice":109.25,"productPrice":109.25,"urgencyPrice":0,"currency":"EUR","exchangeRate":1,"deliveryPromisePremiumPrice":18,"deliveryPromisePrice":12.95,"discountPercentage":13.9954233409611},"supplierId":"bffd90d6-a83d-4a77-be7e-f6cd5ad3fa9a","variants":[]}