{"options":{"accessories":"surface_cleaner_ammoniak","copies":1,"grammage":500,"height":100,"longestDimension":275,"material":"500gr_butoxyethanol","planoHeight":100,"planoSquareMM":27500,"planoSquareMMTotal":27500,"planoWidth":275,"printingmethod":"raw_material","printtype":"00","sheet":"accessories","sheetHeight":1,"sheetWidth":1,"shortestDimension":100,"size":"500_ml","sku":"surface-cleaner","squareMM":27500,"squareMMTotal":27500,"urgency":"standard","width":275,"material.weight":500,"size.width":275,"size.height":100},"includes":{"numberOfSheets":0},"prices":{"salesPrice":7.11,"normalPrice":8.27,"productPrice":8.27,"urgencyPrice":0,"currency":"EUR","exchangeRate":1,"deliveryPromisePremiumPrice":18,"deliveryPromisePrice":12.95,"discountPercentage":14.026602176541717},"supplierId":"4e618ff1-f5a5-409c-85d0-7d50e2cbb2af","variants":[]}