{"options":{"brand_name":"sols_regent_150","brezo_article":"sol.811380","certificate":"oeko-tex_100","color":"textile_black","color_textile":"navy_blue_tshirt_sol_regent","copies":10,"fitting":"regular","grammage":150,"height":1,"longestDimension":1,"material":"150gr_cotton_bc","planoHeight":1,"planoSquareMM":1,"planoSquareMMTotal":10,"planoWidth":1,"printingmethod":"screen_printing","printtype":"variable","quality_level":"budget","sheet":"textiles","sheetHeight":1,"sheetWidth":1,"shortestDimension":1,"size":"t_shirt_nul_price","sku":"t-shirt-budget-2","squareMM":1,"squareMMTotal":10,"textile_sizes":"m","urgency":"standard","width":1,"color_textile.color":"#2d2f3b","size.width":1,"size.height":1,"material.weight":150,"color.color":"#282627"},"includes":{"brezo_article":"sol.811380","numberOfSheets":0},"prices":{"salesPrice":31.32,"normalPrice":36.42,"productPrice":36.42,"urgencyPrice":0,"currency":"EUR","exchangeRate":1,"deliveryPromisePremiumPrice":18,"deliveryPromisePrice":12.95,"discountPercentage":14.00329489291598},"supplierId":"93a5fcf0-b629-4961-90c9-4d4a5c146b2a","variants":[]}