{"options":{"copies":1,"height":1,"lighting":"led_lighting","longestDimension":1,"material":"accessories","planoHeight":1,"planoSquareMM":1,"planoSquareMMTotal":1,"planoWidth":1,"printingmethod":"raw_material","printtype":"00","sheet":"Outdoor","sheetHeight":0,"sheetWidth":0,"shortestDimension":1,"size":"accessories","sku":"tent-lighting","squareMM":1,"squareMMTotal":1,"summary_image":"tent-lighting","urgency":"standard","width":1,"size.width":1,"size.height":1},"includes":{"numberOfSheets":0},"prices":{"salesPrice":136.59,"normalPrice":158.83,"productPrice":158.83,"urgencyPrice":0,"currency":"EUR","exchangeRate":1,"deliveryPromisePremiumPrice":23.82,"deliveryPromisePrice":12.95,"discountPercentage":14.002392495120569},"supplierId":"52162fb5-0f9e-4710-a901-53e247e3eb50","variants":[]}