{"options":{"copies":1,"heating":"led_heating","height":1,"longestDimension":1,"material":"accessories","planoHeight":1,"planoSquareMM":1,"planoSquareMMTotal":1,"planoWidth":1,"printingmethod":"raw_material","printtype":"00","sheet":"Outdoor","sheetHeight":0,"sheetWidth":0,"shortestDimension":1,"size":"accessories","sku":"tent-heaters","squareMM":1,"squareMMTotal":1,"summary_image":"tent-heaters","urgency":"standard","width":1,"size.width":1,"size.height":1},"includes":{"numberOfSheets":0},"prices":{"salesPrice":153.93,"normalPrice":178.99,"productPrice":178.99,"urgencyPrice":0,"currency":"EUR","exchangeRate":1,"deliveryPromisePremiumPrice":26.85,"deliveryPromisePrice":12.95,"discountPercentage":14.000782166601486},"supplierId":"52162fb5-0f9e-4710-a901-53e247e3eb50","variants":[]}