{"options":{"accessories_flags":"tire_base","article_number":"06-0600-1293","copies":1,"grammage":5000,"height":500,"longestDimension":800,"material":"5000gr_stainless_steel","planoHeight":500,"planoSquareMM":400000,"planoSquareMMTotal":400000,"planoWidth":800,"printingmethod":"raw_material","printtype":"00","sheet":"flag accessories","sheetHeight":1,"sheetWidth":1,"shortestDimension":500,"size":"800_x_500_mm","sku":"tire-base","squareMM":400000,"squareMMTotal":400000,"summary_image":"tire_base","urgency":"standard","weight":"3000_grams","width":800,"size.width":800,"size.height":500,"material.weight":5000,"accessories_flags.weightpercopy":3000},"includes":{"numberOfSheets":0},"prices":{"salesPrice":16,"normalPrice":18.6,"productPrice":18.6,"urgencyPrice":0,"currency":"EUR","exchangeRate":1,"deliveryPromisePremiumPrice":18,"deliveryPromisePrice":12.95,"discountPercentage":13.978494623655912},"supplierId":"b61bdb5c-3dd2-4609-818a-b30e1ca3b99a","variants":[]}