{"options":{"article_number":"7800-a4","copies":1,"height":297,"longestDimension":297,"material":"anodized_aluminum","planoHeight":297,"planoSquareMM":62370,"planoSquareMMTotal":62370,"planoWidth":210,"printingmethod":"raw_material","printtype":"00","sheet":"displays","sheetHeight":1,"sheetWidth":1,"shortestDimension":210,"size":"a4","sku":"triple-basic-folder-display","squareMM":62370,"squareMMTotal":62370,"summary_image":"triple-basic-folder-display","urgency":"standard","width":210,"size.width":210,"size.height":297},"includes":{"numberOfSheets":0},"prices":{"salesPrice":54.11,"normalPrice":62.92,"productPrice":62.92,"urgencyPrice":0,"currency":"EUR","exchangeRate":1,"deliveryPromisePremiumPrice":18,"deliveryPromisePrice":12.95,"discountPercentage":14.001907183725365},"supplierId":"88d97aa2-ce35-412a-a144-7ea4d7ca5e49","variants":[]}