{"options":{"article_number":"7300-3a4","copies":1,"height":297,"longestDimension":297,"material":"anodized_aluminum","planoHeight":297,"planoSquareMM":62370,"planoSquareMMTotal":62370,"planoWidth":210,"printingmethod":"raw_material","printtype":"00","sheet":"displays","sheetHeight":1,"sheetWidth":1,"shortestDimension":210,"size":"a4","sku":"triple-deluxe-folder-display","squareMM":62370,"squareMMTotal":62370,"summary_image":"triple-deluxe-folder-display","urgency":"standard","width":210,"size.height":297,"size.width":210},"includes":{"numberOfSheets":0},"prices":{"salesPrice":113.69,"normalPrice":132.2,"productPrice":132.2,"urgencyPrice":0,"currency":"EUR","exchangeRate":1,"deliveryPromisePremiumPrice":19.83,"deliveryPromisePrice":12.95,"discountPercentage":14.001512859304086},"supplierId":"88d97aa2-ce35-412a-a144-7ea4d7ca5e49","variants":[]}