{"options":{"accessories_flags":"umbrella_base","copies":1,"grammage":1000,"height":480,"longestDimension":480,"material":"1000gr_abs_plastic","planoHeight":480,"planoSquareMM":230400,"planoSquareMMTotal":230400,"planoWidth":480,"printingmethod":"raw_material","printtype":"00","sheet":"flag accessories","sheetHeight":1,"sheetWidth":1,"shortestDimension":480,"size":"48_x_48_x_11_cm","sku":"umbrella-base","squareMM":230400,"squareMMTotal":230400,"urgency":"standard","volume":"24_litres","weight":"1600_grams","width":480,"size.width":480,"size.height":480,"material.weight":1000},"includes":{"numberOfSheets":0},"prices":{"salesPrice":25.04,"normalPrice":29.12,"productPrice":29.12,"urgencyPrice":0,"currency":"EUR","exchangeRate":1,"deliveryPromisePremiumPrice":18,"deliveryPromisePrice":12.95,"discountPercentage":14.010989010989011},"supplierId":"4e618ff1-f5a5-409c-85d0-7d50e2cbb2af","variants":[]}