{"options":{"accessories_flags":"wall_mount_straight","copies":1,"grammage":500,"height":1,"longestDimension":1,"material":"500gr_powder_coated_steel","planoHeight":1,"planoSquareMM":1,"planoSquareMMTotal":1,"planoWidth":1,"printingmethod":"raw_material","printtype":"00","sheet":"flag accessories","sheetHeight":1,"sheetWidth":1,"shortestDimension":1,"size":"flag_wall_mount","sku":"wall-mount-beachflags","squareMM":1,"squareMMTotal":1,"urgency":"standard","width":1,"material.weight":500,"size.width":1,"size.height":1},"includes":{"numberOfSheets":0},"prices":{"salesPrice":8.62,"normalPrice":10.02,"productPrice":10.02,"urgencyPrice":0,"currency":"EUR","exchangeRate":1,"deliveryPromisePremiumPrice":18,"deliveryPromisePrice":12.95,"discountPercentage":13.972055888223553},"supplierId":"4e618ff1-f5a5-409c-85d0-7d50e2cbb2af","variants":[]}