{"options":{"accessories_flags":"water_bag_black","article_number":"06-0600-1297","copies":1,"height":1,"longestDimension":1,"material":"nylon","planoHeight":1,"planoSquareMM":1,"planoSquareMMTotal":1,"planoWidth":1,"printingmethod":"raw_material","printtype":"00","sheet":"flag accessories","sheetHeight":1,"sheetWidth":1,"shortestDimension":1,"size":"diameter_50_cm","sku":"water-bag-black","squareMM":1,"squareMMTotal":1,"summary_image":"water_bag_black","urgency":"standard","weight":"250_grams","width":1,"accessories_flags.weightpercopy":250,"size.width":1,"size.height":1},"includes":{"numberOfSheets":0},"prices":{"salesPrice":6.42,"normalPrice":7.47,"productPrice":7.47,"urgencyPrice":0,"currency":"EUR","exchangeRate":1,"deliveryPromisePremiumPrice":18,"deliveryPromisePrice":12.95,"discountPercentage":14.056224899598394},"supplierId":"b61bdb5c-3dd2-4609-818a-b30e1ca3b99a","variants":[]}