{"options":{"article_number":14017.115,"copies":1,"height":1,"kit_type":"basic-kit","longestDimension":1,"material":"accessories","planoHeight":1,"planoSquareMM":1,"planoSquareMMTotal":1,"planoWidth":1,"printingmethod":"raw_material","printtype":"00","sheet":"whiteboard","sheetHeight":1,"sheetWidth":1,"shortestDimension":1,"size":"accessories","sku":"whiteboard-kits","squareMM":1,"squareMMTotal":1,"summary_image":"whiteboard-kit","urgency":"standard","width":1,"size.width":1,"size.height":1},"includes":{"article_number":14017.115,"numberOfSheets":0},"prices":{"salesPrice":19.93,"normalPrice":23.17,"productPrice":23.17,"urgencyPrice":0,"currency":"EUR","exchangeRate":1,"deliveryPromisePremiumPrice":18,"deliveryPromisePrice":12.95,"discountPercentage":13.983599482088907},"supplierId":"63bfb992-a80f-4706-95ba-ff2960bbef18","variants":[]}