{"options":{"binding":"wireo","binding_edge":"binding_top","calendar_finish":"self_locking_base_wire_o","clean_cut":"yes","copies":50,"cover_material":"250gr_gesatineerd_mc","cover_material_selfcover":true,"grammage":250,"height":148,"inside_paper_finish":"none","longestDimension":210,"material":"250gr_gesatineerd_mc","pages":26,"planoHeight":148,"planoSquareMM":31080,"planoSquareMMTotal":40404000,"planoWidth":210,"printingmethod":"digital","printtype":44,"sample":"none","sheet":"700w_500h_ovimex","sheetHeight":508,"sheetWidth":708,"shortestDimension":148,"size":"a5_landscape","sku":"wire-o-desk-calendars","squareMM":31080,"squareMMTotal":40404000,"summary_image":"wire-o-bureau-calendar","urgency":"standard","variable_creasing_line":"creasing_wire-o_desk_calender","width":210,"wire-o_color":"silver","cover_material.color":"#ffffff","material.color":"#ffffff","material.thickness":0.185,"material.weight":250,"wire-o_color.color":"#c7c7be","size.width":210,"size.height":148},"includes":{"numberOfSheets":72.22222222222221},"prices":{"salesPrice":94.2,"normalPrice":109.54,"productPrice":109.54,"urgencyPrice":0,"currency":"EUR","exchangeRate":1,"deliveryPromisePremiumPrice":18,"deliveryPromisePrice":12.95,"discountPercentage":14.004016797516888},"supplierId":"a19124cf-a4c3-4677-b5fb-01dce213911f","variants":[]}