{"options":{"binding":"calendar_hanger","binding_edge":"binding_top","clean_cut":"yes","copies":50,"cover_last_sheet":"no","cover_material":"250gr_gesatineerd_mc","cover_material_selfcover":true,"finish":"geen","grammage":250,"height":297,"longestDimension":297,"material":"250gr_gesatineerd_mc","pages":26,"planoHeight":297,"planoSquareMM":62370,"planoSquareMMTotal":81081000,"planoWidth":210,"printingmethod":"digital","printtype":44,"sample":"none","sheet":"700w_500h_ovimex","sheetHeight":508,"sheetWidth":708,"shortestDimension":210,"size":"a4","sku":"wire-o-wall-calendar","squareMM":62370,"squareMMTotal":81081000,"summary_image":"wire-o-wall-calender","urgency":"standard","width":210,"wire-o_color":"silver","wire-o_cover":"none","material.thickness":0.185,"material.weight":250,"wire-o_color.color":"#c7c7be","cover_material.color":"#ffffff","size.width":210,"size.height":297,"material.color":"#ffffff"},"includes":{"clean_cut":"yes","numberOfSheets":162.5},"prices":{"salesPrice":129.5,"normalPrice":150.58,"productPrice":150.58,"urgencyPrice":0,"currency":"EUR","exchangeRate":1,"deliveryPromisePremiumPrice":22.59,"deliveryPromisePrice":12.95,"discountPercentage":13.999203081418516},"supplierId":"46eeb300-6d51-4275-ab01-822afbce6b00","variants":[]}